id,month,seendate,title,domain,sourcecountry,relevant,sentiment,theme
1,2022-01,20220109T024500Z,10 Dividend Stocks in Adage Capital Portfolio,insidermonkey.com,United States,no,neutral,other
2,2022-01,20220109T030000Z,"  Akwa Ibom , the fast - rising Silicon Valley of Africa  ",vanguardngr.com,Nigeria,no,neutral,other
3,2022-01,20220109T094500Z,Racial / Ethnic Disparities in Length of Life after Dementia Diagnosis : an 18 - Year Follow - up Study of Medicare Beneficiaries,thelancet.com,United Kingdom,no,neutral,other
4,2022-01,20220109T111500Z,Netherlands Fumigants Market – Industrial IT,industrialit.com.au,Australia,no,neutral,other
5,2022-01,20220109T121500Z,3 Dividend Stocks to Buy Hand Over Fist,fool.com,United States,no,neutral,other
6,2022-01,20220109T230000Z,Experts say investment will spur growth | Hellenic Shipping News Worldwide,hellenicshippingnews.com,China,no,neutral,other
7,2022-01,20220110T013000Z,Declaration of the Launch of the SK ICT Alliance ... The Advent of Semiconductor and 5G and AI Convergence Era ( 기업 )- NSP통신,nspna.com,South Korea,no,neutral,other
8,2022-01,20220110T051500Z,Dave Vellante Breaking Analysis : The complete collection,siliconangle.com,United States,no,neutral,other
9,2022-01,20220110T051500Z,Analyst predictions 2022 : The future of data management,siliconangle.com,United States,no,neutral,other
10,2022-01,20220110T070000Z,"Census Recounts Fail to Account for COVID Chaos , Cities Say",governing.com,United States,no,neutral,other
11,2022-01,20220110T071500Z,Telia to build data centre in Lithuania - Developing Telecoms,developingtelecoms.com,India,yes,positive,investment_buildout
12,2022-01,20220110T071500Z,7 Industry Updates You Need to Know This Week [ 60 - second Read ] ,thomasnet.com,United States,no,neutral,other
13,2022-01,20220110T073000Z,"2022 outlook : Experts optimistic , predict 2 . 9 % real estate growth",guardian.ng,Nigeria,no,neutral,other
14,2022-01,20220110T073000Z,IC Insights projects $680bn in 2022 semiconductor sales,theregister.com,,no,neutral,other
15,2022-01,20220110T074500Z,"DigiPlex Reinforces Customer Assurance with Successful Audits of ISO , SOC1 and IASE Certifications at All Eight Data Centers",itnewsonline.com,United States,yes,positive,tech_operations
16,2022-01,20220110T074500Z,Sify,sify.com,India,no,neutral,other
17,2022-01,20220110T080000Z,"Future Facilities launches 16th release of its leading CFD and digital twin software , 6SigmaDCX",datacenterdynamics.com,United States,yes,positive,tech_operations
18,2022-01,20220110T083000Z,Demand Response opportunities in data centers – what holding us back ? ,datacenterdynamics.com,United States,yes,neutral,energy_grid
19,2022-01,20220110T083000Z,"Novel Drug Reconstitution Systems Market , 2021 - 2030",openpr.com,United States,no,neutral,other
20,2022-01,20220110T083000Z,Best new features in Windows Server 2022,reseller.co.nz,New Zealand,no,neutral,other
21,2022-01,20220110T091500Z,The top storage trends for 2022,it-online.co.za,South Africa,no,neutral,other
22,2022-01,20220110T093000Z,Tesla could rattle 2021 luxury auto sales race,autonews.com,United States,no,neutral,other
23,2022-01,20220110T093000Z,"Colt Data Centre Services set for major growth spur , securing ten new sites across Europe & APAC",prnewswire.com,United States,yes,positive,investment_buildout
24,2022-01,20220110T093000Z,HIVE Blockchain Presents December 2021 Production and Calendar Year 2021 Figures,streetinsider.com,United States,no,neutral,other
25,2022-01,20220110T094500Z,"Qatar - Vodafone , Microsoft boost strategic partnership",menafn.com,Qatar,no,neutral,other
26,2022-01,20220110T114500Z,Korean REITs total assets surpass $58 bn in 2021,english.hankyung.com,South Korea,no,neutral,other
27,2022-01,20220110T120000Z,"CloudHQ plotting 4 million sq ft campus in Ashburn , Virginia",datacenterdynamics.com,United States,yes,positive,investment_buildout
28,2022-01,20220110T120000Z,"What are the Top Storage Trends for 2022 ? - IT News Africa - Up to date technology news , IT news , Digital news , Telecom news , Mobile news , Gadgets news , Analysis and Reports",itnewsafrica.com,South Africa,no,neutral,other
29,2022-01,20220110T121500Z,The Bitcoin Challenge : How to Tame Digital Predators - JusticeNewsFlash . com,justicenewsflash.com,United States,no,neutral,other
30,2022-01,20220110T123000Z,"The Best Stocks to Invest $10 , 000 In Right Now",fool.com,United States,no,neutral,other
31,2022-01,20220110T131500Z,"Uptick in scams , data breaches , crypto and NFT attacks seen in SEA this 2022",newsbytes.ph,Philippines,no,neutral,other
32,2022-01,20220110T134500Z,"Insurtech Market Report 2021 - 2026 : Industry Trends , Share , Size , Growth and Forecast",bignewsnetwork.com,United States,no,neutral,other
33,2022-01,20220110T153000Z,Telecom Service Assurance Market Worth $10 . 4 Billion by 2026,sbwire.com,United States,no,neutral,other
34,2022-01,20220110T153000Z,Logicalis takes the digital workplace  beyond productivity  with the launch of its collaboration suite,prnewswire.com,United States,no,neutral,other
35,2022-01,20220110T161500Z,"Bloom Energy Names Rick Beuttel as Vice President , Hydrogen Business",bakersfield.com,United States,no,neutral,other
36,2022-01,20220110T161500Z,Netflix Appeals Ruling From Judge Gilstrap That Content Servers Establish Venue - Intellectual Property,mondaq.com,United States,no,neutral,other
37,2022-01,20220110T163000Z,See where Illinois ranks among best states for raising a family,thetelegraph.com,United States,no,neutral,other
38,2022-01,20220110T164500Z,10 Small - Cap Stocks to Buy According to Billionaire Steve Cohen,insidermonkey.com,United States,no,neutral,other
39,2022-01,20220110T164500Z,5 Best EV Battery Stocks To Invest In - Insider Monkey,insidermonkey.com,United States,no,neutral,other
40,2022-01,20220110T170000Z,The Eight Trends That Will Shape the Data Center Industry in 2022,datacenterfrontier.com,United States,yes,neutral,investment_buildout
41,2022-01,20220110T170000Z,NOS Information Management Office : NOS Fiscal Year 2021 Year in Review,oceanservice.noaa.gov,United States,no,neutral,other
42,2022-01,20220110T171500Z,Equinix signs 30MW+ wind PPA in Finland,datacenterdynamics.com,United States,yes,positive,energy_grid
43,2022-01,20220110T171500Z,  Overseas expansion is certainly an option  ,hortidaily.com,United States,no,neutral,other
44,2022-01,20220110T181500Z,"Chubb Appoints Julie Dillman , Executive Vice President , Chubb Group and Digital Transformation Officer ; Thomas Kropp Named Senior Vice President , Chubb Group and Global Head of Operations and Technology",finance.yahoo.com,United States,no,neutral,other
45,2022-01,20220110T183000Z,Netherlands Screw Compressors Market – Industrial IT,industrialit.com.au,Australia,no,neutral,other
46,2022-01,20220110T190000Z,Kentucky Coal Mine Converted to Giant Energy Storage Project,cleantechnica.com,United States,no,neutral,other
47,2022-01,20220110T191500Z,"AXT , Inc . Announces Formal Application for Subsidiary IPO",marketscreener.com,,no,neutral,other
48,2022-01,20220110T201500Z,NTT Ltd . Names Miriam Murphy as European CEO,totaltele.com,United Kingdom,no,neutral,other
49,2022-01,20220110T214500Z,Ken Burns pens letter opposing western Prince William data centers on  hallowed ground  | Headlines,insidenova.com,United States,yes,negative,community_opposition
50,2022-01,20220110T233000Z,Intel Names Michelle Johnston Holthaus As PC Unit New Leader,crn.com,United States,no,neutral,other
51,2022-01,20220111T001500Z,Kaseya Looks Back on 2021 as Transformative Year with More IT Complete Enhancements Than Ever Before,prweb.com,United States,no,neutral,other
52,2022-01,20220123T000000Z,No way out : How the poor get stranded in California nursing homes,capradio.org,United States,no,neutral,other
53,2022-01,20220123T003000Z,"Lead Plaintiff Deadline Approaching : Kessler Topaz Meltzer & Check , LLP Announces Deadline in Securities Fraud Class Action Lawsuit Filed Against Marathon Digital Holdings , Inc . ",forextv.com,United States,no,neutral,other
54,2022-01,20220123T064500Z,"West Virginia High Tech Foundation looks to further expand I - 79 Tech Park , commercial climate and weather industry ( copy ) ",wvnews.com,United States,no,neutral,other
55,2022-01,20220123T094500Z,Intel to build $20B Ohio chip facility amid global shortage - New Delhi Times - India Only International Newspaper,newdelhitimes.com,United States,no,neutral,other
56,2022-01,20220123T100000Z,MIS inks $23m worth of contracts for cloud hosting and data center services,arabnews.com,Saudi Arabia,yes,positive,investment_buildout
57,2022-01,20220123T121500Z,Intel to build $20B Ohio chip facility amid global shortage,sunstar.com.ph,Philippines,no,neutral,other
58,2022-01,20220123T131500Z,Cloudflare Stock : Bear vs . Bull | The Motley Fool,fool.com,United States,no,neutral,other
59,2022-01,20220123T131500Z,"Want 162 % to 227 % Gains ? 3 Growth Stocks to Buy in 2022 , According to Wall Street",fool.com,United States,no,neutral,other
60,2022-01,20220123T134500Z,California technology company sets Chardon operation | Crain Cleveland Business,crainscleveland.com,United States,no,neutral,other
61,2022-01,20220123T144500Z,Schneider Electric eyes Industry 4 . 0 transformation with Aveva deal,digitaljournal.com,United States,no,neutral,other
62,2022-01,20220123T150000Z,TASI snaps 10 - day rally ; weak earnings weigh on sentiment : Closing bell,arabnews.com,Saudi Arabia,no,neutral,other
63,2022-01,20220123T154500Z,Why American Tower Price Tag Doesnt Worry Me,fool.com,United States,no,neutral,other
64,2022-01,20220123T161500Z,Should an ethics committee first determine who can use power for what ? ,innovationorigins.com,,no,neutral,other
65,2022-01,20220123T164500Z,"After 2021 REIT Rally , Investors Need to Be Picky",marketwatch.com,United States,no,neutral,other
66,2022-01,20220123T220000Z,"Omicron Cases Are Headed in  Right Direction , Fauci says",marketwatch.com,United States,no,neutral,other
67,2022-01,20220123T223000Z,Cramer promoted to president at Loeffler in Lakeville,hometownsource.com,United States,no,neutral,other
68,2022-01,20220124T033000Z,"What Is Golem ( GLM )? Features , Tokenomics , and Price Prediction",boxden.com,United States,no,neutral,other
69,2022-01,20220124T053000Z,Indian digital infra needs investment of up to $23 bn by 2025 : Report,business-standard.com,India,yes,neutral,investment_buildout
70,2022-01,20220124T053000Z,"Arizona Senate , Which Hired Cyber Ninjas , Now Desperately Seeking Its Election Records",huffpost.com,,no,neutral,other
71,2022-01,20220124T061500Z,"Etix rolls out a new data center campus in Bangkok , Thailand",developingtelecoms.com,India,yes,positive,investment_buildout
72,2022-01,20220124T061500Z,Digital Infra needs investment of up to $23 bn by 2025 ; to support rising online traffic demand : Report,freepressjournal.in,India,yes,neutral,investment_buildout
73,2022-01,20220124T070000Z,Intel to build $20B Ohio chip factory amid global shortage,sharonherald.com,United States,no,neutral,other
74,2022-01,20220124T081500Z,"Cisco India looks to acquire capabilities in cybersecurity , 5G , app development",thehindubusinessline.com,India,no,neutral,other
75,2022-01,20220124T083000Z,S . Korea to Invest 107 bln Won in Gwangju AI Complex Project This Year,koreabizwire.com,South Korea,yes,positive,investment_buildout
76,2022-01,20220124T083000Z,How can data centers engage with utilities in 2022 and beyond ? ,datacenterdynamics.com,United States,yes,neutral,energy_grid
77,2022-01,20220124T101500Z,Digital infra sector needs investment of up to $23 bn by 2025 : EY report,businesstoday.in,India,yes,neutral,investment_buildout
78,2022-01,20220124T101500Z,"Q & A : Google Cloud says sustainability efforts have gained momentum , made a difference outside the data centre - Techgoondu",techgoondu.com,Singapore,yes,positive,environment_water
79,2022-01,20220124T103000Z,"IT News Online - Hong Kong Rejoins Global Top Ten Data Center Markets , Ranked Second in Asia Pacific",itnewsonline.com,United States,yes,positive,investment_buildout
80,2022-01,20220124T104500Z,"DCI to build second data center in Auckland , New Zealand",datacenterdynamics.com,United States,yes,positive,investment_buildout
81,2022-01,20220124T111500Z,The Worldwide Enhanced Geothermal Systems Industry is Expect ... ,menafn.com,Qatar,no,neutral,other
82,2022-01,20220124T113000Z,Dell expands Apex cloud and on - prem storage options,networkworld.com,United States,no,neutral,other
83,2022-01,20220124T113000Z,Intel to hang onto Hudson land after demolition,wbjournal.com,United States,no,neutral,other
84,2022-01,20220124T120000Z,Digital Infrastructure Needs Investment Up To $23 Billion By 2025 : Report,ndtv.com,India,yes,neutral,investment_buildout
85,2022-01,20220124T124500Z,Tomorrow Water and Arcadis to partner on data center and wastewater treatment plant sustainability,prnewswire.com,United States,yes,positive,environment_water
86,2022-01,20220124T130000Z,Achmea Investment Management B . V . Raises Holdings in Western Digital Co . ( NASDAQ : WDC ) ,etfdailynews.com,United States,no,neutral,other
87,2022-01,20220124T134500Z,"West Virginia High Tech Foundation looks to further expand I - 79 Tech Park , commercial climate and weather industry",wvnews.com,United States,no,neutral,other
88,2022-01,20220124T141500Z,Liberty Latin America and Vecima Deploy Distributed Access Architecture ( DAA ) to Deliver Enhanced Broadband Services to Customers,galvnews.com,United States,no,neutral,other
89,2022-01,20220124T141500Z,Netlist Expands NVMe ( TM ) SSD Product Line,saltlakecitysun.com,United States,no,neutral,other
90,2022-01,20220124T143000Z,Nuclear energy could come to Indiana under new bill,southbendtribune.com,United States,no,neutral,other
91,2022-01,20220124T151500Z,Apex Great Pathfinder Wind Project Expands Meta Economic Investment in Iowa,businesswire.com,United States,yes,positive,energy_grid
92,2022-01,20220124T151500Z,A bill would pave the way for nuclear power in Indiana -- at a cost to consumers,mdjonline.com,United States,no,neutral,other
93,2022-01,20220124T153000Z,IT News Online - Netlist Expands NVMe ( TM ) SSD Product Line,itnewsonline.com,United States,no,neutral,other
94,2022-01,20220124T154500Z,Gateway to Growth : How the European Green Deal Can Strengthen Africa and Europe Economies,eubulletin.com,Russia,no,neutral,other
95,2022-01,20220124T161500Z,Munters acquires Irish cooling equipment manufacturer EDPAC,datacenterdynamics.com,United States,yes,positive,tech_operations
96,2022-01,20220124T171500Z,IT Market To Hit $4 . 5 Trillion In 2022 As Services Surge : Gartner,crn.com,United States,no,neutral,other
97,2022-01,20220124T171500Z,"Nokia , SK Telecom collaborate on virtualized RAN",rcrwireless.com,United States,no,neutral,other
98,2022-01,20220124T173000Z,Booyah Advertising Named to Ad Age Best Places to Work,globenewswire.com,United States,no,neutral,other
99,2022-01,20220124T174500Z,"Satoshi Energy Raises $2M to Power Bitcoin - Bitcoin Magazine : Bitcoin News , Articles , Charts , and Guides",bitcoinmagazine.com,United States,no,neutral,other
100,2022-01,20220124T181500Z,"Ceremorphic Exits Stealth , Unveils Technology Plans to Deliver New HPC Architecture",hpcwire.com,United States,no,neutral,other
101,2022-01,20220124T181500Z,Digital Realty acquisition of Teracoll boost African GDP,vanguardngr.com,Nigeria,yes,positive,jobs_economy
102,2022-01,20220124T200000Z,Altoona Facebook data center to use Great Pathfinder wind farm energy,desmoinesregister.com,United States,yes,positive,energy_grid
103,2022-01,20220124T200000Z,The Worldwide Enhanced Geothermal Systems Industry is,globenewswire.com,United States,no,neutral,other
104,2022-01,20220124T213000Z,Aktion Associates Appoints Two Vice Presidents,markets.businessinsider.com,United States,no,neutral,other
105,2022-01,20220124T214500Z,10 Best Dividend Contenders to Buy for 2022,insidermonkey.com,United States,no,neutral,other
106,2022-01,20220124T221500Z,Facebook Parent Meta Taps Nvidia GPUs For  Fastest AI Supercomputer  ,crn.com,United States,yes,positive,tech_operations
107,2022-01,20220124T223000Z,I Unplugged What ? ,cacm.acm.org,United States,no,neutral,other
108,2022-01,20220124T234500Z,Digital Realty Announces Tax Treatment of 2021 Dividends,prnewswire.com,United States,no,neutral,other
109,2022-01,20220130T090000Z,Upgrading the internet in CPS schools means investing tens of millions and tearing up streets across Chicago,yahoo.com,United States,no,neutral,other
110,2022-01,20220130T164500Z,Why Cloud Access Security Is Vital To A Sound Cyber Defense Strategy,varinsights.com,,no,neutral,other
111,2022-01,20220130T170000Z,"Nvidia $40 Billion Arm Acquisition Is Now  Highly Unlikely  to Go Through , Analyst Says – NECN",necn.com,United States,no,neutral,other
112,2022-01,20220130T191500Z,Philippines office demand seen to pick up this year,philstar.com,Philippines,no,neutral,other
113,2022-01,20220130T210000Z,"Cryptocurrency firm touts jobs in the Falls , but critics worry about energy use",buffalonews.com,United States,no,neutral,other
114,2022-01,20220130T231500Z,KLDiscovery Introduces Nebula Singularity™ Global Subscription Service,marketscreener.com,,no,neutral,other
115,2022-01,20220131T011500Z,"Europe Bioceramic Materials Market Report Analysis Key Trends , Application areas and Forcast By 2028 – Energy Siren",energysiren.co.ke,,no,neutral,other
116,2022-01,20220131T014500Z,Media Alert : BrainChip Podcast Returns with CEO Sean Hehir – Consumer Electronics Net,consumerelectronicsnet.com,United States,no,neutral,other
117,2022-01,20220131T020000Z,"MARA CLASS ACTION ALERT : Kessler Topaz Meltzer & Check , LLP Reminds Marathon Digital Holdings , Inc . Shareholders of Securities Fraud Class Action Lawsuit",forextv.com,United States,no,neutral,other
118,2022-01,20220131T041500Z,fran rosch - All news and posts by Crowdfund Insider,crowdfundinsider.com,United Kingdom,no,neutral,other
119,2022-01,20220131T053000Z,Where did it all go wrong for chipmaker Intel ? ,menafn.com,Qatar,no,neutral,other
120,2022-01,20220131T060000Z,Aehr Test Systems : Post - Q2 Selloff New Buying Opportunity ( NASDAQ : AEHR ) ,seekingalpha.com,United States,no,neutral,other
121,2022-01,20220131T070000Z,China Real Challenge Is Not Military | The National Interest,nationalinterest.org,United States,no,neutral,other
122,2022-01,20220131T073000Z,Acronis launches first cloud data centre in South Africa,msn.com,United States,yes,positive,investment_buildout
123,2022-01,20220131T080000Z,IT News Online - CITIC Telecom CPC Appointment of New Chief Executive Officer,itnewsonline.com,United States,no,neutral,other
124,2022-01,20220131T093000Z,Worldwide Fiber Optic Testing Industry to 2027,globenewswire.com,United States,no,neutral,other
125,2022-01,20220131T104500Z,Strategies to Reduce Embodied Carbon in the Built Environment,archdaily.com,United States,no,neutral,other
126,2022-01,20220131T110000Z,Vident Investment Advisory LLC Has $1 . 22 Million Stock Position in Corporate Office Properties Trust ( NYSE : OFC ) ,etfdailynews.com,United States,no,neutral,other
127,2022-01,20220131T111500Z,Equinix to close MA2 data center in Manchester,datacenterdynamics.com,United States,yes,neutral,investment_buildout
128,2022-01,20220131T120000Z,Is Crytpo Still Alive In Kazakhstan ? - Technology,mondaq.com,United States,no,neutral,other
129,2022-01,20220131T140000Z,U . S . and the World - Why Im Not Going to the Beijing Winter Olympics - AllGov,allgov.com,United States,no,neutral,other
130,2022-01,20220131T141500Z,Wasatch Advisors Inc . Grows Stock Position in GDS Holdings Limited ( NASDAQ : GDS ) ,etfdailynews.com,United States,no,neutral,other
131,2022-01,20220131T141500Z,Spotify will Warn of Fake News about Covid - Novinite . com,novinite.com,Bulgaria,no,neutral,other
132,2022-01,20220131T154500Z,China Approves the AMD and Xilinx Merger -- What Investors Need to Know,fool.com,United States,no,neutral,other
133,2022-01,20220131T163000Z,GRC Deploys Liquid Immersion Cooling to TACC Lonestar Supercomputer,hpcwire.com,United States,yes,positive,tech_operations
134,2022-01,20220131T164500Z,Managing Cloud : Why to Keep a Data Center Mentality,informationweek.com,United States,yes,neutral,tech_operations
135,2022-01,20220131T170000Z,"Eight Must Reads for the CRE Industry Today ( Jan . 31 , 2022 ) ",wealthmanagement.com,United States,no,neutral,other
136,2022-01,20220131T171500Z,A look at the team running the united kingdom most powerful supercomputer,datacenterdynamics.com,United States,yes,positive,tech_operations
137,2022-01,20220131T171500Z,Broad coalition launches campaign to save the Great Salt Lake from profit - driven decline – Liberation News,liberationnews.org,United States,no,neutral,other
138,2022-01,20220131T173000Z,Airtel Acquires 25 % Stake In Bengaluru Based Lavelle Networks,inc42.com,India,no,neutral,other
139,2022-01,20220131T173000Z,Be Selective With Semiconductor Stocks,etftrends.com,China,no,neutral,other
140,2022-01,20220131T174500Z,Outdated IoT healthcare devices pose major security threats,csoonline.com,United States,no,neutral,other
141,2022-01,20220131T180000Z,Atlas Power Data Center plans to be world largest | Business,sidneyherald.com,United States,yes,positive,investment_buildout
142,2022-01,20220131T193000Z,Top Bitcoin Miners Pressed by U . S . Lawmakers to Detail Climate Impact,datacenterknowledge.com,United States,yes,negative,energy_grid
143,2022-01,20220131T193000Z,Ohio tax incentives approved for 4 companies that will create 327 jobs,dispatch.com,United States,no,neutral,other
144,2022-01,20220131T193000Z,Ambient Scientific Announces GPX - 10 Revolutionizing AI in Endpoint and Edge Devices,eejournal.com,United States,no,neutral,other
145,2022-01,20220131T193000Z,Ambient Scientific announces ultra - low power core technology for AI at the Edge,eejournal.com,United States,no,neutral,other
146,2022-01,20220131T203000Z,One of world largest data centers to locate in Williston,devilslakejournal.com,United States,yes,positive,investment_buildout
147,2022-01,20220131T203000Z,"As bomb threats against HBCUs mount , Rep . Adams urges action",thecharlottepost.com,United States,no,neutral,other
148,2022-01,20220131T210000Z,Telia Helsinki Data Center balances local electric grid,rcrwireless.com,United States,yes,positive,energy_grid
149,2022-01,20220131T213000Z,Key Criteria for Evaluating Mobile Edge Solutions,gigaom.com,United States,no,neutral,other
150,2022-01,20220131T233000Z,Clear Rate Communications Announces New Executive Leadership for the Next Phase of Growth,pr.com,United States,no,neutral,other
151,2022-02,20220214T003000Z,Surveillance Too Cheap to Meter,queue.acm.org,United States,no,neutral,other
152,2022-02,20220214T014500Z,"Google , Amazon and Netflix Are Fighting Over Falling Helium Supplies",oilprice.com,United States,no,neutral,other
153,2022-02,20220214T024500Z,Which VPN Providers Really Take Privacy Seriously in 2020 ? * TorrentFreak,torrentfreak.com,United States,no,neutral,other
154,2022-02,20220214T030000Z,"MARATHON DEADLINE ALERT : Bragar Eagel & Squire , P . C . Reminds Investors That a Class Action Lawsuit Has Been Filed Against Marathon Digital Holdings , I",us.acrofan.com,South Korea,no,neutral,other
155,2022-02,20220214T041500Z,China Telecom and Huawei Jointly Complete the Verification of a 200G+ Ultra Large - Capacity and Long - haul Transmission System,prnewswire.com,United States,no,neutral,other
156,2022-02,20220214T091500Z,Just 3 % of white collar workers want a full return to the office,news24.com,South Africa,no,neutral,other
157,2022-02,20220214T093000Z,OCC Advances Technology Overhaul - Traders Magazine,tradersmagazine.com,United States,no,neutral,other
158,2022-02,20220214T094500Z,How China cybersecurity laws could backfire,japantimes.co.jp,Japan,no,neutral,other
159,2022-02,20220214T111500Z,UPS Market revenue to cross USD 15 Bn by 2028 : Global Market ... ,menafn.com,Qatar,no,neutral,other
160,2022-02,20220214T111500Z,"SmartNIC Revenue Reached $1 . 5 Billion in 2021 , Reports Crehan Research",prnewswire.com,United States,no,neutral,other
161,2022-02,20220214T114500Z,Bright Data review,techradar.com,United Kingdom,no,neutral,other
162,2022-02,20220214T121500Z,"Balyasny Asset Management LLC Grows Stock Holdings in 21Vianet Group , Inc . ( NASDAQ : VNET ) ",etfdailynews.com,United States,no,neutral,other
163,2022-02,20220214T123000Z,Semiconductor market correction could come in 2024,theregister.com,,no,neutral,other
164,2022-02,20220214T131500Z,Inflation May Raise Corporate America Profits : 5 Top Picks,msn.com,United States,no,neutral,other
165,2022-02,20220214T133000Z,Poll : Would you like to see more data centers in Fauquier ? ,fauquiernow.com,United States,yes,neutral,community_opposition
166,2022-02,20220214T133000Z,Tech Giants Are Fighting Over Falling Helium Supplies,prnewswire.co.uk,United Kingdom,no,neutral,other
167,2022-02,20220214T140000Z,Lumentum Announces Upcoming Investor Events,prnewswire.com,United States,no,neutral,other
168,2022-02,20220214T140000Z,Best secure email providers of 2022,techradar.com,United Kingdom,no,neutral,other
169,2022-02,20220214T141500Z,How To Play The Coming Helium Boom,blacklistednews.com,United States,no,neutral,other
170,2022-02,20220214T141500Z,Software - Defined Anything Market - Forecast 2021,briefingwire.com,United States,no,neutral,other
171,2022-02,20220214T141500Z,"EU announces €150 billion African investment package , will fund data center and cable projects",datacenterdynamics.com,United States,yes,positive,investment_buildout
172,2022-02,20220214T141500Z,India Bans 54 More Chinese Apps,entrepreneur.com,United States,no,neutral,other
173,2022-02,20220214T141500Z,"Final Deadline Reminder : Kessler Topaz Meltzer & Check , LLP",globenewswire.com,United States,no,neutral,other
174,2022-02,20220214T151500Z,"Windstream Wholesale to Connect to AUBix Data Center in Auburn , Alabama",apnews.com,United States,yes,neutral,tech_operations
175,2022-02,20220214T151500Z,"Google , Amazon and Netflix Are Fighting Over Falling Helium ... ",menafn.com,Qatar,no,neutral,other
176,2022-02,20220214T151500Z,Analysis : Need for broadband improvement in Rural Pa . ,bradfordera.com,United States,no,neutral,other
177,2022-02,20220214T153000Z,Syntax Recognized on CRN 2022 Managed Service Provider 500 List in the Elite 150 Category for the Second Straight Year,prweb.com,United States,no,neutral,other
178,2022-02,20220214T161500Z,It Day One For The Combined AMD And Xilinx And CEO Lisa Su Is Energized,forbes.com,United States,no,neutral,other
179,2022-02,20220214T163000Z,"New research project highlights Iowa Latino communities . About Latinos , by Latinos",iowapublicradio.org,United States,no,neutral,other
180,2022-02,20220214T173000Z,AMD Stock Rises As Chipmaker Completes Xilinx Acquisition | Investor Business Daily,investors.com,United States,no,neutral,other
181,2022-02,20220214T174500Z,AMD completes record ~$50 billion acquisition of Xilinx,datacenterknowledge.com,United States,no,neutral,other
182,2022-02,20220214T183000Z,Capgemini delivers a record performance in 2021,menafn.com,Qatar,no,neutral,other
183,2022-02,20220214T184500Z,WindAction | Why there little talk about land - based wind farms in rural NC,old.windaction.org,United States,no,neutral,other
184,2022-02,20220214T184500Z,Just 3 % of skilled workers want a full office return – and will quit if forced to,businesstech.co.za,South Africa,no,neutral,other
185,2022-02,20220214T184500Z,How Will Photonics Help Digitally Shrink Our World ? ,azooptics.com,United States,no,neutral,other
186,2022-02,20220214T194500Z,8 Tech Stock Winners & Losers From Q4,markets.businessinsider.com,United States,no,neutral,other
187,2022-02,20220214T194500Z,"Magewell Executive Predictions : 5G , the Cloud , and GPU - Powered AI",streamingmedia.com,United States,no,neutral,other
188,2022-02,20220214T201500Z,Partners Group closes its third direct infrastructure progra ... ,menafn.com,Qatar,no,neutral,other
189,2022-02,20220214T204500Z,Why Secure SD - WAN Should Be Delivered from the Cloud,cio.com,United States,no,neutral,other
190,2022-02,20220214T204500Z,"HIVE Blockchain Technologies Ltd .: HIVE Blockchain Announces Webcast Details for Q3 F2022 Results on Tuesday , February 15 , 2022",finanznachrichten.de,Germany,no,neutral,other
191,2022-02,20220214T213000Z,"AMD Completes $49B Xilinx Acquisition , Largest Chip Deal In History",crn.com,United States,no,neutral,other
192,2022-02,20220214T214500Z,ePlus Recognized on CRN 2022 Managed Service Provider 500 List in Elite 150 Category,prnewswire.com,United States,no,neutral,other
193,2022-02,20220214T220000Z,IBM To Offer z / OS App Development and Testing in Its Public Cloud,datacenterknowledge.com,United States,no,neutral,other
194,2022-02,20220214T220000Z,"AMD acquisition of Xilinx goes through , bolstering the Intel rival",windowscentral.com,United States,no,neutral,other
195,2022-02,20220214T223000Z,"Arista Networks , Inc . Reports Fourth Quarter and Year End 2021 Financial Results – Consumer Electronics Net",consumerelectronicsnet.com,United States,no,neutral,other
196,2022-02,20220214T223000Z,St . Pete PD uses robot featured in Sam Adams Super Bowl commercial,fox13news.com,United States,no,neutral,other
197,2022-02,20220214T224500Z,Intel chips in amid crypto race,thestandard.com.hk,Hong Kong,no,neutral,other
198,2022-02,20220214T233000Z,iTWire - Entrust expands cloud security services in Australia and across APAC with nShield as a service,itwire.com,Australia,no,neutral,other
199,2022-02,20220215T001500Z,2 Tech Stocks Seeing Big Rises After Hours Monday,fool.com,United States,no,neutral,other
200,2022-02,20220221T034500Z,What Data and Green Optical Networks to Digital Economy Is What Water Resource and Roads to Cities,prnewswire.com,United States,no,neutral,other
201,2022-02,20220221T060000Z,"Transmission Line Market to USD 138 . 99 Billion by 2028 Driven by the Increasing Number of Industrial Manufacturing Units , says Fortune Business Insights™",energy.einnews.com,United States,no,neutral,other
202,2022-02,20220221T061500Z,Bharti Airtel enters SEA - ME - WE - 6 undersea cable consortium,indiainfoline.com,India,no,neutral,other
203,2022-02,20220221T061500Z,Inside Intel Bold Chip Making Plans to Dethrone AMD,industryleadersmagazine.com,United States,no,neutral,other
204,2022-02,20220221T061500Z,Airtel joins SEA - ME - WE - 6 undersea cable consortium - The Hindu BusinessLine,thehindubusinessline.com,India,no,neutral,other
205,2022-02,20220221T064500Z,2022 New Year Property Market - Teller Report,tellerreport.com,,no,neutral,other
206,2022-02,20220221T081500Z,"Fiber Optic Labels Market Opportunities , Analysis Forecast Report to 2031",fmiblog.com,,no,neutral,other
207,2022-02,20220221T083000Z,Airtel joins undersea cable consortium SEA - ME - WE - 6,indiantelevision.com,India,no,neutral,other
208,2022-02,20220221T090000Z,Airtel joins undersea cable consortium,uniindia.com,India,no,neutral,other
209,2022-02,20220221T100000Z,Data Centers and Housing Units Seen to Spearhead Growth of Real Estate Sector,lamudi.com.ph,Philippines,yes,positive,investment_buildout
210,2022-02,20220221T103000Z,GLP plans 900MW data center expansion in Japan,datacenterdynamics.com,United States,yes,positive,investment_buildout
211,2022-02,20220221T104500Z,Shamus McGillicuddy,networkcomputing.com,United States,no,neutral,other
212,2022-02,20220221T104500Z,Data Center Network Automation has a Data Problem,networkcomputing.com,United States,yes,negative,tech_operations
213,2022-02,20220221T110000Z,Lew Blodgett carves a path : 98 - year - old trail worker still going strong,news.yahoo.com,United States,no,neutral,other
214,2022-02,20220221T110000Z,"Digital Realty / Brookfield JV acquires 10 acres in Chennai , India",datacenterdynamics.com,United States,yes,positive,investment_buildout
215,2022-02,20220221T111500Z,"DGAP - News : Northern Data : Change in the Management Board ; Christopher Yoshida takes over the Finance Department , Magyar Tőkepiac",magyartokepiac.hu,Hungary,no,neutral,other
216,2022-02,20220221T114500Z,"Cyber Insurance Market to Eyewitness Major Growth by 2030 | American International Group , Munich Re , Berkshire Hathaway",digitaljournal.com,United States,no,neutral,other
217,2022-02,20220221T120000Z,Power 100 : N – Z,njbiz.com,United States,no,neutral,other
218,2022-02,20220221T121500Z,IT News Online - Intel Provides New Intel Xeon Roadmap Extending Through 2024,itnewsonline.com,United States,no,neutral,other
219,2022-02,20220221T121500Z,The Need for a Zero Trust Edge Strategy - mid - east . info,menafn.com,Qatar,no,neutral,other
220,2022-02,20220221T123000Z,Singapore GLP To Invest $13 Billion In Maiden Data Center Projects In Japan As Digital Economy Booms,forbes.com,United States,yes,positive,investment_buildout
221,2022-02,20220221T123000Z,Middle East and Africa $12 . 19 Billion Data Center Markets,globenewswire.com,United States,yes,positive,investment_buildout
222,2022-02,20220221T131500Z,Why open source is essential in a cloud era,updatesnews.com,United States,no,neutral,other
223,2022-02,20220221T133000Z,Schneider Electric recognized as a Leader in the independent research firm report : Green Quadrant : IoT Platforms for Smart Buildings 2022,harbourtimes.com,Hong Kong,no,neutral,other
224,2022-02,20220221T133000Z,Future proof your power supply : an interview with AB Energy Jan Buijk,datacenterdynamics.com,United States,yes,neutral,energy_grid
225,2022-02,20220221T134500Z,"China empowers green , digital future with mega data project - Xinhua",english.news.cn,,yes,positive,investment_buildout
226,2022-02,20220221T134500Z,Global Temperatures since 1850 | ScienceBlogs,scienceblogs.com,United States,no,neutral,other
227,2022-02,20220221T134500Z,Airtel & Jio are now rivals in undersea cable networks too,techradar.com,United Kingdom,no,neutral,other
228,2022-02,20220221T144500Z,"Artificial Intelligence : The future is data capture , not machine learning",timesofindia.indiatimes.com,India,no,neutral,other
229,2022-02,20220221T144500Z,Schneider Electric Introduces Infrastructure of the Future,digitaljournal.com,United States,no,neutral,other
230,2022-02,20220221T150000Z,Airtel joins undersea cable consortium to scale high - speed ... ,menafn.com,Qatar,no,neutral,other
231,2022-02,20220221T153000Z,  Final Fantasy 14  free trial returns on February 22nd,engadget.com,Japan,no,neutral,other
232,2022-02,20220221T160000Z,"AZ Big Spotlight : United Aviate Academy , Dickinson Wright , Sundt , RE / MAX",azbigmedia.com,United States,no,neutral,other
233,2022-02,20220221T161500Z,This REIT Is Absurdly Cheap Right Now,fool.com,United States,no,neutral,other
234,2022-02,20220221T170000Z,"Khalid Parekh , Founder & CEO of FAIR Bank and AMSYS , Accepted into Forbes Finance Council",prweb.com,United States,no,neutral,other
235,2022-02,20220221T174500Z,UK to offer fourth coronavirus vaccine shot to people 75 and over,msn.com,United States,no,neutral,other
236,2022-02,20220221T180000Z,"Geothermal - Geothermal Solution to Help End - of - Life Oil and Gas Well Profitability  - Renewable Energy Magazine , at the heart of clean energy journalism",renewableenergymagazine.com,United States,no,neutral,other
237,2022-02,20220221T181500Z,Improving digital government experience | Federal News Network,federalnewsnetwork.com,,no,neutral,other
238,2022-02,20220221T184500Z,Bit Mining abandons plans to build cryptomine data center in Kazakhstan,datacenterdynamics.com,United States,yes,negative,investment_buildout
239,2022-02,20220221T184500Z,Understanding America Labor Shortage | U . S . Chamber of Commerce,uschamber.com,United States,no,neutral,other
240,2022-02,20220221T191500Z,VMware : The 7 Requirements of Highly Effective Load Balancers,marketscreener.com,,no,neutral,other
241,2022-02,20220221T211500Z,Hyper - Converged Infrastructure ( HCI ) Market to Rise at an Elliptical 26 . 8 - GR till 2028 ; Rising adoption of hybrid cloud technology,bignewsnetwork.com,United States,no,neutral,other
242,2022-02,20220221T214500Z,Final Fantasy XIV free trial returns on February 22 ahead of graphical update,techspot.com,United States,no,neutral,other
243,2022-02,20220221T224500Z,Surprise ! The Straight - Shooter Highly Patriotic Good Guy Organization the CIA Has Been Spying on Americans,freerepublic.com,United States,no,neutral,other
244,2022-02,20220221T224500Z,Danish Defense Intelligence Chief Is Jailed by Social Democratic Government Possibly to Protect U . S . Spy Programs,strategic-culture.org,Russia,no,neutral,other
245,2022-02,20220222T000000Z,Meta Plans $800M Hyperscale Campus In Idaho As It Continues To Explore New Data Center Markets,bisnow.com,United States,yes,positive,investment_buildout
246,2022-02,20220227T021500Z,Elon Musk Makes an Important Gesture Toward Ukraine,thestreet.com,United States,no,neutral,other
247,2022-02,20220227T050000Z,The Staggering Ecological Impacts of Computation and the Cloud – The Wire Science,science.thewire.in,,yes,negative,environment_water
248,2022-02,20220227T093000Z,"Unions : Pandemic , job openings favor worker gains",wcfcourier.com,United States,no,neutral,other
249,2022-02,20220227T104500Z,Iron Mountain Incorporated ( NYSE : IRM ) Shares Sold by Royal Bank of Canada,etfdailynews.com,United States,no,neutral,other
250,2022-02,20220227T111500Z,West to cut select Russian banks off from SWIFT international payment system,datacenterdynamics.com,United States,no,neutral,other
251,2022-02,20220227T134500Z,Broadcom Inc . ( NASDAQ : AVGO ) Given Average Rating of  Buy  by Brokerages,etfdailynews.com,United States,no,neutral,other
252,2022-02,20220227T141500Z,LETTER : Opposition to rural area data centers more than a NIMBY concern,princewilliamtimes.com,United States,yes,negative,community_opposition
253,2022-02,20220227T150000Z,3 REITs That Could Soar in 2022 | The Motley Fool,fool.com,United States,no,neutral,other
254,2022-02,20220227T160000Z,Oregon Latino communities flourish as their populations grow,msn.com,United States,no,neutral,other
255,2022-02,20220227T174500Z,"Buenos Aires , Argentina , Schema - Root news",schema-root.org,United States,no,neutral,other
256,2022-02,20220227T174500Z,13 Creepiest Abandoned Mental Asylums and Hospitals in New York,wblk.com,United States,no,neutral,other
257,2022-02,20220227T203000Z,SSDs could squeeze hard drives out the data center sooner than you think,techradar.com,United Kingdom,yes,positive,tech_operations
258,2022-02,20220228T030000Z,Huawei : Breaking Down 5 Misconceptions to Accelerate Green Development,finanznachrichten.de,Germany,no,neutral,other
259,2022-02,20220228T040000Z,Nutanix Launches New Product Portfolio to Ease Path to Hybrid,ryt9.com,Thailand,no,neutral,other
260,2022-02,20220228T070000Z,Tracking real estate growth in the Asia - Pacific - BusinessWorld Online,bworldonline.com,Philippines,no,neutral,other
261,2022-02,20220228T073000Z,"Riyadh MoU adopts new brand identity , vessel inspection codes",tradearabia.com,United Arab Emirates,no,neutral,other
262,2022-02,20220228T084500Z,"Supermicro Total IT System Portfolio Delivers Industry - Leading , Seamless , Edge - to - Cloud Solutions to Growing 5G and Intelligent - Edge Markets",itnewsonline.com,United States,no,neutral,other
263,2022-02,20220228T084500Z,IT News Online - Intel Launches New Xeon D - 2700 and D - 1700 Processors for the Network and Edge,itnewsonline.com,United States,no,neutral,other
264,2022-02,20220228T084500Z,Barclays Cuts VMware ( NYSE : VMW ) Price Target to $135 . 00,etfdailynews.com,United States,no,neutral,other
265,2022-02,20220228T091500Z,SC Capital launches Asia - Pacific data centre platform,realassets.ipe.com,United Kingdom,yes,positive,investment_buildout
266,2022-02,20220228T094500Z,QCT and DZS to Demonstrate Converged Edge Cloud Blueprint for 5G Network Service Deployment at Mobile World Congress 2022,apnews.com,United States,no,neutral,other
267,2022-02,20220228T094500Z,Microsoft announces winner of Imagine Cup Qatar 2022,menafn.com,Qatar,no,neutral,other
268,2022-02,20220228T103000Z,Contract Furniture and Furnishing Market to Witness Huge Growth,openpr.com,United States,no,neutral,other
269,2022-02,20220228T121500Z,"Singapore SC Capital Partners launches new data center firm , plans hyperscale facility in Seoul",datacenterdynamics.com,United States,yes,positive,investment_buildout
270,2022-02,20220228T121500Z,"No , the Cloud Is Not a Green Technology",informationweek.com,United States,yes,negative,environment_water
271,2022-02,20220228T121500Z,Industry Voice : Private credit outlook,professionalpensions.com,United Kingdom,no,neutral,other
272,2022-02,20220228T133000Z,"Market Sell - Off : 3 Innovative Stocks That Could Turn $200 , 000 Into $1 Million by 2032",fool.com,United States,no,neutral,other
273,2022-02,20220228T133000Z,"The Flash - Native Future is Coming , and Youll Like its Price Tag",networkcomputing.com,United States,yes,positive,tech_operations
274,2022-02,20220228T134500Z,IT News Online - Rakuten Symphony agrees to acquire leading US - based cloud technology company Robin . io to deliver highly integrated telco - cloud for mobile,itnewsonline.com,United States,no,neutral,other
275,2022-02,20220228T140000Z,3 Stocks Witnessing Momentum Anomaly for a Winning Portfolio,entrepreneur.com,United States,no,neutral,other
276,2022-02,20220228T143000Z,Jim Cramer Likes These 5 Stocks - Insider Monkey,insidermonkey.com,United States,no,neutral,other
277,2022-02,20220228T144500Z,ZTE Drives Industrial Innovation With 5G Private Networks,lightreading.com,United States,no,neutral,other
278,2022-02,20220228T154500Z,Kazakhstan government shuts down 13 illegal bitcoin mines,datacenterdynamics.com,United States,yes,negative,policy_regulation
279,2022-02,20220228T160000Z,Google Buys Stake In Bharti Airtel To Funding Affordability & 5G Efforts,inc42.com,India,no,neutral,other
280,2022-02,20220228T164500Z,Siemens and Nexii unveil easy - to - deploy and sustainable electric vehicle charging concept,metaforespress.gr,Greece,no,neutral,other
281,2022-02,20220228T171500Z,Chinese tech giants strive to achieve carbon neutrality - Xinhua,xinhuanet.com,China,no,neutral,other
282,2022-02,20220228T174500Z,4 . 0 magnitude earthquake felt in Ventura County,vcstar.com,United States,no,neutral,other
283,2022-02,20220228T180000Z,Bell Canada implements Google Distributed Cloud Edge platform in its network,siliconangle.com,United States,no,neutral,other
284,2022-02,20220228T180000Z,Rakuten Symphony agrees to acquire leading US - based cloud technology company Robin . io,briefingwire.com,United States,no,neutral,other
285,2022-02,20220228T180000Z,The DOE just went on a cleantech spending spree,morningbrew.com,,no,neutral,other
286,2022-02,20220228T180000Z,QTS Brings Customers Closer to Their Data with New SDP™ Remote Management Solutions,prnewswire.com,United States,yes,positive,tech_operations
287,2022-02,20220228T181500Z,PCI Express VIP from Avery Design Systems Selected by Fungible,hpcwire.com,United States,no,neutral,other
288,2022-02,20220228T183000Z,DCash Shows Why Fedcoin Could Be A Disaster,forbes.com,United States,no,neutral,other
289,2022-02,20220228T191500Z,AMD Brings  Aggressive  CPU Rebates To VARs With New Partner Program : Exclusive,crn.com,United States,no,neutral,other
290,2022-02,20220228T191500Z,Cisco X Factor : How Chuck Robbins Is Taking Partners Into The Future,crn.com,United States,no,neutral,other
291,2022-02,20220228T191500Z,Navigating the Cloud Third Wave : How To Hire Help,eweek.com,United States,no,neutral,other
292,2022-02,20220228T193000Z,Singapore SC Capital Launches SC Zeus Data Centres,mingtiandi.com,China,yes,positive,investment_buildout
293,2022-02,20220228T194500Z,"Worldwide Wireless Mesh Network Industry to 2026 - by Type , Component , Design , Application , End - user Industry and Geography",prnewswire.com,United States,no,neutral,other
294,2022-02,20220228T203000Z,Atos International : Atos : 2021 annual results,finanznachrichten.de,Germany,no,neutral,other
295,2022-02,20220228T204500Z,How to prep for increased Russia - based cyberattacks,csoonline.com,United States,no,neutral,other
296,2022-02,20220228T210000Z,Investegate |Atos International Announcements | Atos International : Atos : 2021 annual results,investegate.co.uk,United Kingdom,no,neutral,other
297,2022-02,20220228T211500Z,Telesat and Liquid Intelligent Technologies ink strategic,globenewswire.com,United States,no,neutral,other
298,2022-02,20220228T213000Z,Workday Announces Fiscal 2022 Fourth Quarter and Full Year Financial Results,prnewswire.com,United States,no,neutral,other
299,2022-02,20220228T230000Z,IHS Towers Appoints Colby Synesael as Senior Vice President of Communications,apnews.com,United States,no,neutral,other
300,2022-02,20220228T231500Z,China Tencent Unveils Goal to Run on 100 % Green Energy by 2030,datacenterknowledge.com,United States,yes,positive,energy_grid
301,2022-03,20220301T001500Z,BrainChip Appoints Antonio J . Viana as Chairman of the Board – Consumer Electronics Net,consumerelectronicsnet.com,United States,no,neutral,other
302,2022-03,20220301T001500Z,Experts Expect Russia to Ramp Up Its Cyber Attacks As Ukraine Bolsters Internet Resilience,defenseone.com,United States,no,neutral,other
303,2022-03,20220301T023000Z,Breakthrough Discovery in Light Interactions with Nanoparticles,labmanager.com,United States,no,neutral,other
304,2022-03,20220301T031500Z,"Editor Sidelines , February / March 2022 : Living With The Virus",forbes.com,United States,no,neutral,other
305,2022-03,20220301T033000Z,"CREIT , PH First Renewable Energy REIT , Makes Successful Debut",lamudi.com.ph,Philippines,no,neutral,other
306,2022-03,20220301T050000Z,Is Intel Going To Drop Optane ? ,forbes.com,United States,no,neutral,other
307,2022-03,20220301T061500Z,How Can Investors Cope With Market Volatility,fool.com,United States,no,neutral,other
308,2022-03,20220301T061500Z,Statcom Market Will Garner Health Growth Backed by,globenewswire.com,United States,no,neutral,other
309,2022-03,20220301T063000Z,"Statcom Market Will Garner Health Growth Backed by Increasing Demand for Renewable Energy , states Fortune Business Insights™",padovanews.it,Italy,no,neutral,other
310,2022-03,20220301T074500Z,Advanced cluster management for Kubernetes,bitpipe.computerweekly.com,United Kingdom,no,neutral,other
311,2022-03,20220301T081500Z,Technology can turn the promise of a carbon neutral future into a reality for East Africa,capitalfm.co.ke,Kenya,no,neutral,other
312,2022-03,20220301T084500Z,"MetTel and VMware to Deliver Cloud - Based Security , Networking and Compute Services at the Edge",marketscreener.com,,no,neutral,other
313,2022-03,20220301T091500Z,"Community Scoop » SOEs Ministry Presses For More Involvement Of Younger Staff , Women",community.scoop.co.nz,New Zealand,no,neutral,other
314,2022-03,20220301T111500Z,Huawei : Autonomous Driving Network Thought Leadership Paper Release Paves the Way for Autonomous Driving Networks,finanznachrichten.de,Germany,no,neutral,other
315,2022-03,20220301T113000Z,Tolly Group : Huawei CloudFabric 3 . 0 Comes Top in L3 . 5 Data Center Autonomous Driving Networks,asiaone.com,Singapore,yes,positive,tech_operations
316,2022-03,20220301T120000Z,"Environmental impact of Bitcoin mining has gotten worse since China ban , according to a new study",msn.com,United States,no,neutral,other
317,2022-03,20220301T123000Z,"More stable , secure internet for Kenya as it is set to host mega data centre",capitalfm.co.ke,Kenya,yes,positive,investment_buildout
318,2022-03,20220301T123000Z,"Passive Optical LAN ( POL ) Market - Global Industry Analysis , ",openpr.com,United States,no,neutral,other
319,2022-03,20220301T130000Z,"Argo Infrastructure Partners invests $500m in TierPoint , becomes largest shareholder",datacenterdynamics.com,United States,yes,positive,investment_buildout
320,2022-03,20220301T131500Z,World Faces Increased Cybersecurity Threat,apnews.com,United States,no,neutral,other
321,2022-03,20220301T131500Z,Rakuten Symphony agrees to acquire leading US - based cloud technology company Robin . io to deliver highly integrated telco - cloud for mobile,news.webindia123.com,India,no,neutral,other
322,2022-03,20220301T140000Z,Expedera Announces First Production Shipments of Its Deep Learning Accelerator IP in a Consumer Device,prnewswire.com,United States,no,neutral,other
323,2022-03,20220301T141500Z,"TTM Technologies , Inc . to Build New Manufacturing Facility i ... ",menafn.com,Qatar,no,neutral,other
324,2022-03,20220301T143000Z,"Is Kazakhstan A Home For Bitcoin Mining ? - Bitcoin Magazine : Bitcoin News , Articles , Charts , and Guides",bitcoinmagazine.com,United States,no,neutral,other
325,2022-03,20220301T150000Z,"Rugged Servers Market to Reach US$ 3856 . 9 Million , Globally , by 2027 at 6 . 3 % CAGR : The Insight Partners",digitaljournal.com,United States,no,neutral,other
326,2022-03,20220301T150000Z,Surge Protection Devices Market Size Worth $5 . 30 Billion by,globenewswire.com,United States,no,neutral,other
327,2022-03,20220301T151500Z,COY Promises To Offer Free Internship To 600 Nigerian Students Yearly,nigerianobservernews.com,Nigeria,no,neutral,other
328,2022-03,20220301T151500Z,2 Monster Growth Stocks Billionaires Cant Stop Buying,fool.com,United States,no,neutral,other
329,2022-03,20220301T151500Z,This $18 Billion Healthcare REIT Deal Could Be a Sign of Things to Come,fool.com,United States,no,neutral,other
330,2022-03,20220301T154500Z,Is PUE too long in the tooth ? ,datacenterdynamics.com,United States,yes,neutral,tech_operations
331,2022-03,20220301T161500Z,Cellframe prepares for hackathons : the first applications will appear on the platform soon,prnewswire.com,United States,no,neutral,other
332,2022-03,20220301T161500Z,OEM Insulation Market worth $40 . 8 billion by 2026 - Exclusive Report by MarketsandMarkets™,prnewswire.com,United States,no,neutral,other
333,2022-03,20220301T163000Z,How data processing can heat buildings,techxplore.com,United States,yes,positive,tech_operations
334,2022-03,20220301T163000Z,Alcatraz AI Rock Earns Innovation & Tech Today Top 50 Most Innovative Products Award,prweb.com,United States,no,neutral,other
335,2022-03,20220301T163000Z,Vertical Bridge Completes $1 . 4 Billion Asset - Backed Securitization,prweb.com,United States,no,neutral,other
336,2022-03,20220301T164500Z,Global 3D TSV Devices Market to Reach $12 . 7 Billion by 2026,prnewswire.com,United States,no,neutral,other
337,2022-03,20220301T170000Z,Telesat and Liquid Intelligent Technologies sign LEO services agreement for Africa,developingtelecoms.com,India,no,neutral,other
338,2022-03,20220301T173000Z,"NYSE and Nasdaq halt trading of Russian firms , including Yandex and MTS",datacenterdynamics.com,United States,no,neutral,other
339,2022-03,20220301T174500Z,Ask HN : Who is hiring ? ( March 2022 ) ,news.ycombinator.com,United States,no,neutral,other
340,2022-03,20220301T180000Z,"Central and Eastern Europe Data Center Market Outlook & Forecast Report 2022 - 2027 : Focus on Russia , Poland , Austria , & Czech Republic",us.acrofan.com,South Korea,yes,neutral,investment_buildout
341,2022-03,20220301T181500Z,"STACK Infrastructure Goes Global , Integrates IPI Data Centers in Europe",datacenterfrontier.com,United States,yes,positive,investment_buildout
342,2022-03,20220301T181500Z,Micron Delivers Advanced 176 - Layer NAND Data Center SSD,hpcwire.com,United States,yes,positive,tech_operations
343,2022-03,20220301T183000Z,CORTELCO Signs Sollensys to Provide Blockchain - Powered Cybersecurity Safety Net to its Customers,hawaiitelegraph.com,United States,no,neutral,other
344,2022-03,20220301T183000Z,"Keysight , Pegatron and Auray Collaborate to Verify End - to - End Open Radio Access Network Security Performance",wallstreet-online.de,Germany,no,neutral,other
345,2022-03,20220301T183000Z,"NASA and NOAA launch new weather satellite , GOES - T - The Washington Post",washingtonpost.com,United States,no,neutral,other
346,2022-03,20220301T211500Z,Kyndryl Stock Keeps Falling . A Turnaround Is Still Years Away,marketwatch.com,United States,no,neutral,other
347,2022-03,20220316T013000Z,Georgia Gold Dome Report Legislative Day 28,natlawreview.com,United States,no,neutral,other
348,2022-03,20220316T050000Z,Why Bitcoin Energy Problem Is So Hard to Fix : QuickTake,washingtonpost.com,United States,no,neutral,other
349,2022-03,20220316T060000Z,"Construction of Obsidian Solar Center Gets Greenlight , Oregon",constructionreviewonline.com,Kenya,no,neutral,other
350,2022-03,20220316T060000Z,Bitcoin Is Red Hot . Can It Ever Be Green ? - The Washington Post,washingtonpost.com,United States,no,neutral,other
351,2022-03,20220316T080000Z,Middle East & Africa Data Storage Market : Notable Developments & Geographical Outlook 2022 to 2025,fmiblog.com,,no,neutral,other
352,2022-03,20220316T081500Z,CXL - Based Memory Disaggregation Technology Opens Up New Direction for Big Data Solution Frameworks,miragenews.com,United States,yes,positive,tech_operations
353,2022-03,20220316T094500Z,7 applicants for Decatur police chief vacancy recommended for interviews,decaturdaily.com,United States,no,neutral,other
354,2022-03,20220316T101500Z,"Two Customers Deployed More Than Half of the Total Data Center Ethernet Switch Bandwidth in 2021 , According to Crehan Research",prnewswire.com,United States,yes,neutral,tech_operations
355,2022-03,20220316T103000Z,Global Chip Shortage and the Industry Impact of Leading,globenewswire.com,United States,no,neutral,other
356,2022-03,20220316T103000Z,Soluna Holdings ( SLNH ) Reports February Site Level Financials,streetinsider.com,United States,no,neutral,other
357,2022-03,20220316T104500Z,Panduit launches new generation FlexFusion™ cabinets,datacenterdynamics.com,United States,yes,positive,tech_operations
358,2022-03,20220316T104500Z,5 easy ways to protect your data center from the effects of climate change,datacenterdynamics.com,United States,yes,neutral,environment_water
359,2022-03,20220316T110000Z,AVCT Announces Closing of Divestiture of Computex Technology Solutions to Calian Group Ltd . ,forextv.com,United States,no,neutral,other
360,2022-03,20220316T110000Z,Calian Group Ltd .: Calian Completes Acquisition of US Managed Service Provider Computex,finanznachrichten.de,Germany,no,neutral,other
361,2022-03,20220316T111500Z,Micron Is Riding on These 3 Massive Trends,fool.com,United States,no,neutral,other
362,2022-03,20220316T113000Z,Preparing Microsoft cloud networks for regional disruptions,csoonline.com,United States,no,neutral,other
363,2022-03,20220316T123000Z,Google Cloud and VMware Expand Global Partnership to Help Enterprises Accelerate App Modernization and Cloud Transformation,markets.businessinsider.com,United States,no,neutral,other
364,2022-03,20220316T123000Z,Verizon gains zoning approval for planned data center in Georgia,datacenterdynamics.com,United States,yes,positive,policy_regulation
365,2022-03,20220316T123000Z,Meten Holding Group Ltd . Announces Strategic Alliance to Explore Opportunities in Blockchain and Digital Currency Industries,prnewswire.com,United States,no,neutral,other
366,2022-03,20220316T123000Z,"Gold Data launches Gemini , mirrorhaul technology that will guarantee virtually 100 % availability of Ethernet traffic",totaltele.com,United Kingdom,no,neutral,other
367,2022-03,20220316T133000Z,Intel pledges up to $87 billion for European chip manufacturing,electronics360.globalspec.com,United States,no,neutral,other
368,2022-03,20220316T133000Z,Solutions - II Announces Traci Easton as Senior Director of Marketing,finance.yahoo.com,United States,no,neutral,other
369,2022-03,20220316T133000Z,Paratus to open a data center in Namibia in August 2022,ecofinagency.com,Nigeria,yes,positive,investment_buildout
370,2022-03,20220316T140000Z,The Nasdaq Soaring and Investors Are Watching These 2 Winning Stocks,fool.com,United States,no,neutral,other
371,2022-03,20220316T141500Z,Honda to Install Stationary Fuel Cell Power Station on California Campus as First Step Toward Commercialization of Zero - Emission Backup Power Generation,altenergymag.com,United States,no,neutral,other
372,2022-03,20220316T153000Z,How to Back Up Your Digital Life,wired.com,United States,no,neutral,other
373,2022-03,20220316T154500Z,"EU sanctions Rostelecom president , Yandex deputy CEO , and VK Company CEO",datacenterdynamics.com,United States,no,neutral,other
374,2022-03,20220316T154500Z,UK NCSC and CPNI offer data center security guidance,datacenterdynamics.com,United States,yes,neutral,tech_operations
375,2022-03,20220316T154500Z,"Freedom Jacob Caesar is Building Africa Largest Industrial Park , Partnering with Azad Cola , Director of Max Midstream Texas",digitaljournal.com,United States,no,neutral,other
376,2022-03,20220316T154500Z,Invest in Africa First Free Zone Enclave for Crypto Miners by the Freedom Coin,digitaljournal.com,United States,no,neutral,other
377,2022-03,20220316T160000Z,Intel wants in on cloud gaming with its mysterious  Project Endgame  ,pcworld.com,United States,no,neutral,other
378,2022-03,20220316T163000Z,"The Best Stocks to Invest $1 , 000 in Right Now",fool.com,United States,no,neutral,other
379,2022-03,20220316T164500Z,Why havent Apple and Google shut down their app stores in Russia ? ,iol.co.za,South Africa,no,neutral,other
380,2022-03,20220316T164500Z,"Worldwide Battlefield Management Industry to 2026 - Featuring Aselsan , BAE Systems and General Dynamics Among Others",prnewswire.com,United States,no,neutral,other
381,2022-03,20220316T170000Z,"Global Modular Data Centers Markets , 2022 - 2026 - Coming Era of eLearning & The Ensuing Data Explosion to Spur Opportunities for Modular Datacenters in the Education Industry",prnewswire.com,United States,yes,positive,investment_buildout
382,2022-03,20220316T171500Z,Arm rival SiFive raises $175M to accelerate development of its alternative RISC - V chip architecture,siliconangle.com,United States,no,neutral,other
383,2022-03,20220316T171500Z,Google employee that criticized Israeli cloud contract told to move to Brazil or lose job,datacenterdynamics.com,United States,no,neutral,other
384,2022-03,20220316T171500Z,The DOD Needs a Joint Wargaming Center,defenseone.com,United States,no,neutral,other
385,2022-03,20220316T171500Z,10 Stocks to Invest In Today According to Orkun Kilic Berry Street Capital,insidermonkey.com,United States,no,neutral,other
386,2022-03,20220316T174500Z,IT News Online - FiberLight Powers Resound Networks to Take Advantage of Rural Digital Opportunity Funds to Enable Wireless Service in New Texas Markets,itnewsonline.com,United States,no,neutral,other
387,2022-03,20220316T181500Z,CEI and VKIN Have Built Diversified Green Portfolio Positioned for Future Energy Market,marketscreener.com,,no,neutral,other
388,2022-03,20220316T183000Z,"Unique water storage project will benefit Columbia Basin farms , fish",capitalpress.com,United States,no,neutral,other
389,2022-03,20220316T191500Z,ITI builds up its Data Centre capabilities - The Hindu BusinessLine,thehindubusinessline.com,India,yes,positive,investment_buildout
390,2022-03,20220316T203000Z,Washington State Approves More Data Center Tax Breaks,datacenterknowledge.com,United States,yes,positive,policy_regulation
391,2022-03,20220316T204500Z,Box Forecasts Annual Sales Growth of Up to 17 % in 2025,bnnbloomberg.ca,Canada,no,neutral,other
392,2022-03,20220316T204500Z,Defending Distributed Networks with Zero Trust Edge,csoonline.com,United States,no,neutral,other
393,2022-03,20220316T204500Z,A Jewish Google employee says her activism against an Israel contract got her job moved to Brazil,jta.org,Israel,no,neutral,other
394,2022-03,20220316T210000Z,Pluribus extends cloud fabric to Nvidia smartNICs,networkworld.com,United States,no,neutral,other
395,2022-03,20220322T133000Z,"COMCAST TO INVEST $22 MILLION TO EXPAND FIBER BROADBAND SERVICE TO 18 , 000+ HOMES & BUSINESSES IN EAGLE MOUNTAIN , UTAH",apnews.com,United States,no,neutral,other
396,2022-03,20220322T133000Z,"GaN Systems Brings Stunning GaN Audio to Cars , Motorcycles , and Boats",digitaljournal.com,United States,no,neutral,other
397,2022-03,20220322T140000Z,NTT DoCoMo pitches open RAN smarts plus 13 - vendor dream team,lightreading.com,United States,no,neutral,other
398,2022-03,20220322T140000Z,Are Amazon buybacks a sign that the growth machine is slowing ? ,retaildive.com,United States,no,neutral,other
399,2022-03,20220322T141500Z,Zain Group holds Annual General Assembly with a quorum of 75 . 14 % ,kuwaittimes.com,,no,neutral,other
400,2022-03,20220322T143000Z,Park Place Technologies Acquires Reliant Technology,indiaeducationdiary.in,India,no,neutral,other
401,2022-03,20220322T143000Z,Data center company Switch said to be considering sale - report,datacenterdynamics.com,United States,yes,neutral,investment_buildout
402,2022-03,20220322T144500Z,Converge Networking and Security with Zero - Trust Edge,informationweek.com,United States,no,neutral,other
403,2022-03,20220322T150000Z,AMD is bringing its turbo - charged Instinct MI200 GPUs to the mainstream,techradar.com,United Kingdom,no,neutral,other
404,2022-03,20220322T151500Z,Greece public postal service offline due to ransomware attack,bleepingcomputer.com,Russia,no,neutral,other
405,2022-03,20220322T153000Z,HPE Ups Cloud Ante With Blockbuster HPE GreenLake Launch,crn.com,United States,no,neutral,other
406,2022-03,20220322T154500Z,"2 Reasons to Buy Amazon Before Its Stock Split , 1 Reason to Buy After",fool.com,United States,no,neutral,other
407,2022-03,20220322T160000Z,Climate Change : Earth Poles Hit Simultaneously by Heatwaves,greekreporter.com,Greece,no,neutral,other
408,2022-03,20220322T161500Z,NVIDIA Announces DGX H100 Systems – World Most Advanced Enterprise AI Infrastructure,apnews.com,United States,no,neutral,other
409,2022-03,20220322T161500Z,"Everhart Financial Group Inc . Acquires Shares of 2 , 835 Advanced Micro Devices , Inc . ( NASDAQ : AMD ) ",etfdailynews.com,United States,no,neutral,other
410,2022-03,20220322T161500Z,Global Server Virtualization Software Market to Reach $10 . 4 Billion by 2026,prnewswire.com,United States,no,neutral,other
411,2022-03,20220322T163000Z,High Availability Options for IBM I Applications in the Cloud,networkcomputing.com,United States,no,neutral,other
412,2022-03,20220322T170000Z,Nvidia intros new GPUs and technology to accelerate AI computing,dnaindia.com,India,no,neutral,other
413,2022-03,20220322T171500Z,"HPE Expands GreenLake Edge - to - Cloud Platform with Unified Experience , New Cloud Services , and Expanded Partner Ecosystem",hpcwire.com,United States,no,neutral,other
414,2022-03,20220322T171500Z,Tachyum Demonstrates Native KVM Virtualization on Prodigy Emulation,hpcwire.com,United States,no,neutral,other
415,2022-03,20220322T173000Z,"Generator Sales Market by Fuel Type , Power Rating , Application , End - user , Design , Sales Channel and Region – Global Forecast to 2027",padovanews.it,Italy,no,neutral,other
416,2022-03,20220322T173000Z,"NVIDIA AI Delivers Major Advances in Speech , Recommender Systems and Hyperscale Inference",marketscreener.com,,no,neutral,other
417,2022-03,20220322T173000Z,New DDN Storage Appliance Doubles Performance for NVIDIA DGX AI Solutions and Speeds Up Analytics and Machine Learning in the Cloud by 100 % ,prnewswire.com,United States,no,neutral,other
418,2022-03,20220322T180000Z,"Modernization of crypto isnt the core mission for DoD and the IC , it what enables the mission - Breaking Defense Breaking Defense",breakingdefense.com,United States,no,neutral,other
419,2022-03,20220322T180000Z,NVIDIA Opens NVLink for Custom Silicon Integration,globenewswire.com,United States,no,neutral,other
420,2022-03,20220322T180000Z,"College , business leaders , to tour Woodbridge data center program",potomaclocal.com,United States,yes,positive,jobs_economy
421,2022-03,20220322T180000Z,"NVIDIA reveals next - gen Hopper GPU architecture , H100 GPU announced",tweaktown.com,United States,no,neutral,other
422,2022-03,20220322T180000Z,"NVIDIA Announces Hopper Architecture , the Next Generation of Accelerated Computing",wallstreet-online.de,Germany,no,neutral,other
423,2022-03,20220322T181500Z,Stocks To Buy And Watch : Cisco Rival Is Breaking Out Today | Investor Business Daily,investors.com,United States,no,neutral,other
424,2022-03,20220322T181500Z,Arelion Opens Additional Norway Fiber Route to Continental Europe,totaltele.com,United Kingdom,no,neutral,other
425,2022-03,20220322T183000Z,"Nvidia unveils next generation Hopper GPU architecture , and more accelerated applications at GTC 2022",techspot.com,United States,no,neutral,other
426,2022-03,20220322T184500Z,Ask HN : Who operates at scale without containers ? ,news.ycombinator.com,United States,no,neutral,other
427,2022-03,20220322T184500Z,"HPE GreenLake Edge - to - Cloud Platform Delivers Greater Choice and Simplicity with Unified Experience , New Cloud Services , and Expanded Partner Ecosystem",marketscreener.com,,no,neutral,other
428,2022-03,20220322T190000Z,"Nvidia unveils latest chips , technology to speed up AI computing",wsau.com,United States,no,neutral,other
429,2022-03,20220322T190000Z,Nvidia next - gen Hopper GPU revealed : 3 things PC gamers need to know,pcworld.com,United States,no,neutral,other
430,2022-03,20220322T190000Z,NILE Stock : A High - Potential Penny Stock Worth Your Attention,thestreet.com,United States,no,neutral,other
431,2022-03,20220322T191500Z,"Utah contractor , Facebook offer $100K for info on noose left at data center construction site",msn.com,United States,yes,negative,other
432,2022-03,20220322T200000Z,NVIDIA Launches AI Computing Platform for Medical Devices,hitconsultant.net,United States,no,neutral,other
433,2022-03,20220322T200000Z,NVIDIA Introduces Grace CPU Superchip,eejournal.com,United States,no,neutral,other
434,2022-03,20220322T201500Z,"Nvidia debuts next - generation H100 GPUs , its most powerful chips yet",siliconangle.com,United States,no,neutral,other
435,2022-03,20220322T201500Z,OVHcloud datacenter  lacked  automatic fire extinguishers,theregister.com,,yes,negative,tech_operations
436,2022-03,20220322T203000Z,HPE GreenLake Selected by BMW Group to Unify Data Management Across Global Locations and the Cloud,wallstreet-online.de,Germany,no,neutral,other
437,2022-03,20220322T204500Z,NVIDIA Jetson AGX Orin : The Next - Gen Platform That Will Power Our AI Robot Overlords Unveiled,hothardware.com,United States,no,neutral,other
438,2022-03,20220322T204500Z,"Copying of Unpatented Technology Permitted When Confidentiality Obligations Terminated | Manatt , Phelps & Phillips , LLP",jdsupra.com,United States,no,neutral,other
439,2022-03,20220322T210000Z,"  5G was born in the cloud , says STL exec at MWC Barcelona",rcrwireless.com,United States,no,neutral,other
440,2022-03,20220322T210000Z,Nvidia presents grand unified theory of the Omniverse,rcrwireless.com,United States,no,neutral,other
441,2022-03,20220322T220000Z,Report : $3 - 5M in Ad Fraud Daily from  Methbot  – Krebs on Security,krebsonsecurity.com,United States,no,neutral,other
442,2022-03,20220322T220000Z,Meta plans to build Dutch data centre hit political glitch | WSAU News / Talk 550 AM · 99 . 9 FM,wsau.com,United States,yes,negative,community_opposition
443,2022-03,20220322T220000Z,Newswire & Press Release / GigeNET Meets Soaring Enterprise Cloud Demand with ADVA DCI Solution - Computer Hardware / Storage - ADVA Optical Networking,newswiretoday.com,United States,yes,positive,investment_buildout
444,2022-03,20220322T220000Z,Idaho Power and Micron Technology Partner to Advance Solar - Powered Renewable Energy in Idaho,nrtoday.com,United States,no,neutral,other
445,2022-03,20220322T221500Z,At GTC : NVIDIA Launches Hopper Architecture and 80 - billion Transistor GPU for AI Data Centers,insidehpc.com,United States,yes,positive,tech_operations
446,2022-03,20220322T221500Z,NVIDIA Announces DGX H100  AI Infrastructure  Systems,insidehpc.com,United States,no,neutral,other
447,2022-03,20220322T221500Z,"NVIDIA Introduces 144 - Core Grace CPU  Superchip  for AI , HPC",insidehpc.com,United States,no,neutral,other
448,2022-03,20220322T221500Z,VAST Data Collaborates with NVIDIA to Build the Data Foundation for AI Superclusters with  Ceres  ,hpcwire.com,United States,no,neutral,other
449,2022-03,20220322T223000Z,Partner Up ! grant program launches to address child care crisis,kenoshanews.com,United States,no,neutral,other
450,2022-03,20220322T231500Z,GTT launches SASE with Palo Alto Networks,lightreading.com,United States,no,neutral,other
451,2022-04,20220405T001500Z,Micron Appoints Fran Dillard as Vice President and Chief Diversity Inclusion Officer,itnewsonline.com,United States,no,neutral,other
452,2022-04,20220405T001500Z,SK hynix and Solidigm Introduce First Collaborative Product,itnewsonline.com,United States,no,neutral,other
453,2022-04,20220405T010000Z,  Green oasi for Bitcoin mining : Norway has almost 1 % of global BTC hash rate,today.ng,Nigeria,no,neutral,other
454,2022-04,20220405T020000Z,"Sphere 3D Corp . and Gryphon Digital Mining , Inc . Move Forward After Mutual Agreement Not to Proceed With Merger",eagletribune.com,United States,no,neutral,other
455,2022-04,20220405T021500Z,AMD to buy John Chamber Pensando For US$1 . 9b,crn.com.au,Australia,no,neutral,other
456,2022-04,20220405T034500Z,"TMS Ep143 : Deepak Parekh , Covid - 19 cases , HDFC merger , edge data centres",business-standard.com,India,no,neutral,other
457,2022-04,20220405T043000Z,Micron Appoints Fran Dillard as Vice President and Chief,globenewswire.com,United States,no,neutral,other
458,2022-04,20220405T043000Z,AMD grabs DPU maker Pensando for a cool $1 . 9B,networkworld.com,United States,no,neutral,other
459,2022-04,20220405T044500Z,DVIDS - News - NRL develops photonic component library implementing first - of - its - kind Department of Navy trade secret license,dvidshub.net,United States,no,neutral,other
460,2022-04,20220405T050000Z,Stonepeak Successfully Completes $3 . 0 Billion Equity Recapitalization of Portfolio Company Cologix,businesswire.com,United States,yes,positive,investment_buildout
461,2022-04,20220405T050000Z,markus röglsperger - All news and posts by Crowdfund Insider,crowdfundinsider.com,United Kingdom,no,neutral,other
462,2022-04,20220405T050000Z,relay network - All news and posts by Crowdfund Insider,crowdfundinsider.com,United Kingdom,no,neutral,other
463,2022-04,20220405T051500Z,The venerable mainframe rolls on at IBM with the release of the z16 – TechCrunch,techcrunch.com,United States,no,neutral,other
464,2022-04,20220405T051500Z,IBM Banks on Lingering Relevance of Mainframes With New Model,bnnbloomberg.ca,Canada,no,neutral,other
465,2022-04,20220405T051500Z,Airtel and Mavenir Conduct India First Open RAN Based 5G NSA Validation | National Business,joplinglobe.com,United States,no,neutral,other
466,2022-04,20220405T053000Z,"TraceLink Announces Multiple Achievements in the Development of Opus™ , the Operating Platform for Industry 4 . 0",prnewswire.com,United States,no,neutral,other
467,2022-04,20220405T053000Z,TraceLink Delivers Major Enhancements to The Opus Digital Network Platform,prnewswire.com,United States,no,neutral,other
468,2022-04,20220405T060000Z,Companies express interest in ESG norms,thepeninsulaqatar.com,Qatar,no,neutral,other
469,2022-04,20220405T064500Z,AMD returns to deal making with $1 . 9 billion purchase of chip specialist Pensando,foxbusiness.com,United States,no,neutral,other
470,2022-04,20220405T071500Z,"Semiconductor Watchlist : Qualcomm , Micron , NXP",thestreet.com,United States,no,neutral,other
471,2022-04,20220405T074500Z,"SK hynix , Solidigm unveil 1st collaborative product",koreatimes.co.kr,South Korea,no,neutral,other
472,2022-04,20220405T083000Z,"SK hynix , Solidigm launch enterprise SSD for data centers",koreaherald.com,South Korea,yes,positive,tech_operations
473,2022-04,20220405T083000Z,Dimon Praises DeFI and Blockchain - Traders Magazine,tradersmagazine.com,United States,no,neutral,other
474,2022-04,20220405T091500Z,Equinix closes $320m acquisition of MainOne Africa,africabusinesscommunities.com,,yes,positive,investment_buildout
475,2022-04,20220405T101500Z,Research and Markets : Switzerland Data Centre Market Landscape Report 2022 - 2026 : Data Centre Raised Floor Space is Forecast to Grow by Over 43 % with Revenues Seeing Growth of 49 % ,finanznachrichten.de,Germany,yes,positive,investment_buildout
476,2022-04,20220405T103000Z,Micron Is Set to Deliver Record Revenue in Fiscal 2022,fool.com,United States,no,neutral,other
477,2022-04,20220405T104500Z,China telecom sector sees stable growth in Jan .- Feb .- Xinhua,news.cn,China,no,neutral,other
478,2022-04,20220405T110000Z,Atempo Provides Seagate Lyve Portfolio for Mass Data Migration to the Cloud and Across Data Centers,prnewswire.com,United States,yes,positive,tech_operations
479,2022-04,20220405T111500Z,"Data center proposed on site of former waste management plant in Tuscany , Italy",datacenterdynamics.com,United States,yes,neutral,investment_buildout
480,2022-04,20220405T113000Z,"Amazon . com , Inc .: Amazon Secures Up to 83 Launches from Arianespace , Blue Origin , and United Launch Alliance for Project Kuiper",finanznachrichten.de,Germany,no,neutral,other
481,2022-04,20220405T114500Z,Data Center Stocks Deliver Strong Growth by Marrying Tech and Real Estate,fool.com,United States,yes,positive,investment_buildout
482,2022-04,20220405T114500Z,ConnectiCare Farmington corporate HQ property for sale | Hartford Business Journal,hartfordbusiness.com,United States,no,neutral,other
483,2022-04,20220405T114500Z,F5 BIG - IP CNF solutions help customers accelerate and secure 5G deployment,helpnetsecurity.com,,no,neutral,other
484,2022-04,20220405T120000Z,Daily Kickoff : Ron Dermer joins Jerusalem investment firm + Assessing Janice Winfrey chances vs . Rashida Tlaib,jewishinsider.com,Israel,no,neutral,other
485,2022-04,20220405T123000Z,Veleta Capital and Oaktree Form Joint Venture,joplinglobe.com,United States,no,neutral,other
486,2022-04,20220405T123000Z,COMPASS DATACENTERS LAUNCHES COMPASS QUANTUM TO DELIVER WHITE SPACE AS A SERVICE™,prnewswire.com,United States,yes,positive,investment_buildout
487,2022-04,20220405T124500Z,NXT GEN TECHNOLOGIES NAMED TOP 30 BY INC . MAGAZINE,prnewswire.com,United States,no,neutral,other
488,2022-04,20220405T130000Z,Aligned Advances ESG Strategy and Accelerates Supply Chain,globenewswire.com,United States,yes,positive,environment_water
489,2022-04,20220405T133000Z,Aligned Advances ESG Strategy and Accelerates Supply Chain Decarbonization Through Circular Asset Management and Embodied Carbon Tracking,forextv.com,United States,yes,positive,environment_water
490,2022-04,20220405T134500Z,DCW 2022 : Non - technological Factors Are Set to Define the Future of IT,datacenterknowledge.com,United States,yes,neutral,other
491,2022-04,20220405T140000Z,"AMD Stock Up 2 %, Advanced Micro Devices Acquires Pensando for $2B",coinspeaker.com,United States,no,neutral,other
492,2022-04,20220405T141500Z,11 Best REIT Stocks To Buy Right Now - Insider Monkey,insidermonkey.com,United States,no,neutral,other
493,2022-04,20220405T141500Z,5 Best REIT Stocks To Buy Right Now - Insider Monkey,insidermonkey.com,United States,no,neutral,other
494,2022-04,20220405T154500Z,AMD Is About as Hot as It Gets : Here How to Trade It,realmoney.thestreet.com,United States,no,neutral,other
495,2022-04,20220405T160000Z,AMD Building Momentum in Data Centers With Acquisition of Pensando,fool.com,United States,yes,positive,investment_buildout
496,2022-04,20220405T163000Z,Legrand : Total Number of Shares and Voting Rights,finanznachrichten.de,Germany,no,neutral,other
497,2022-04,20220405T164500Z,"IBM Z16 – The Mainframe Is Dead , Long Live The Mainframe",forbes.com,United States,no,neutral,other
498,2022-04,20220405T170000Z,"NewEdge Wealth LLC Acquires New Shares in Cisco Systems , Inc . ( NASDAQ : CSCO ) ",etfdailynews.com,United States,no,neutral,other
499,2022-04,20220405T171500Z,Will Qualcomm Continue to Disappoint Traders ? ,realmoney.thestreet.com,United States,no,neutral,other
500,2022-04,20220405T173000Z,Micron names new executive vice president and chief financial office,ktvb.com,United States,no,neutral,other
501,2022-04,20220405T183000Z,"Logistics Robots Market , Top Players , Size , Business Scenario , Share , Growth , Insights , Industry Analysis 2027",digitaljournal.com,United States,no,neutral,other
502,2022-04,20220405T194500Z,Pamplin Media Group - Two local residents vying for treasurer seat,pamplinmedia.com,United States,no,neutral,other
503,2022-04,20220405T200000Z,"Engineered Energy Solutions , Inc . Celebrates 40 Years in Business",prweb.com,United States,no,neutral,other
504,2022-04,20220405T203000Z,This is such bullshit - Everything2 . com,everything2.com,United States,no,neutral,other
505,2022-04,20220405T203000Z,This is such bullshit ( fiction ) by Glowing Fish,everything2.com,United States,no,neutral,other
506,2022-04,20220405T203000Z,Grain buys LightRiver Technologies & Software entities,lightreading.com,United States,yes,positive,investment_buildout
507,2022-04,20220405T203000Z,Lawsuit filed for Investors in shares of Vertiv Holdings Co,openpr.com,United States,no,neutral,other
508,2022-04,20220405T210000Z,AWS Heroes Panel offers insight into data mesh and quantum for handling computational challenges,siliconangle.com,United States,no,neutral,other
509,2022-04,20220405T220000Z,Corporate Office Properties Trust ( NYSE : OFC ) Receives Average Rating of  Hold  from Brokerages,etfdailynews.com,United States,no,neutral,other
510,2022-04,20220406T000000Z,Neighbors question amended application to build a data center,wusa9.com,United States,yes,negative,community_opposition
511,2022-04,20220406T011500Z,"Unified health code can bring more convenience , efficiency",usa.chinadaily.com.cn,China,no,neutral,other
512,2022-04,20220406T013000Z,Micron names new CFO,idahopress.com,United States,no,neutral,other
513,2022-04,20220406T020000Z,Huawei rising as a digital solutions provider,usa.chinadaily.com.cn,China,no,neutral,other
514,2022-04,20220406T020000Z,"SMART Global Holdings , Inc . ( SGH ) Q2 2022 Earnings Call Transcript",msn.com,United States,no,neutral,other
515,2022-04,20220406T030000Z,"Analysts Expect Cisco Systems , Inc . ( NASDAQ : CSCO ) to Post $0 . 86 EPS",etfdailynews.com,United States,no,neutral,other
516,2022-04,20220406T051500Z,"Brokerages Set Cisco Systems , Inc . ( NASDAQ : CSCO ) Price Target at $63 . 63",etfdailynews.com,United States,no,neutral,other
517,2022-04,20220406T054500Z,City University of Hong Kong Advances Scientific Research with Up to 10X Faster High Performance Computing Cluster from Hewlett Packard Enterprise,businesswire.com,United States,no,neutral,other
518,2022-04,20220406T061500Z,HIVE Blockchain Provides March 2022 Production and Intel Update,digitaljournal.com,United States,no,neutral,other
519,2022-04,20220406T061500Z,HIVE Blockchain Technologies Ltd .: HIVE Blockchain Provides March 2022 Production and Intel Update,finanznachrichten.de,Germany,no,neutral,other
520,2022-04,20220406T063000Z,Equinix acquires MainOne to accelerate digital transformation throughout the African continent,helpnetsecurity.com,,yes,positive,investment_buildout
521,2022-04,20220406T070000Z,"DGAP - News : Northern Data Hires Chief People Officer as Part of Its Business Expansion Strategy , Magyar Tőkepiac",magyartokepiac.hu,Hungary,yes,positive,investment_buildout
522,2022-04,20220406T073000Z,Frederick County Council violated Open Meetings Act in December,fredericknewspost.com,United States,no,neutral,other
523,2022-04,20220406T083000Z,Veeam Press Office,itnewsafrica.com,South Africa,no,neutral,other
524,2022-04,20220406T084500Z,"HPE : New Cluster at City University of Hong Kong Delivers 10X Speed Boost for HPC , AI",insidehpc.com,United States,no,neutral,other
525,2022-04,20220406T090000Z,Huawei Enterprise : Huawei commits to two - week delivery on flash storage solutions,finanznachrichten.de,Germany,no,neutral,other
526,2022-04,20220406T093000Z,Minister urges youth to become economy driving force,en.antaranews.com,Indonesia,no,neutral,other
527,2022-04,20220406T094500Z,Hyper - Converged Infrastructure Market is Expected to Reach $33 . 16 Billion by 2026,digitaljournal.com,United States,no,neutral,other
528,2022-04,20220406T101500Z,Vantage - occupied data center in Hong Kong sold to Nuveen APCF,datacenterdynamics.com,United States,yes,neutral,investment_buildout
529,2022-04,20220406T101500Z,Why the data center industry will continue to choose lead batteries,datacenterdynamics.com,United States,yes,neutral,tech_operations
530,2022-04,20220406T104500Z,Ethereum Coming  Merge  Could Make or Break Crypto,bnnbloomberg.ca,Canada,no,neutral,other
531,2022-04,20220406T104500Z,Contrasting Hong Kong and China Gas ( OTCMKTS : HOKCY ) & TETRA Technologies ( NYSE : TTI ) ,etfdailynews.com,United States,no,neutral,other
532,2022-04,20220406T110000Z,Switch ( NYSE : SWCH ) Hits New 1 - Year High at $31 . 71,etfdailynews.com,United States,no,neutral,other
533,2022-04,20220406T123000Z,Foxit eSign Gets The Mobile Treatment With Launch Of New iOS Mobile App,prnewswire.com,United States,no,neutral,other
534,2022-04,20220406T124500Z,Huawei Middle East IT Day 2022 spotlights full - stack data centre solutions,khaleejtimes.com,United Arab Emirates,yes,positive,tech_operations
535,2022-04,20220406T130000Z,Horry County officials to sell 20 acres for South Carolina cable landing station at Myrtle Beach,datacenterdynamics.com,United States,no,neutral,other
536,2022-04,20220406T130000Z,Softchoice Named 2022 VMware Partner of the Year,joplinglobe.com,United States,no,neutral,other
537,2022-04,20220406T134500Z,This Growth Stock Could 10X in 10 Years,fool.com,United States,no,neutral,other
538,2022-04,20220406T134500Z,"United States Hyperscale Data Center Markets Report 2022 - 2027 : Rising Investments , IOT & Big Data Driving the Demand , Deployment Of 5G",prnewswire.com,United States,yes,positive,investment_buildout
539,2022-04,20220406T143000Z,"Nextup . ai Launches Jira Integration+ for Microsoft Teams , Transforming the Software Development Process",prnewswire.com,United States,no,neutral,other
540,2022-04,20220406T144500Z,BREAKING : Board approves Amazon data center rezoning in Culpeper County,starexponent.com,United States,yes,positive,policy_regulation
541,2022-04,20220406T144500Z,"BFAR taps infotech for improved monitoring , control , surveillance",philippinetimes.com,Philippines,no,neutral,other
542,2022-04,20220406T151500Z,"Boeing Partners With Microsoft , Amazon , Google in the Cloud",marketwatch.com,United States,no,neutral,other
543,2022-04,20220406T151500Z,"FPI : Florida Families Continue to Struggle With Loss of Income , Food Insecurity",wqcs.org,United States,no,neutral,other
544,2022-04,20220406T153000Z,U of Michigan Warns Students of COVID - 19 Increases,insidehighered.com,United States,no,neutral,other
545,2022-04,20220406T154500Z,DesignCon Keynote : Silicon Photonics Chips Key for Data Centers,designnews.com,United States,yes,positive,tech_operations
546,2022-04,20220406T154500Z,Call for Papers for the 2022 OCP Future Technologies Symposium,hpcwire.com,United States,yes,neutral,tech_operations
547,2022-04,20220406T164500Z,"Voltus , Resideo , and Google Nest to Launch First Bring - Your - Own - Thermostat Program That Delivers Grid Support During Unplanned Power Plant Outages and",us.acrofan.com,South Korea,no,neutral,other
548,2022-04,20220406T164500Z,"Bitcoin mining facility in Pend Oreille Co . draws questions about power use , zoning",spokanepublicradio.org,United States,yes,negative,community_opposition
549,2022-04,20220406T171500Z,SDIA opens working groups on the footprint of the cloud,datacenterdynamics.com,United States,yes,neutral,environment_water
550,2022-04,20220406T174500Z,New IBM Channel Chief Kate Woolley : We Need To Be  More Essential To Our Partners  ,crn.com,United States,no,neutral,other
551,2022-04,20220406T174500Z,Plastic Pigment Market Size Estimated to Reach $18 . 6 Billion by 2027,digitaljournal.com,United States,no,neutral,other
552,2022-04,20220406T180000Z,Tank Level Monitoring System Market Is Set To Surpass $1 Billion By 2026,energy.einnews.com,United States,no,neutral,other
553,2022-04,20220406T191500Z,SEMPRE FINDS SMARTPHONES SURVIVE A NUCLEAR EMP,prnewswire.com,United States,no,neutral,other
554,2022-04,20220406T200000Z,Compass launches modular data center as a service unit,datacenterdynamics.com,United States,yes,positive,investment_buildout
555,2022-04,20220406T203000Z,"Nvidia Dominates MLPerf Inference , Qualcomm also Shines , Where Everybody Else ? ",hpcwire.com,United States,no,neutral,other
556,2022-04,20220406T203000Z,Lagos state fibre duct infrastructure project : Accelerating Lagos smart city with bold vision,pulse.ng,Nigeria,no,neutral,other
557,2022-04,20220406T204500Z,PW Digital Gateway water concerns acknowledged,insidenova.com,United States,yes,negative,environment_water
558,2022-04,20220406T204500Z,The Day - Coast Guard follies indeed - News from southeastern Connecticut,theday.com,United States,no,neutral,other
559,2022-04,20220406T204500Z,The Day - Groton officials badly need a win - News from southeastern Connecticut,theday.com,United States,no,neutral,other
560,2022-04,20220406T230000Z,Connecting The Water Technology Community For Radical Impact,wateronline.com,United States,no,neutral,other
561,2022-04,20220406T233000Z,"Nord Security , the startup behind NordVPN , raises its first - ever funding , $100M at a $1 . 6B valuation – TechCrunch",techcrunch.com,United States,no,neutral,other
562,2022-04,20220406T234500Z,Eighth Circuit Holds Article III Standing Was Lacking for an Alleged Violation of the FCRA  Pre - Adverse Action  Notice Provision | Littler,jdsupra.com,United States,no,neutral,other
563,2022-04,20220406T234500Z,Safeguarding Cloud - Based Data & Mitigating the Cyber Risks Associated with a Remote Workforce | J . S . Held,jdsupra.com,United States,no,neutral,other
564,2022-04,20220418T014500Z,China copper industry got off to a good start in the first quarter _ SMM,news.metal.com,China,no,neutral,other
565,2022-04,20220418T023000Z,"Google to Invest $9 . 5 Billion in U . S . Offices , Data Centers",bangkokpost.com,Thailand,yes,positive,investment_buildout
566,2022-04,20220418T063000Z,ArkData completes disaster recovery system for Kyungpook Univ . ,koreaherald.com,South Korea,no,neutral,other
567,2022-04,20220418T070000Z,Herefordshire man  ground breaking  polar challenge,herefordtimes.com,United Kingdom,no,neutral,other
568,2022-04,20220418T073000Z,Caucus Shakeup Prompts Concern about Candidate Vetting,publicnewsservice.org,United States,no,neutral,other
569,2022-04,20220418T091500Z,IBM Reports Earnings Tuesday . Wall Street Is Watching for Software Growth . ,marketwatch.com,United States,no,neutral,other
570,2022-04,20220418T100000Z,Solar and water construction key in the future of data center sustainability,constructiondive.com,United States,yes,positive,environment_water
571,2022-04,20220418T100000Z,"Alphabet , Amazon , Tesla , and Shopify Stock Splits : Which High - Flying Stocks Are Next to Split ? ",fool.com,United States,no,neutral,other
572,2022-04,20220418T111500Z,Chindata Group Holdings Limited ( NASDAQ : CD ) Short Interest Down 23 . 0 % in March,etfdailynews.com,United States,no,neutral,other
573,2022-04,20220418T121500Z,"Listen To Win $1 , 000 | KASI - AM",1430kasi.iheart.com,United States,no,neutral,other
574,2022-04,20220418T123000Z,DigitalBridge and Wafra Progress Strategic Partnership,galvnews.com,United States,yes,positive,investment_buildout
575,2022-04,20220418T130000Z,Middle Fayette draws closer to landing $1 billion data center and technology campus,thecitizen.com,United States,yes,positive,investment_buildout
576,2022-04,20220418T133000Z,IBM Reports Earnings Tuesday . What to Expect . ,marketwatch.com,United States,no,neutral,other
577,2022-04,20220418T134500Z,Evoque Expands Into Hyperscale With Build - to - Suit Green Data Centers,datacenterfrontier.com,United States,yes,positive,investment_buildout
578,2022-04,20220418T134500Z,Core Scientific Begins Reporting Daily Bitcoin Production,kdhnews.com,United States,no,neutral,other
579,2022-04,20220418T141500Z,Kalaam officially takes over Kuwaiti telecom services group Zajil,tradearabia.com,United Arab Emirates,no,neutral,other
580,2022-04,20220418T144500Z,  Longest Subsea Cable Ever Deployed : 2Africa,oedigital.com,Norway,no,neutral,other
581,2022-04,20220418T144500Z,States look to community colleges to fill labor gap,mdjonline.com,United States,no,neutral,other
582,2022-04,20220418T144500Z,"Colorado Company , netRelevance , Helps Bring Modern Network Speeds to Companies Amidst COVID - 19 Changes",prnewswire.com,United States,no,neutral,other
583,2022-04,20220418T153000Z,10 Best Stocks to Buy According to Billionaire Prem Watsa,insidermonkey.com,United States,no,neutral,other
584,2022-04,20220418T153000Z,5 Best Stocks to Buy According to Billionaire Prem Watsa,insidermonkey.com,United States,no,neutral,other
585,2022-04,20220418T153000Z,OneDigital Hires Marcia Calleja - Matsko as Chief Information Officer - Press Release,wiredprnews.com,United States,no,neutral,other
586,2022-04,20220418T154500Z,"Singtel , Telkom to Build , Acquire SE Asia Data Centres",mingtiandi.com,China,yes,positive,investment_buildout
587,2022-04,20220418T154500Z,"Google To Invest $9 . 5 Bln In U . S . Offices , Data Centers This Year",peacefmonline.com,Ghana,yes,positive,investment_buildout
588,2022-04,20220418T163000Z,Microsoft shifts SONiC development to the Linux Foundation,networkworld.com,United States,yes,neutral,tech_operations
589,2022-04,20220418T183000Z,"One Controversial Loudoun Data Center Project Approved , Another Scaled Back After Opposition",bisnow.com,United States,yes,neutral,community_opposition
590,2022-04,20220418T183000Z,SFA Semicon net profit surges to $12 . 8 million on increased production,bworldonline.com,Philippines,no,neutral,other
591,2022-04,20220418T191500Z,WIN Technology : Expands broadband fiber network in Manitowoc,wisbusiness.com,United States,no,neutral,other
592,2022-04,20220418T194500Z,"Globe names new CIO , CEO for new data center",philstar.com,Philippines,yes,positive,investment_buildout
593,2022-04,20220418T201500Z,Be future - ready and get the latest Nokia G50 5G thru Globe GPlan,ilonggotechblog.com,Philippines,no,neutral,other
594,2022-04,20220418T210000Z,Drought has 2022 rainfall at Lafayette lowest in four decades,theadvertiser.com,United States,no,neutral,other
595,2022-04,20220418T214500Z,"Cybersecurity attack targets Unified Government of Wyandotte County , KCK",kmbc.com,United States,no,neutral,other
596,2022-04,20220418T220000Z,Amazon projected to affect Culpeper rural landscape,insidenova.com,United States,yes,negative,environment_water
597,2022-04,20220418T223000Z,"Data Center Construction Market Size , Share , Top Companies , New Technology , Demand and Forecast 2022 - 2027",newyorktelegraph.com,United States,yes,neutral,investment_buildout
598,2022-04,20220418T223000Z,"Electric Toothbrush Market Size , Share , Top Companies , New Technology , Demand and Forecast 2022 - 2027",newyorktelegraph.com,United States,no,neutral,other
599,2022-04,20220418T223000Z,How to deploy Mattermost to your data center in minutes,techrepublic.com,United States,yes,neutral,tech_operations
600,2022-04,20220418T233000Z,Improving Application Environments in the Cloud,networkcomputing.com,United States,no,neutral,other
601,2022-05,20220504T011500Z,"Aktion Associates , Inc ., Hires Manager to Lead Multi - Industry Division Sales",itnewsonline.com,United States,no,neutral,other
602,2022-05,20220504T011500Z,AMD Earnings Beat Expectations . The Stock is Rising . ,marketwatch.com,United States,no,neutral,other
603,2022-05,20220504T020000Z,"Supercharged IT , superclouds , and superpowered healthcare - what they can deliver",medcitynews.com,United States,no,neutral,other
604,2022-05,20220504T023000Z,Viavi Solutions ( VIAV ) Q3 2022 Earnings Call Transcript,fool.com,United States,no,neutral,other
605,2022-05,20220504T030000Z,AMD says it made strong start toward 2025 energy target,theregister.com,,yes,positive,tech_operations
606,2022-05,20220504T033000Z,BNP Paribas SA ( BNPQF ) CEO Jean - Laurent Bonnafé on Q1 2022 Results - Earnings Call Transcript,seekingalpha.com,United States,no,neutral,other
607,2022-05,20220504T040000Z,Lawmakers react after leaked Supreme Court draft opinion on Roe v . Wade,mcalesternews.com,United States,no,neutral,other
608,2022-05,20220504T043000Z,Skyworks Solutions ( SWKS ) Q2 2022 Earnings Call Transcript,fool.com,United States,no,neutral,other
609,2022-05,20220504T050000Z,Regulations eased to boost property market -- China Economic Net,en.ce.cn,China,no,neutral,other
610,2022-05,20220504T051500Z,"AMD grows its revenue by 71 %, brushing aside concerns of a semiconductor slowdown",siliconangle.com,United States,no,neutral,other
611,2022-05,20220504T054500Z,Arcadis N . V .: Arcadis Trading Update Q1 2022,finanznachrichten.de,Germany,no,neutral,other
612,2022-05,20220504T060000Z,"VPN Companies In India To Collect , Store User Data For Minimum 5 Years",gizchina.com,China,no,neutral,other
613,2022-05,20220504T071500Z,Bitcoin Mining Stocks Have Been Slammed . The EPA Could Make It Worse . ,marketwatch.com,United States,no,neutral,other
614,2022-05,20220504T073000Z,Arcadis Trading Update Q1 2022,globenewswire.com,United States,no,neutral,other
615,2022-05,20220504T074500Z,Regulations eased to boost Hong Kong property market,thestar.com.my,Malaysia,no,neutral,other
616,2022-05,20220504T083000Z,"Nokia deploys data center edge routers to support team . blue Denmark rapid hosting and cloud services growth , Digital Platforms & Services",telecomtv.com,United Kingdom,yes,positive,tech_operations
617,2022-05,20220504T084500Z,ECOWAS praises the opening of Togo Police Information Center,icilome.com,Togo,no,neutral,other
618,2022-05,20220504T103000Z,AMD : On Track to Improve Accelerated Datacenter Efficiency by 30x by 2025,tomshardware.com,United States,yes,positive,tech_operations
619,2022-05,20220504T114500Z,Is It Time to Buy the S & P 500 3 Worst - Performing April Stocks ? ,fool.com,United States,no,neutral,other
620,2022-05,20220504T114500Z,N - able Cove Data Protection provides cloud - first backup and disaster recovery for businesses,helpnetsecurity.com,,no,neutral,other
621,2022-05,20220504T114500Z,Lumentum Announces Fiscal Third Quarter 2022 Financial Results,prnewswire.com,United States,no,neutral,other
622,2022-05,20220504T120000Z,Editorial Roundup : Pennsylvania,thedailyreview.com,United States,no,neutral,other
623,2022-05,20220504T123000Z,"Stocks Making the Biggest Moves Premarket : Uber , Brinker , Generac and More",nbcdfw.com,United States,no,neutral,other
624,2022-05,20220504T123000Z,Futures Rise Ahead Of Biggest Fed Rate Hike Since The Dot Com Bubble Burst,zerohedge.com,United States,no,neutral,other
625,2022-05,20220504T124500Z,Adani airport business becomes the second - largest revenue generator for the group,thehindubusinessline.com,India,no,neutral,other
626,2022-05,20220504T124500Z,Opus Interactive Announces  This Is How You Cloud  Marketing Campaign,wfmz.com,United States,no,neutral,other
627,2022-05,20220504T130000Z,AES Expands Renewable Energy Agreement with Microsoft to California Data Centers,finance.yahoo.com,United States,yes,positive,energy_grid
628,2022-05,20220504T131500Z,"Intel Recovery Hits a Speed Bump , but It Too Early to Hit the Panic Button",fool.com,United States,no,neutral,other
629,2022-05,20220504T131500Z,Robots Are The Key To Advancing Artificial Intelligence,forbes.com,United States,no,neutral,other
630,2022-05,20220504T134500Z,12 Best American Stocks To Buy in 2022 - Insider Monkey,insidermonkey.com,United States,no,neutral,other
631,2022-05,20220504T140000Z,Situation Publishing Hires Tobias Mann as Systems Editor at The Register,prweb.com,United States,no,neutral,other
632,2022-05,20220504T141500Z,"International Money Express , Inc . Reports Strong First - Quarter Results",apnews.com,United States,no,neutral,other
633,2022-05,20220504T141500Z,Advice for renting out your home during NFL Draft,kshb.com,United States,no,neutral,other
634,2022-05,20220504T141500Z,"High Availability Server Market Statistics , Growth , Trends and Will Generate New Growth Opportunities Status 2029",newyorktelegraph.com,United States,no,neutral,other
635,2022-05,20220504T143000Z,JLL names new CFO for Work Dynamics in the Americas – REJournals,rejournals.com,United States,no,neutral,other
636,2022-05,20220504T144500Z,Panama to host data center for EU space program,newsroompanama.com,Panama,yes,positive,investment_buildout
637,2022-05,20220504T144500Z,"United States Data Center Power Market Outlook & Forecast Report 2022 - 2027 Featuring Leading Players - ABB , Eaton , Legrand , Schneider Electric , and Vertiv - ResearchAndMarkets . com",businesswire.com,United States,yes,neutral,energy_grid
638,2022-05,20220504T144500Z,OUR VIEW : Port looks to city future,muskogeephoenix.com,United States,no,neutral,other
639,2022-05,20220504T150000Z,"Nasdaq , S & P 500 slide ahead of Fed decision",streetinsider.com,United States,no,neutral,other
640,2022-05,20220504T153000Z,"AMD Crushed It , Lisa Su Crushed It : Here How to Trade It",realmoney.thestreet.com,United States,no,neutral,other
641,2022-05,20220504T153000Z,"Wall St update : Nasdaq , S & P 500 slide ahead of Fed decision",businesstoday.in,India,no,neutral,other
642,2022-05,20220504T153000Z,AVTECH Named A  Best Place To Work  For Second Year In A Row By Providence Business News,digitaljournal.com,United States,no,neutral,other
643,2022-05,20220504T160000Z,Johnson Controls Stock Price Today | JCI Live Ticker,investing.com,United States,no,neutral,other
644,2022-05,20220504T160000Z,$10 billion of subsea cables to enter service in next two years,totaltele.com,United Kingdom,no,neutral,other
645,2022-05,20220504T163000Z,Live Nation Concert Week 2022 | Country 92 - 5,country925.iheart.com,United States,no,neutral,other
646,2022-05,20220504T163000Z,Eurobites : BT takes a chance on Amazon cloud,lightreading.com,United States,no,neutral,other
647,2022-05,20220504T164500Z,Datacenters in Ireland draw more power than all rural homes,theregister.com,,yes,negative,energy_grid
648,2022-05,20220504T170000Z,"Dell Technologies World 2022 : Liqid , Samsung , and Tanzanite Silicon Solutions Deliver CXL Orchestration with Composable Memory Demo",ein.iconnect007.com,United States,no,neutral,other
649,2022-05,20220504T170000Z,VueNow conducts ground blessing ceremony on data center site in Hamirpur,datacenterdynamics.com,United States,yes,positive,investment_buildout
650,2022-05,20220504T174500Z,Brookfield Infrastructure Partners L . P . ( BIP ) CEO Sam Pollock on Q1 2022 Results - Earnings Call Transcript,seekingalpha.com,United States,no,neutral,other
651,2022-05,20220504T174500Z,"Dell Has  The World Best Supply Chain , Top Execs Say",crn.com,United States,no,neutral,other
652,2022-05,20220504T184500Z,Colleges where acceptance rates have decreased the most since 2001,tulsaworld.com,United States,no,neutral,other
653,2022-05,20220504T184500Z,Telecom Italia Earnings Decline on Stiff Domestic Competition,bnnbloomberg.ca,Canada,no,neutral,other
654,2022-05,20220504T190000Z,Nvidia Stock : Headwinds Priced In - Buy On Weakness ( NASDAQ : NVDA ) ,seekingalpha.com,United States,no,neutral,other
655,2022-05,20220504T204500Z,Google Announces $75M Oklahoma Investment At Mayes County Data Center,thebulltulsa.com,,yes,positive,investment_buildout
656,2022-05,20220504T210000Z,News On 6,newson6.com,United States,no,neutral,other
657,2022-05,20220504T211500Z,Bitcoin Miner Marathon Posts Loss After Impairment Charge,bnnbloomberg.ca,Canada,no,neutral,other
658,2022-05,20220504T211500Z,Hillstone Networks Expands Its Security Portfolio With CloudArmour,forbes.com,United States,no,neutral,other
659,2022-05,20220504T220000Z,The Semiconductor Bust . Still Coming ? ,asianometry.substack.com,,no,neutral,other
660,2022-05,20220504T220000Z,Charleston - area tech firm buys Florida cloud services provider,postandcourier.com,United States,no,neutral,other
661,2022-05,20220504T221500Z,Newsquawk US Market Wrap : SPX posts largest gain since May 2020 after Powell refutes 75bp move,zerohedge.com,United States,no,neutral,other
662,2022-05,20220507T000000Z,BXH Appointed New Head of Risk Management and Security,globenewswire.com,United States,no,neutral,other
663,2022-05,20220507T001500Z,South Sudan kicks off plans to nationalize oil industry,africaleader.com,South Africa,no,neutral,other
664,2022-05,20220507T053000Z,Amazon seeks tax breaks for 5 new data centers in Morrow County,lagrandeobserver.com,United States,yes,neutral,jobs_economy
665,2022-05,20220507T064500Z,Moving to S / 4HANA ? Why you should rethink your integration,bitpipe.computerweekly.com,United Kingdom,no,neutral,other
666,2022-05,20220507T080000Z,The right attitude,datacenterdynamics.com,United States,yes,neutral,other
667,2022-05,20220507T083000Z,"Fire in LIC suburban office , critical IT assets safe , no casualties ( Ld ) ",prokerala.com,India,no,neutral,other
668,2022-05,20220507T094500Z,Fire breaks out at LIC building in suburban Mumbai,thehindu.com,India,no,neutral,other
669,2022-05,20220507T110000Z,Why a Successful Microsoft Is Good for All Investors -- Even If They Dont Own the Stock,fool.com,United States,no,neutral,other
670,2022-05,20220507T114500Z,3 Monster Dividend Stocks That Can Outlast a Prolonged Bear Market,fool.com,United States,no,neutral,other
671,2022-05,20220507T133000Z,Better Buy : AMD vs . Intel | The Motley Fool,fool.com,United States,no,neutral,other
672,2022-05,20220507T134500Z,Micron : Outstanding Opportunity For A Data - Centric Inflationary Future ( NASDAQ : MU ) ,seekingalpha.com,United States,no,neutral,other
673,2022-05,20220507T134500Z,Backblaze Inc . ( BLZE ) CEO Gleb Budman on Q1 2022 Results - Earnings Call Transcript,seekingalpha.com,United States,no,neutral,other
674,2022-05,20220507T154500Z,RISC - V CEO : Winning over giants like Intel key to growth,theregister.com,,no,neutral,other
675,2022-05,20220507T170000Z,Tale of the tape,philstar.com,Philippines,no,neutral,other
676,2022-05,20220507T190000Z,Dealmaking at Sovereign Wealth Funds Grows Despite Macro and Geopolitical Risks,swfinstitute.org,United States,no,neutral,other
677,2022-05,20220507T193000Z,"Casa Systems , Inc . ( CASA ) CEO Jerry Guo on Q1 2022 Results - Earnings Call Transcript",seekingalpha.com,United States,no,neutral,other
678,2022-05,20220507T200000Z,"Liberty Latin America ( NASDAQ : LILA ) Posts Earnings Results , Beats Estimates By $0 . 24 EPS",etfdailynews.com,United States,no,neutral,other
679,2022-05,20220507T203000Z,Vantage and McLaren MX Extreme E Team launches Mother Day Campaign featuring McLaren first female driver - PRN India News,news.webindia123.com,India,no,neutral,other
680,2022-05,20220507T233000Z,Truly Secure : Keeping cyberattacks at bay for enterprises in the region,khaleejtimes.com,United Arab Emirates,no,neutral,other
681,2022-05,20220508T011500Z,Bitcoin cryptocurrency mining facility debuts in West Texas,lubbockonline.com,United States,no,neutral,other
682,2022-05,20220508T013000Z,Neighbors sue Culpeper supervisors over data - centers rezoning,fredericksburg.com,United States,yes,negative,community_opposition
683,2022-05,20220508T013000Z,How US tech is using a data center pact to lobby Brussels,politico.eu,United States,yes,neutral,policy_regulation
684,2022-05,20220508T031500Z,VNET Group ( NASDAQ : VNET ) vs . Similarweb ( NYSE : SMWB ) Financial Survey,etfdailynews.com,United States,no,neutral,other
685,2022-05,20220508T050000Z,Why a New York Bill Barring New Crypto Mines Would Be Bad for Business,finance.yahoo.com,United States,no,neutral,other
686,2022-05,20220508T054500Z,Truly Secure : Keeping Cyberattacks At Bay For Enterprises In ... ,menafn.com,Qatar,no,neutral,other
687,2022-05,20220508T071500Z,Data sovereignty : The move toward localization,techradar.com,United Kingdom,yes,neutral,policy_regulation
688,2022-05,20220508T080000Z,SPX Corporation ( SPXC ) CEO Gene Lowe on Q1 2022 Results - Earnings Call Transcript,seekingalpha.com,United States,no,neutral,other
689,2022-05,20220508T094500Z,"GSI Technology , Inc . ( GSIT ) CEO Lee - Lean Shu on Q4 2022 Results - Earnings Call Transcript",seekingalpha.com,United States,no,neutral,other
690,2022-05,20220508T094500Z,The growing threat of cyber - fraud,tribune.com.pk,Pakistan,no,neutral,other
691,2022-05,20220508T101500Z,Telrad Networks sold for NIS 199m five years after IPO,en.globes.co.il,Israel,no,neutral,other
692,2022-05,20220508T101500Z,Telecom Italia SpA ( TIIAY ) CEO Pietro Labriola on Q1 2022 Results - Earnings Call Transcript,seekingalpha.com,United States,no,neutral,other
693,2022-05,20220508T111500Z,Digi International Inc . ( DGII ) CEO Ron Konezny on Q2 2022 Results - Earnings Call Transcript,seekingalpha.com,United States,no,neutral,other
694,2022-05,20220508T154500Z,How the Cloud Can Reduce Emissions in the Financial Services Industry,webpronews.com,United States,yes,positive,environment_water
695,2022-05,20220508T163000Z,Captain Future Professor Simon Wright - In your Raspberry Pi | by dck,dck-one.medium.com,United States,no,neutral,other
696,2022-05,20220508T170000Z,How Western Digital Rose 6 . 9 % During a Terrible April for the Markets,fool.com,United States,no,neutral,other
697,2022-05,20220508T174500Z,"TTM Technologies , Inc . ( TTMI ) CEO Tom Edman on Q1 2022 Results - Earnings Call Transcript",seekingalpha.com,United States,no,neutral,other
698,2022-05,20220508T193000Z,Africa Lags behind the Rest of the World in Internet Adoption,africa.com,South Africa,no,neutral,other
699,2022-05,20220508T220000Z,Peru Data Center Market to Hit $179 Million by 2027 . Green,globenewswire.com,United States,yes,positive,investment_buildout
700,2022-05,20220516T020000Z,Micron Stock : PC And Mobile Headwinds Could Cause More Pain ( NASDAQ : MU ) ,seekingalpha.com,United States,no,neutral,other
701,2022-05,20220516T024500Z,Intel partners with Scale Computing,crn.com.au,Australia,no,neutral,other
702,2022-05,20220516T031500Z,"Sunday Talks , Bartiromo Interviews Nunes and Patel About Musk and Twitter",theconservativetreehouse.com,United States,no,neutral,other
703,2022-05,20220516T054500Z,Companies Join to Create First Mass Manufacturing of Sodium - ion Batteries,thomasnet.com,United States,no,neutral,other
704,2022-05,20220516T070000Z,Operational Technology Security Market Report With Executive ... ,menafn.com,Qatar,no,neutral,other
705,2022-05,20220516T080000Z,"Gautam Adani , Asia richest man , forges $10 . 5 billion deal with Holcim",gulfnews.com,United Arab Emirates,no,neutral,other
706,2022-05,20220516T081500Z,"Microland Foundation Renovates and Modernizes the Out - Patient Department of Government Lawley Hospital , Coonoor",bignewsnetwork.com,United States,no,neutral,other
707,2022-05,20220516T091500Z,POET loss rises in Q1 as product development and introduction programs expand,semiconductor-today.com,United States,no,neutral,other
708,2022-05,20220516T093000Z,"AirTrunk announces second hyperscale campus in Tokyo , Japan",datacenterdynamics.com,United States,yes,positive,investment_buildout
709,2022-05,20220516T094500Z,The Next Wave : Should Africa be worried about Chinese tech dominance ? ,techcabal.com,Nigeria,no,neutral,other
710,2022-05,20220516T094500Z,We need long term energy storage ! ,datacenterdynamics.com,United States,yes,neutral,energy_grid
711,2022-05,20220516T100000Z,SML Launches Its First RFID Technology Center In Hong Kong,datacollectiononline.com,United States,no,neutral,other
712,2022-05,20220516T104500Z,Contrasting CTO Realty Growth ( NYSE : CTO ) and Iron Mountain ( NYSE : IRM ) ,etfdailynews.com,United States,no,neutral,other
713,2022-05,20220516T110000Z,Habana Labs AI Deep Learning 2nd Gen processors,geeky-gadgets.com,United Kingdom,no,neutral,other
714,2022-05,20220516T120000Z,Bitech Technologies Provides Quarterly Shareholder Update with Growth Plan – Padovanews,padovanews.it,Italy,no,neutral,other
715,2022-05,20220516T120000Z,"Baidu releases 2021 ESG Report , pledging efforts towards a greener future",geospatialworld.net,United States,no,neutral,other
716,2022-05,20220516T121500Z,How CXL may change the datacenter as we know it,theregister.com,,yes,neutral,tech_operations
717,2022-05,20220516T131500Z,"Blaize and Innovatrics Provide Edge Ready , Low Power , Low Latency Facial Recognition Technology ! ",apnews.com,United States,no,neutral,other
718,2022-05,20220516T131500Z,Bluehost vs Hostinger : Which web host do experts recommend ? ,techradar.com,United Kingdom,no,neutral,other
719,2022-05,20220516T133000Z,3 REITs to Buy to Increase Your Global Exposure,fool.com,United States,no,neutral,other
720,2022-05,20220516T133000Z,CITIC Telecom CPC launches  SmartCLOUD Container Service  to Empower Businesses for Application Development,jcnnewswire.com,Japan,no,neutral,other
721,2022-05,20220516T134500Z,Report : New York Internet to take over space at 60 Hudson vacated by Equinix,datacenterdynamics.com,United States,yes,neutral,investment_buildout
722,2022-05,20220516T134500Z,"Liberty Latin America Ltd . ( NASDAQ : LILAK ) Major Shareholder John C . Malone Purchases 567 , 151 Shares",etfdailynews.com,United States,no,neutral,other
723,2022-05,20220516T134500Z,Stocks on Sale : Is AMD a Buy ? | The Motley Fool,fool.com,United States,no,neutral,other
724,2022-05,20220516T134500Z,Global Telecom Power System Market Report 2022 : Increasing,globenewswire.com,United States,no,neutral,other
725,2022-05,20220516T134500Z,"OffsiteDataSync Introduces Recovery from Any Cloud , Any Platform for Veeam via BaaS and DRaaS",prweb.com,United States,no,neutral,other
726,2022-05,20220516T134500Z,Wanclouds Debuts VPC+ DRaaS with IBM Cloud Satellite Functionality at KubeCon + CloudNativeCon Europe 2022,prweb.com,United States,no,neutral,other
727,2022-05,20220516T141500Z,Constellation Energy Corporation ( CEG ) Q1 2022 Earnings Call Transcript,fool.com,United States,no,neutral,other
728,2022-05,20220516T144500Z,"GitHub - PacktPublishing / Linux - for - Networking - Professionals : Linux for Networking Professionals , published by Packt",github.com,United States,no,neutral,other
729,2022-05,20220516T144500Z,In - memory Data Grid Market Size to Grow by USD 1 . 51 Billion | Growth of Big Data to Drive Growth,prnewswire.com,United States,no,neutral,other
730,2022-05,20220516T151500Z,Earthquakes shake Coachella Valley during lunar eclipse,desertsun.com,United States,no,neutral,other
731,2022-05,20220516T153000Z,Schneider Electric Ranked 20th in the World Top 100 for Gender Equality by Equileap,apnews.com,United States,no,neutral,other
732,2022-05,20220516T153000Z,Red Hat CEO :  Open Hybrid Cloud Will Be Defined By Hardware Innovation At The Edge  ,crn.com,United States,no,neutral,other
733,2022-05,20220516T154500Z,How chip architectures are evolving to support embedded AI,electronics360.globalspec.com,United States,no,neutral,other
734,2022-05,20220516T161500Z,Prince Mohammed Bin Salman City selects solutions by stc to implement Smart City strategy,arabnews.com,Saudi Arabia,no,neutral,other
735,2022-05,20220516T170000Z,Orolia and Meta Collaborate On Accurate and Resilient Timing Network,insidegnss.com,United States,no,neutral,other
736,2022-05,20220516T174500Z,Monochrome Display Market Estimated To Garner USD 31 . 33 Bill ... ,menafn.com,Qatar,no,neutral,other
737,2022-05,20220516T180000Z,"As Overdoses Sharply Increase , Spero Health Brings Lifesaving Addiction Treatment with Opening of Three New Clinics in Virginia",us.acrofan.com,South Korea,no,neutral,other
738,2022-05,20220516T183000Z,Light Reading,lightreading.com,United States,no,neutral,other
739,2022-05,20220516T191500Z,Bitfarms Ltd . ( BITF ) CEO Emiliano Grodzki on Q1 2022 Results - Earnings Call Transcript,seekingalpha.com,United States,no,neutral,other
740,2022-05,20220516T193000Z,Robust Technology Supports Higher Education Cybersecurity Training Programs,edtechmagazine.com,United States,no,neutral,other
741,2022-05,20220516T201500Z,"AAON , Inc . ( NASDAQ : AAON ) VP Rony D . Gadiwalla Sells 4 , 000 Shares",etfdailynews.com,United States,no,neutral,other
742,2022-05,20220516T204500Z,AFCOM Potomac Launches Fifth Summer Internship Program,datacenterknowledge.com,United States,yes,positive,jobs_economy
743,2022-05,20220516T204500Z,Red Hat Partnership With GM : From Edge to Data Center and Back Again,datacenterknowledge.com,United States,yes,positive,tech_operations
744,2022-05,20220516T204500Z,Greenidge Generation Reports First Quarter 2022 Results and Provides April 2022 Operational Update,prnewswire.com,United States,no,neutral,other
745,2022-05,20220516T210000Z,"Cloud Revenues Q1 , 2022 : Surfing an Ever Larger Wave",eweek.com,United States,no,neutral,other
746,2022-05,20220516T213000Z,The Europe Hyperscale Data Center Market to Reach $36 . 5,globenewswire.com,United States,yes,positive,investment_buildout
747,2022-05,20220516T220000Z,Twenty - Three Ingram Micro Executives Named to CRN 2022 Women of the Channel ; Three Celebrated on Power 100,apnews.com,United States,no,neutral,other
748,2022-05,20220516T220000Z,Gilbert ranks No . 1 for office construction in U . S . ,azbigmedia.com,United States,no,neutral,other
749,2022-05,20220516T223000Z,"STRONGHOLD DIGITAL MINING , INC . Management Discussion and Analysis of Financial Condition and Results of Operations ( form 10 - Q ) ",marketscreener.com,,no,neutral,other
750,2022-05,20220516T234500Z,"Global 3D NAND Flash Memory Market to Garner $78 . 42 Billion by 2030 , States the Report by Allied Market Research",sandiegosun.com,United States,no,neutral,other
751,2022-06,20220615T000000Z,"Newswire & Press Release / Rocket Software Enhances Job Control Management Solution to Drive Efficiency in Mainframe Data Centers - Software - Rocket Software , Inc . ",newswiretoday.com,United States,yes,positive,tech_operations
752,2022-06,20220615T001500Z,Yellowbrick 6 advances cloud data warehouse deployments,techtarget.com,United States,no,neutral,other
753,2022-06,20220615T010000Z,Fortinet Releases its Inaugural Sustainability Report,pressreleasepoint.com,United States,no,neutral,other
754,2022-06,20220615T011500Z,Alibaba challenges AWS with a custom smartNIC of its own,theregister.com,,yes,neutral,tech_operations
755,2022-06,20220615T023000Z,"Caixin Global - Latest Business and Financial News on China , U . S . Trade War and Negotiations , Breaking News , Headlines and Developments",caixinglobal.com,China,no,neutral,other
756,2022-06,20220615T031500Z,Vertiv Geist RTS makes redundant power backbone to distributed IT applications,voxy.co.nz,New Zealand,yes,positive,tech_operations
757,2022-06,20220615T050000Z,"Jeff Leblanc , AMAG VP Professional Services , Talks About  Cus ... ",menafn.com,Qatar,no,neutral,other
758,2022-06,20220615T053000Z,"Moro Hub and PhishRod Collaborate to launch Waee , the Region ... ",menafn.com,Qatar,no,neutral,other
759,2022-06,20220615T060000Z,Apple reportedly testing more eco - friendly packaging for these iPhones,dnaindia.com,India,no,neutral,other
760,2022-06,20220615T063000Z,Tribune editorial : Bitzero plans for state not without risk,bismarcktribune.com,United States,yes,negative,jobs_economy
761,2022-06,20220615T084500Z,Hitachi Energy and Schneider Electric collaborate to speed up the energy transition,utilities-me.com,United Arab Emirates,no,neutral,other
762,2022-06,20220615T091500Z,Cloud technology is at the heart of remote patient monitoring : Dozee,prokerala.com,India,no,neutral,other
763,2022-06,20220615T091500Z,Simple Fiber cuts ribbon in Denton,stardem.com,United States,no,neutral,other
764,2022-06,20220615T094500Z,"Global and China Leading Tier1 Supplier Intelligent Cockpit Business Report 2022 : Mass Production of Innovative Cockpits Gathers Pace , and Penetration of New Technologies is on a Rapid Rise",finance.yahoo.com,United States,no,neutral,other
765,2022-06,20220615T103000Z,HPE Greenlake to power Taeknizon expansion in UAE,theregister.com,,yes,positive,investment_buildout
766,2022-06,20220615T110000Z,10 top automation and orchestration tools,networkworld.com,United States,no,neutral,other
767,2022-06,20220615T111500Z,Business Benefits of Implementing Storage Area Network,business-review.eu,Romania,no,neutral,other
768,2022-06,20220615T111500Z,Enchanted Rock to Develop California Largest Renewable Microgrid to Ensure Resiliency of Microsoft Data Center,prnewswire.com,United States,yes,positive,energy_grid
769,2022-06,20220615T114500Z,Sono Motors Cooperates With Logistics Provider Rhenus to,globenewswire.com,United States,no,neutral,other
770,2022-06,20220615T121500Z,Heat Pumps Market Is Estimated To Expand At A CAGR Of 5 . 4 % B ... ,menafn.com,Qatar,no,neutral,other
771,2022-06,20220615T121500Z,Infinidat Celebrates Success at Storage Magazine united kingdom Storries Awards XIX,streetinsider.com,United States,no,neutral,other
772,2022-06,20220615T124500Z,"Microsoft to Use Microgrid , Biofuel for Backup Power at San Jose Data Center",datacenterfrontier.com,United States,yes,positive,energy_grid
773,2022-06,20220615T130000Z,"Coviant Software Responds to Market Demand , Releases Diplomat MFT 9 . 1 with Replication , Synchronization Features",prnewswire.com,United States,no,neutral,other
774,2022-06,20220615T131500Z,San Diego resale home price drops for the first time this year . Sign of a cooling market ? ,sandiegouniontribune.com,United States,no,neutral,other
775,2022-06,20220615T131500Z,Traefik Labs and HashiCorp Partner to Strengthen Ingress for Nomad,streetinsider.com,United States,no,neutral,other
776,2022-06,20220615T133000Z,"Bit Origin Limited to Invest in a Mining Site in Cheyenne , Wyoming with 75 Megawatts of Mining Power",apnews.com,United States,yes,positive,investment_buildout
777,2022-06,20220615T143000Z,"Renewable Innovations and Aicon Yachts Chart the Path Towards Greener , Sustainable Yachting with Hydrogen",energy.einnews.com,United States,no,neutral,other
778,2022-06,20220615T150000Z,"Vietnam Telecom Markets , Analysis , Competition , Forecasts & Opportunities , 2017 - 2021 & 2022 - 2027 : Market Trends & Developments , Policy & Regulatory Landscape , Competitive Landscape",prnewswire.com,United States,no,neutral,other
779,2022-06,20220615T151500Z,Solana blockchain buys bare metal servers through Edgevana aggregation service,datacenterdynamics.com,United States,yes,neutral,investment_buildout
780,2022-06,20220615T153000Z,Cisco CEO : Navigating constant crisis is the new reality,lightreading.com,United States,no,neutral,other
781,2022-06,20220615T153000Z,Horizon Media Named Among Fortune Magazine 2022 Best Workplaces in New York,prnewswire.com,United States,no,neutral,other
782,2022-06,20220615T153000Z,NIAGARA NETWORKS DEBUTS INDUSTRY RECORD FOR IN - LINE CYBERSECURITY PROTECTION,prnewswire.com,United States,no,neutral,other
783,2022-06,20220615T153000Z,"InvestorNewsBreaks – Blue Hat Interactive Entertainment Technology ( NASDAQ : BHAT ) Notified by NASDAQ , Regains Compliance",streetinsider.com,United States,no,neutral,other
784,2022-06,20220615T160000Z,Flowserve to Supply Pumps to Leading Provider of Immersion Cooling Technology – Consumer Electronics Net,consumerelectronicsnet.com,United States,yes,neutral,tech_operations
785,2022-06,20220615T160000Z,InfluxData Announces InfluxDB Edge Data Replication – Consumer Electronics Net,consumerelectronicsnet.com,United States,no,neutral,other
786,2022-06,20220615T160000Z,Blue Hat Regains Compliance with Nasdaq Minimum Bid Price Requirement,marketscreener.com,,no,neutral,other
787,2022-06,20220615T161500Z,Euronext completes data center migration from united kingdom to Italy,datacenterdynamics.com,United States,yes,neutral,tech_operations
788,2022-06,20220615T164500Z,Couchbase Named One of the Best Workplaces in the Bay Area in 2022 by Great Place to Work® and Fortune Magazine,prnewswire.com,United States,no,neutral,other
789,2022-06,20220615T170000Z,"IT News Online - GaN Systems Launches New Higher Performance , Low - Cost Transistor for Consumer , Industrial , and Data Center Applications",itnewsonline.com,United States,yes,positive,tech_operations
790,2022-06,20220615T170000Z,"Japan , US partner on 2nm chip R & D and manufacturing",techspot.com,United States,no,neutral,other
791,2022-06,20220615T171500Z,Saddleback Communications Celebrates 25 Years Connecting the Community,prweb.com,United States,no,neutral,other
792,2022-06,20220615T171500Z,Service Objects Announces 20th Anniversary and Five Billionth Transaction,prweb.com,United States,no,neutral,other
793,2022-06,20220615T173000Z,MarinHealth Receives Quality and Sustainability Award for Achieving Low Cesarean Birth Rate,apnews.com,United States,no,neutral,other
794,2022-06,20220615T174500Z,Missing Key : The challenge of cybersecurity and central bank digital currency,atlanticcouncil.org,United States,no,neutral,other
795,2022-06,20220615T181500Z,"IES Holdings , Inc . ( NASDAQ : IESC ) Short Interest Up 35 . 7 % in May",etfdailynews.com,United States,no,neutral,other
796,2022-06,20220615T183000Z,Internet search services : Europe ′ s quest for online privacy | Business | Economy and finance news from a German perspective | DW,dw.com,Germany,no,neutral,other
797,2022-06,20220615T183000Z,"Sprinklr , Inc . ( CXM ) Q1 2023 Earnings Call Transcript",fool.com,United States,no,neutral,other
798,2022-06,20220615T190000Z,May 2022 among Earth top - 10 warmest | National Oceanic and Atmospheric Administration,noaa.gov,United States,no,neutral,other
799,2022-06,20220615T193000Z,Calix Operations Cloud Awarded 2022 Cloud Computing Product of the Year As BSPs Benefit by Dramatically Reducing OPEX Up to 80 Percent,businesswire.com,United States,no,neutral,other
800,2022-06,20220615T200000Z,Microsoft to use a biofuel - powered microgrid for backup in San Jose,datacenterdynamics.com,United States,yes,positive,energy_grid
801,2022-06,20220615T200000Z,"India Surges in International Bandwidth Demand , Expects a 38 % Compound Annual Growth Rate Between 2021 to 2028 , According to TeleGeography",totaltele.com,United Kingdom,no,neutral,other
802,2022-06,20220615T200000Z,Quickline selects Proximity to support rural network expansion,totaltele.com,United Kingdom,no,neutral,other
803,2022-06,20220615T210000Z,We Wanted Records on the Biggest Users of Water in Bend . One Major Supplier Sued Us Instead . ,bendsource.com,United States,yes,negative,environment_water
804,2022-06,20220615T220000Z,BIT Mining Limited ( NYSE : BTCM ) Short Interest Up 46 . 5 % in May,etfdailynews.com,United States,no,neutral,other
805,2022-06,20220615T221500Z,Enchanted Rock to Develop California Largest Renewable Microgrid | Manufacturing Business Technology,mbtmag.com,United States,yes,positive,energy_grid
806,2022-06,20220615T224500Z,Cisco Introduces Nexus Cloud To Simplify Operations,eweek.com,United States,yes,positive,tech_operations
807,2022-06,20220615T233000Z,"Registration Open for Open Compute Project Summit , Oct . 18 - 20",insidehpc.com,United States,yes,neutral,tech_operations
808,2022-06,20220615T233000Z,Internet of Things News | Latest News,newsnow.co.uk,United Kingdom,no,neutral,other
809,2022-06,20220615T233000Z,"Zeta Appoints Williams - Sonoma Executive , Jeanine Barnett Silberblatt , to Board of Directors",streetinsider.com,United States,no,neutral,other
810,2022-06,20220616T001500Z,"Everspin Technologies , Inc .: Everspin to Showcase New STT - MRAM Products at Embedded World 2022 June 21 - 23 , CEO to present details on IoT and FPGA focused MRAM",finanznachrichten.de,Germany,no,neutral,other
811,2022-06,20220617T000000Z,"Shaky oasis for some polar bears found , but not for species",cp24.com,Canada,no,neutral,other
812,2022-06,20220617T014500Z,Asperitas Teams Up with Unica Datacenters for Immersion Cooling Deployments,hpcwire.com,United States,yes,positive,tech_operations
813,2022-06,20220617T024500Z,Newly documented polar bear population lives in a surprising place,localnews8.com,United States,no,neutral,other
814,2022-06,20220617T060000Z,DITO has 9 M subscribers,mb.com.ph,Philippines,no,neutral,other
815,2022-06,20220617T083000Z,PubMatic Achieves 100 % Renewable Energy Across Global Data Centers – Padovanews,padovanews.it,Italy,yes,positive,energy_grid
816,2022-06,20220617T094500Z,"United States Copper Scrap Market Size , Share & Trends Analysis Report 2022 - 2030 - Demand for Recycled Copper in Foundries and Ingot - Making Applications Driving Growth - ResearchAndMarkets . com",businesswire.com,United States,no,neutral,other
817,2022-06,20220617T104500Z,"Nigeria Is Blessed With 44 Quality Commercial Minerals In 500 Locations , Says Minister Amid Country Reliance On Oil",saharareporters.com,Nigeria,no,neutral,other
818,2022-06,20220617T104500Z,"Cooling Towers Market To Power And Cross USD 3 , 557 Mn By The ... ",menafn.com,Qatar,no,neutral,other
819,2022-06,20220617T121500Z,"Jim Chanos Tears Into Crypto , Tesla , Warns Rate Hikes Will Hit Stocks",markets.businessinsider.com,United States,no,neutral,other
820,2022-06,20220617T123000Z,"Plate , South Korean Minister discuss data center partnership",en.antaranews.com,Indonesia,yes,positive,policy_regulation
821,2022-06,20220617T131500Z,5 Stocks the World Top Investors Are Loading Up on Right Now,siouxcityjournal.com,United States,no,neutral,other
822,2022-06,20220617T133000Z,Databank Announces Major Recapitalization,prnewswire.com,United States,yes,positive,investment_buildout
823,2022-06,20220617T140000Z,Valens Semiconductor : An Overlooked Company With Incredible Potential ( NYSE : VLN ) ,seekingalpha.com,United States,no,neutral,other
824,2022-06,20220617T144500Z,Financial Comparison : Direct Digital ( NASDAQ : DRCT ) vs . Chindata Group ( NASDAQ : CD ) ,etfdailynews.com,United States,no,neutral,other
825,2022-06,20220617T153000Z,Spring 2022 Product Call Highlights,architectmagazine.com,United States,no,neutral,other
826,2022-06,20220617T153000Z,Customized One to Multi - Day Courses | IEEE Communications Society,comsoc.org,United States,no,neutral,other
827,2022-06,20220617T153000Z,IEEE TCN November 2019 | IEEE Communications Society,comsoc.org,United States,no,neutral,other
828,2022-06,20220617T154500Z,Calming Words for Investors in the Most Recent Bear Market,fool.com,United States,no,neutral,other
829,2022-06,20220617T170000Z,TikTok Says 100 % of U . S . User Traffic Being Routed to Oracle Cloud Infrastructure,marketwatch.com,United States,yes,neutral,policy_regulation
830,2022-06,20220617T173000Z,Advanced Micro Devices ( NASDAQ : AMD ) Sets New 52 - Week Low at $79 . 43,etfdailynews.com,United States,no,neutral,other
831,2022-06,20220617T190000Z,"TikTok moves all US traffic to Oracle servers , amid new claims user data was accessed from China – TechCrunch",techcrunch.com,United States,yes,negative,tech_operations
832,2022-06,20220617T194500Z,Liberty Latin America ( NASDAQ : LILAK ) Upgraded to Sector Perform by Scotiabank,etfdailynews.com,United States,no,neutral,other
833,2022-06,20220617T200000Z,"THAILAND DATA CENTER MARKET TO REACH $1 BILLION BY 2027 . CHINDATA GROUP , KT CORPORATION , ST TELEMEDIA GLOBAL DATA CENTERS AND TELEHOUSE ARE AMONG THE NEW ENTRANTS – Arizton",finance.yahoo.com,United States,yes,positive,investment_buildout
834,2022-06,20220617T200000Z,La Nina weather may be behind historic Montana floods,greatfallstribune.com,United States,no,neutral,other
835,2022-06,20220617T200000Z,DigitalBridge Ganzi hints at more M & A after DataBank transaction,lightreading.com,United States,yes,positive,investment_buildout
836,2022-06,20220617T201500Z,"Fighting to survive as Arctic sea ice disappears , new group of polar bears finds area where they can  hang on  ",cbsnews.com,United States,no,neutral,other
837,2022-06,20220617T210000Z,Leaked audio reveal China - based employees are accessing US user data,msn.com,United States,no,neutral,other
838,2022-06,20220617T211500Z,"Q & A with Intel Jeff McVeigh , an HPCwire Person to Watch in 2022",hpcwire.com,United States,no,neutral,other
839,2022-06,20220617T211500Z,Embedded World Fair : Menta and Everspin Technologies will demonstrate an innovative collaboration with MRAM and eFPGA,streetinsider.com,United States,no,neutral,other
840,2022-06,20220617T213000Z,Leaked audio of more than 80 TikTok meetings reveal China - based employees are accessing US user data,dailymail.co.uk,United Kingdom,no,neutral,other
841,2022-06,20220617T213000Z,TikTok says it storing US data domestically amid renewed security concerns,engadget.com,Japan,no,neutral,other
842,2022-06,20220617T221500Z,"How Heavy Snow , Rain Flooded Yellowstone – NBC 5 Dallas - Fort Worth",nbcdfw.com,United States,no,neutral,other
843,2022-06,20220617T223000Z,"Mayor Minute : Several developments to note , of financial and other kinds | Guest Column",wyomingnews.com,United States,no,neutral,other
844,2022-06,20220617T224500Z,"US TikTok user data accessed in China despite denials , report suggests",washingtonexaminer.com,United States,no,neutral,other
845,2022-06,20220617T234500Z,State exempts Google from plan to cut tax breaks,enidnews.com,United States,yes,positive,policy_regulation
846,2022-06,20220629T023000Z,Racing to meet global chip demand | NHK WORLD - JAPAN News,nhk.or.jp,Japan,no,neutral,other
847,2022-06,20220629T024500Z,"Norwegian cruise hits iceberg near Alaska , no injuries reported",mycentraloregon.com,United States,no,neutral,other
848,2022-06,20220629T034500Z,China enjoys high - quality development in past decade - Xinhua,english.news.cn,,no,neutral,other
849,2022-06,20220629T034500Z,HPE New Arm Server Signals Shift in x86 Mindset,hpcwire.com,United States,no,neutral,other
850,2022-06,20220629T040000Z,China enjoys high - quality development in past decade,bignewsnetwork.com,United States,no,neutral,other
851,2022-06,20220629T040000Z,WALLIX AND AXIANS FRANCE SIGN A PARTNERSHIP TO STRENGTHEN THE CYBERSECURITY OFFER IN THE INDUSTRIAL SECTOR,sharewise.com,Germany,no,neutral,other
852,2022-06,20220629T043000Z,NFR proposes $1 . 5B data center ahead of eminent domain hearing,niagara-gazette.com,United States,yes,neutral,investment_buildout
853,2022-06,20220629T061500Z,"Vertiv Releases First Environmental , Social and Governance Report",apnews.com,United States,no,neutral,other
854,2022-06,20220629T063000Z,$1 . 48B data center proposed in the Cataract City,lockportjournal.com,United States,yes,neutral,investment_buildout
855,2022-06,20220629T064500Z,"ION MarketFactory wins  Best connectivity , hosting , and co - location service  at FX Markets e - FX Awards",itnewsonline.com,United States,no,neutral,other
856,2022-06,20220629T064500Z,Hewlett Packard Stock : Still Has An Upside ( NYSE : HPE ) ,seekingalpha.com,United States,no,neutral,other
857,2022-06,20220629T070000Z,Schneider Electric Recognized as the 2022 Microsoft Energy & Sustainability Partner of the Year,koreabizwire.com,South Korea,no,neutral,other
858,2022-06,20220629T070000Z,Schneider Electric SE : Schneider Electric recognized as the 2022 Microsoft Energy & Sustainability Partner of the Year,finanznachrichten.de,Germany,no,neutral,other
859,2022-06,20220629T070000Z,Investors to Pour More Capital Into Thailand and Asia Pacific Data Centers in 2022,thaipr.net,Thailand,yes,positive,investment_buildout
860,2022-06,20220629T071500Z,Data Center General Construction Market Size to Grow by USD 8 . 76 billion | Increase in Investment in Data Centers to Drive Growth,prnewswire.com,United States,yes,positive,investment_buildout
861,2022-06,20220629T081500Z,Minister offers incentives to attract investment in essential industry,en.antaranews.com,Indonesia,no,neutral,other
862,2022-06,20220629T081500Z,  Silicon Heartland  boon for Ohio,arkansasonline.com,United States,no,neutral,other
863,2022-06,20220629T081500Z,Intel Should Slash Its Dividend . Its Future May Depend on It . ,marketwatch.com,United States,no,neutral,other
864,2022-06,20220629T083000Z,Infinera and NEC to Modernize Neutral Network Mexico to United States Fiber Optic Network with Industry - leading ICE6 800G Solution,finanznachrichten.de,Germany,no,neutral,other
865,2022-06,20220629T101500Z,Achronix Semiconductor : Enabling Data Acceleration Via High - Performance FPGAS And EFPGA IP,industry.siliconindia.com,India,no,neutral,other
866,2022-06,20220629T103000Z,Nerds Unite 2022 : Highlighting The Power of Global Interconnection for Businesses in West Africa,african.business,,no,neutral,other
867,2022-06,20220629T103000Z,Time Dotcom AIMS data center finally has suitors ? ,techwireasia.com,China,yes,positive,investment_buildout
868,2022-06,20220629T103000Z,How do microgrids support net - zero carbon data center objectives,datacenterdynamics.com,United States,yes,positive,energy_grid
869,2022-06,20220629T114500Z,STACK Infrastructure Achieves Industry - Leading Score From Uptime Institute Management and Operations Assessment,apnews.com,United States,yes,positive,tech_operations
870,2022-06,20220629T120000Z,VMware unveils vSphere+ and vSAN+,it-online.co.za,South Africa,no,neutral,other
871,2022-06,20220629T120000Z,Industry says new Indian cyber regs go way too far,msn.com,United States,no,neutral,other
872,2022-06,20220629T123000Z,DISA looks to install 10GB ethernet line from Equinix data center to DHS facility,datacenterdynamics.com,United States,yes,neutral,tech_operations
873,2022-06,20220629T123000Z,NFR says partner track record makes Niagara Digital Campus plan different,northwestgeorgianews.com,United States,yes,positive,investment_buildout
874,2022-06,20220629T124500Z,"Amazon Web Services has big plans to support Indian edtech firms , NGOs , says top executive",businesstoday.in,India,no,neutral,other
875,2022-06,20220629T130000Z,Iron net : Digital repression in the Middle East and North Africa,ecfr.eu,Russia,no,neutral,other
876,2022-06,20220629T131500Z,United Arab Emirates ( UAE ) Data Center Market is Poised to Grow at a CAGR of 7 . 99 % during the Forecast Period of 2022 - 2031,digitaljournal.com,United States,yes,positive,investment_buildout
877,2022-06,20220629T133000Z,Rural applications research at Iowa State University receives boost from Ericsson and NSF - Funded PAWR Project Office,markets.businessinsider.com,United States,no,neutral,other
878,2022-06,20220629T143000Z,Blaize and VSaaS to Collaborate on the Development and Deployment of AI Surveillance Applications,eejournal.com,United States,no,neutral,other
879,2022-06,20220629T150000Z,Intel Labs reports integrated photonics research advance,optics.org,United States,no,neutral,other
880,2022-06,20220629T154500Z,Is it a Good Choice to Invest in Tyler Technologies ( TYL )? ,insidermonkey.com,United States,no,neutral,other
881,2022-06,20220629T154500Z,Siemens and NVIDIA to enable industrial metaverse,prnewswire.com,United States,no,neutral,other
882,2022-06,20220629T160000Z,2 Reasons to Buy Nvidia and 1 Reason to Sell,fool.com,United States,no,neutral,other
883,2022-06,20220629T161500Z,Investing | Data Center Knowledge | News and analysis for the data center industry,datacenterknowledge.com,United States,yes,neutral,investment_buildout
884,2022-06,20220629T161500Z,Will Hydrogen Fuel the Data Center of the Future ? | Data Center Knowledge | News and analysis for the data center industry,datacenterknowledge.com,United States,yes,positive,energy_grid
885,2022-06,20220629T163000Z,Latin America Data Center Rack Market Report 2022 : Adoption of Cloud Services & Colocation Data Center Investments Driving Growth - ResearchAndMarkets . com,businesswire.com,United States,yes,positive,investment_buildout
886,2022-06,20220629T163000Z,HPE Discover 2022 : 5 Biggest News Announcements,crn.com,United States,no,neutral,other
887,2022-06,20220629T163000Z,COVID - 19 BA . 4 and BA . 5 variants make up more than HALF of US cases,dailymail.co.uk,United Kingdom,no,neutral,other
888,2022-06,20220629T163000Z,Hybrid and Multi - Cloud Practicality,tvtechnology.com,United States,no,neutral,other
889,2022-06,20220629T164500Z,Privacy Policy,cullmantimes.com,United States,no,neutral,other
890,2022-06,20220629T164500Z,Why Nvidia Stock Slumped on Wednesday,fool.com,United States,no,neutral,other
891,2022-06,20220629T171500Z,Bloomington fiber internet deal with Meridiam to bring fast speeds,heraldtimesonline.com,United States,no,neutral,other
892,2022-06,20220629T171500Z,"Semiconductor Stocks Downgraded , Chip Designers Upgraded | Investor Business Daily",investors.com,United States,no,neutral,other
893,2022-06,20220629T171500Z,TRUECHIP ADDS USB 4 HUB MODEL & USB 4 RETIMER MODEL TO ITS VERIFICATION IP PORTFOLIO,prnewswire.com,United States,no,neutral,other
894,2022-06,20220629T174500Z,Youngkin meets with GOP megadonors and more Virginia headlines,virginiamercury.com,,no,neutral,other
895,2022-06,20220629T180000Z,Jim Chanos Is Raising Over $200 Million for  Big Short  Against REITs,markets.businessinsider.com,United States,no,neutral,other
896,2022-06,20220629T180000Z,Intel Foundry Services Forms Alliance to Enable Design in the Cloud,hpcwire.com,United States,no,neutral,other
897,2022-06,20220629T180000Z,Jim Chanos Goes Short Legacy Data Centers,streetinsider.com,United States,yes,negative,investment_buildout
898,2022-06,20220629T184500Z,Bill environmentalists say could keep Missouri coal plants open signed by governor • Missouri Independent,missouriindependent.com,,no,neutral,other
899,2022-06,20220629T190000Z,FCC Commissioner Calls on Google and Apple to Ban TikTok,extremetech.com,United States,no,neutral,other
900,2022-06,20220629T191500Z,"From dry to deluge , here how Yellowstone flooded",belgrade-news.com,United States,no,neutral,other
901,2022-07,20220708T003000Z,Raxio set to construct Ethiopia first private data center – New Business Ethiopia,newbusinessethiopia.com,Ethiopia,yes,positive,investment_buildout
902,2022-07,20220708T003000Z,"Recommendation Engines Market Size is projected to reach USD 54 Billion by 2030 , grow at a CAGR of 37 %: Straits Research",sina.com.hk,Hong Kong,no,neutral,other
903,2022-07,20220708T004500Z,Stock Market | FinancialContent Business Page,markets.financialcontent.com,United States,no,neutral,other
904,2022-07,20220708T014500Z,Billion - Euro Market Biotechnology : Exyte Builds mRNA Competence Center for WACKER in Halle,singaporestar.com,Singapore,no,neutral,other
905,2022-07,20220708T020000Z,India Deadly Heatwave Will Soon Be a Global Reality,washingtonpost.com,United States,no,neutral,other
906,2022-07,20220708T024500Z,Finfluencers face new reality ; Rajeev Misra steps back at SoftBank,economictimes.indiatimes.com,India,no,neutral,other
907,2022-07,20220708T024500Z,Intel champions path of sustainability in enterprise computing,siliconangle.com,United States,no,neutral,other
908,2022-07,20220708T024500Z,Gov . Ige vetoes federal funding in budget bill in part to give money to HTA,kitv.com,United States,no,neutral,other
909,2022-07,20220708T033000Z,Ethio Telecom revenue up 18 percent – New Business Ethiopia,newbusinessethiopia.com,Ethiopia,no,neutral,other
910,2022-07,20220708T034500Z,When the Weather Gets Hot Enough To Kill - The Washington Post,washingtonpost.com,United States,no,neutral,other
911,2022-07,20220708T061500Z,Leidos ( NYSE : LDOS ) and Arbe Robotics ( NASDAQ : ARBE ) Head to Head Review,etfdailynews.com,United States,no,neutral,other
912,2022-07,20220708T063000Z,Schneider Electric recognized as the 2022 Microsoft Energy & Sustainability Partner of the Year,harbourtimes.com,Hong Kong,no,neutral,other
913,2022-07,20220708T070000Z,China infrastructure investment accelerates amid policy support,chinanationalnews.com,China,no,neutral,other
914,2022-07,20220708T071500Z,Economic Watch : China infrastructure investment accelerates amid policy support - Xinhua,english.news.cn,,no,neutral,other
915,2022-07,20220708T104500Z,"Quinbrook to build $1 . 7 billion data center , 2Gwh battery storage in Queensland , Australia",datacenterdynamics.com,United States,yes,positive,investment_buildout
916,2022-07,20220708T121500Z,FroXx Visual Assistance Offers Innovative New Support Solution for Equipment Installation and Maintenance,itnewsonline.com,United States,no,neutral,other
917,2022-07,20220708T121500Z,Samsung Electronics posts 77 trillion won in sales and 14 trillion won in operating profit in 2nd quarter,bignewsnetwork.com,United States,no,neutral,other
918,2022-07,20220708T130000Z,Proton VPN Free review,techradar.com,United Kingdom,no,neutral,other
919,2022-07,20220708T133000Z,"Caixin Global - Latest Business and Financial News on China , U . S . Trade War and Negotiations , Breaking News , Headlines and Developments",caixinglobal.com,China,no,neutral,other
920,2022-07,20220708T133000Z,American Real Estate Partners closes third real estate fund,datacenterdynamics.com,United States,yes,positive,investment_buildout
921,2022-07,20220708T133000Z,KT Cloud begins construction on new 26MW Seoul data center,datacenterdynamics.com,United States,yes,positive,investment_buildout
922,2022-07,20220708T140000Z,Bitech Technologies New Trading Symbol is BTTC,globenewswire.com,United States,no,neutral,other
923,2022-07,20220708T143000Z,Quest Ranked on Channel Futures 2022 MSP 501 Tech Industry Most Prestigious List of Managed Service Providers Worldwide,apnews.com,United States,no,neutral,other
924,2022-07,20220708T143000Z,MU Stock : Is the Super Cycle Over for Micron ? ,investorplace.com,United States,no,neutral,other
925,2022-07,20220708T150000Z,Tech Giants Brace for Legal Mess of Abortion Data Subpoenas,insurancejournal.com,United States,no,neutral,other
926,2022-07,20220708T151500Z,Tesla keeps U . S . luxury crown on strong California production,autonews.com,United States,no,neutral,other
927,2022-07,20220708T153000Z,"Coma Diagnosis and Treatment Market 2022 - Key Strategy , ",openpr.com,United States,no,neutral,other
928,2022-07,20220708T161500Z,One Data Indonesia to improve govt programs in 2022 : Bappenas,en.antaranews.com,Indonesia,no,neutral,other
929,2022-07,20220708T164500Z,10 Cheap ETFs to Invest in For Beginners,insidermonkey.com,United States,no,neutral,other
930,2022-07,20220708T183000Z,Kohler HVO Fuel Capabilities provide data center customers with a pathway to zero carbon,datacenterdynamics.com,United States,yes,positive,energy_grid
931,2022-07,20220708T183000Z,Microsoft Grid - Interactive UPS Bolsters Renewable Energy,sdxcentral.com,United States,yes,positive,energy_grid
932,2022-07,20220708T184500Z,Big Memory : The Evolution of New Memory Infrastructure,networkcomputing.com,United States,no,neutral,other
933,2022-07,20220708T190000Z,China Private Data Center Players Turn Their Eyes Abroad,datacenterknowledge.com,United States,yes,positive,investment_buildout
934,2022-07,20220708T193000Z,AMD EPYC  Genoa  Zen 4 CPU Specs Leak : 96 Cores at 360W,tomshardware.com,United States,no,neutral,other
935,2022-07,20220708T201500Z,Intel Stock : Market Gives Away Its Foundry Business ( NASDAQ : INTC ) ,seekingalpha.com,United States,no,neutral,other
936,2022-07,20220708T210000Z,American Tower Plans Second Quarter 2022 Earnings Release and Conference Call,streetinsider.com,United States,no,neutral,other
937,2022-07,20220708T213000Z,"Riot Blockchain , Inc . Announces $1 . 00 Charitable Donation in Bitcoin to No Kid Hungry on Behalf of Every Unique Stockholder That Votes",apnews.com,United States,no,neutral,other
938,2022-07,20220708T214500Z,Prince William staff report calls for stronger regulations for Digital Gateway data center project,insidenova.com,United States,yes,negative,community_opposition
939,2022-07,20220708T224500Z,NC is rich in targets for cyber attack . Avoid being the next victim . :: WRAL . com,wral.com,United States,no,neutral,other
940,2022-07,20220708T230000Z,China First Pure Solar - Powered Vehicle Reduces 25KG of Carbon Emission Per 100KM ! Here are Tianjin Solar Car Details,techtimes.com,United States,no,neutral,other
941,2022-07,20220708T231500Z,Citizen Scientist Leads Discovery of 34 Ultracool Dwarf Binaries,infowars.com,United States,no,neutral,other
942,2022-07,20220709T003000Z,Why NVIDIA Stock Got Beat by the Market Today,fool.com,United States,no,neutral,other
943,2022-07,20220709T094500Z,Weekly Commentary : Revisiting The Bursting China Bubble,seekingalpha.com,United States,no,neutral,other
944,2022-07,20220709T100000Z,"Zurcher Kantonalbank Zurich Cantonalbank Purchases 3 , 800 Shares of GDS Holdings Limited ( NASDAQ : GDS ) ",etfdailynews.com,United States,no,neutral,other
945,2022-07,20220709T114500Z,Leaving VMware ? Consider these 5 FOSS hypervisors,theregister.com,,no,neutral,other
946,2022-07,20220709T170000Z,"Adani , Asia Richest , Is Bidding for Indian 5G Phone Airwaves",bnnbloomberg.ca,Canada,no,neutral,other
947,2022-07,20220709T171500Z,Ask HN : How would you bootstrap a telco ? ( re : Rogers outage ) ,news.ycombinator.com,United States,no,neutral,other
948,2022-07,20220709T200000Z,Arrowhead Regional Medical Center wins awards for maternity care,fontanaheraldnews.com,United States,no,neutral,other
949,2022-07,20220710T021500Z,December 2015 - Ripon Advance,riponadvance.com,United States,no,neutral,other
950,2022-07,20220710T023000Z,Data centers being recommended as conditional use in Hall County,theindependent.com,United States,yes,neutral,policy_regulation
951,2022-07,20220710T050000Z,Firm invests $12 million for Culpeper data center site,roanoke.com,United States,yes,positive,investment_buildout
952,2022-07,20220710T064500Z,Tag : conspiracy theories – NBC 5 Dallas - Fort Worth,nbcdfw.com,United States,no,neutral,other
953,2022-07,20220710T070000Z,"Helping people collect , organize and visualize data",jpost.com,Israel,no,neutral,other
954,2022-07,20220710T093000Z,Airlines are piloting a program to sell  zero carbon  flights Quartz,qz.com,United States,no,neutral,other
955,2022-07,20220710T101500Z,Boyd Corporation buys thermal control systems manufacturer,magnoliareporter.com,United States,no,neutral,other
956,2022-07,20220710T103000Z,2 No - Brainer Warren Buffett Stocks to Buy Now and Hold Forever,fool.com,United States,no,neutral,other
957,2022-07,20220710T154500Z,C & D Technologies Launches Pure Lead Plus® UPS Battery for … ,huewire.com,United States,no,neutral,other
958,2022-07,20220716T013000Z,"HVAC Rental Equipment Market Size worth USD 1 . 34 Mn , Market Analysis Segmented by End User and Geography - Technavio",finance.yahoo.com,United States,no,neutral,other
959,2022-07,20220716T080000Z,Check for frigid water before you jump in,lmtribune.com,United States,no,neutral,other
960,2022-07,20220716T150000Z,How the FSF Runs Using Nothing But Freedom - Respecting BIOS,news.slashdot.org,United States,no,neutral,other
961,2022-07,20220716T164500Z,US lawmakers ask federal agencies to crack down on crypto mining,today.ng,Nigeria,no,neutral,other
962,2022-07,20220716T173000Z,PLDT backs govt digitalization push | The Manila Times,manilatimes.net,Philippines,no,neutral,other
963,2022-07,20220717T004500Z,ComBank launches  Arunalu  Foreign Currency Savings Account for children – The Island,island.lk,Sri Lanka,no,neutral,other
964,2022-07,20220717T113000Z,U . S . EV manufacturers should consider China battery - swapping model,autonews.com,United States,no,neutral,other
965,2022-07,20220717T113000Z,3 High - Yield Tech Stocks to Buy in July,fool.com,United States,no,neutral,other
966,2022-07,20220717T120000Z,"Data Protection Act will protect data , not exert control : Anisul",bssnews.net,Bangladesh,no,neutral,other
967,2022-07,20220717T134500Z,Inflation Vs . Recession,seekingalpha.com,United States,no,neutral,other
968,2022-07,20220717T153000Z,New York State Teachers Retirement System Cuts Stake in Corporate Office Properties Trust ( NYSE : OFC ) ,etfdailynews.com,United States,no,neutral,other
969,2022-07,20220717T164500Z,Swedish Energy Minister Prefers Green Steel Over Bitcoin Mining,beincrypto.com,,no,neutral,other
970,2022-07,20220717T191500Z,Basic issues in EV industry need to be addressed,msn.com,United States,no,neutral,other
971,2022-07,20220718T044500Z,"In semiconductor industry , TSMC profits booms despite rising raw materials costs",techwireasia.com,China,no,neutral,other
972,2022-07,20220718T063000Z,"Sweden Needs Power for More Useful Things Than Bitcoin Mining , Energy Minister Says – Mining Bitcoin News",news.bitcoin.com,United States,no,neutral,other
973,2022-07,20220718T080000Z,A Leadership Guide to Multi - Cloud Success for the Intelligence Community,wtop.com,United States,no,neutral,other
974,2022-07,20220718T101500Z,Phaidra Uses AI To Boost Industrial Profitability And Reduce Emissions,pollutiononline.com,United States,no,neutral,other
975,2022-07,20220718T104500Z,Bryant district Valentin reaches out to Hispanics,arkansasonline.com,United States,no,neutral,other
976,2022-07,20220718T104500Z,2022 Power 25 Real Estate : Randy Salvatore,hartfordbusiness.com,United States,no,neutral,other
977,2022-07,20220718T110000Z,Is Taiwan Semiconductor Manufacturing Stock a Buy Now ? ,fool.com,United States,no,neutral,other
978,2022-07,20220718T111500Z,"Huawei David Wang : Innovation , Lighting up the 5 . 5G Era",huawei.com,China,no,neutral,other
979,2022-07,20220718T113000Z,"Intelligent Power Module ( IPM ) Market 2021 : Global Industry Size , Share , Trends , Growth and Forecast Till 2026",brazilbusiness.einnews.com,United States,no,neutral,other
980,2022-07,20220718T113000Z,Karnataka to be the  data centre destination of choice : CBRE Report,economictimes.indiatimes.com,India,yes,positive,investment_buildout
981,2022-07,20220718T113000Z,Charge Enterprises Inc .: Charge Enterprise Subsidiary ANS Advanced Network Services Awarded Five Contracts Across Four States,finanznachrichten.de,Germany,no,neutral,other
982,2022-07,20220718T113000Z,Charge Enterprise ( CRGE ) Subsidiary ANS Advanced Network Services Awarded Five Contracts Across Four States,streetinsider.com,United States,no,neutral,other
983,2022-07,20220718T131500Z,Economizer Market Global Opportunity Analysis And Industry Forecast by 2030,energy.einnews.com,United States,no,neutral,other
984,2022-07,20220718T134500Z,IT News Online - CITIC Telecom CPC Shines at Global Awards in 1H 2022,itnewsonline.com,United States,no,neutral,other
985,2022-07,20220718T150000Z,These Are the 10 States Leading America Cryptocurrency Industry,nbclosangeles.com,United States,no,neutral,other
986,2022-07,20220718T151500Z,New type of semiconductor may advance low - energy electronics,techxplore.com,United States,no,neutral,other
987,2022-07,20220718T151500Z,Berkshire Partners to acquire 49 percent of Israeli data center company MedOne for $215 million,datacenterdynamics.com,United States,yes,neutral,investment_buildout
988,2022-07,20220718T153000Z,Network as a Service Market Worth $46 . 6 Billion by 2027 - Exclusive Report by MarketsandMarkets™,prnewswire.com,United States,no,neutral,other
989,2022-07,20220718T160000Z,Your Sales Data Is Mission - Critical : Are You Protecting It ? ,forbes.com,United States,no,neutral,other
990,2022-07,20220718T160000Z,DellOro : Private wireless forecast adjusted downward,lightreading.com,United States,no,neutral,other
991,2022-07,20220718T164500Z,ePlus Acquires Future Com,prnewswire.com,United States,no,neutral,other
992,2022-07,20220718T164500Z,Sunbird® dcTrack® Facilitates Data Center Automation Via Integration,prweb.com,United States,yes,positive,tech_operations
993,2022-07,20220718T173000Z,Opinion : Prince William withholding data center info from public,potomaclocal.com,United States,yes,negative,community_opposition
994,2022-07,20220718T174500Z,Data Storage Corporation CEO to Participate in the Benzinga All Access Event on July 22nd,itnewsonline.com,United States,no,neutral,other
995,2022-07,20220718T180000Z,Tycoon Masiyiwa to Raise $500 Million to Expand Digital Business,bnnbloomberg.ca,Canada,no,neutral,other
996,2022-07,20220718T181500Z,"How well have CMIP3 , CMIP5 and CMIP6 future climate projections portrayed the recently observed warming",nature.com,United States,no,neutral,other
997,2022-07,20220718T181500Z,White Paper on Operator Data Storage Power Index Released to Shape Future Data Infrastructure,totaltele.com,United Kingdom,yes,neutral,energy_grid
998,2022-07,20220718T183000Z,Academia Sinica trims GDP forecast - Taipei Times,taipeitimes.com,Taiwan,no,neutral,other
999,2022-07,20220718T190000Z,"Iasi , major node in future national and European network of quantum communications , with TUIASI support",stiripesurse.ro,Romania,no,neutral,other
1000,2022-07,20220718T193000Z,Modular Data Center Market to Reach $38 . 27 Billion by 2027 . ,globenewswire.com,United States,yes,positive,investment_buildout
1001,2022-07,20220718T193000Z,"North Bay electric vehicle sales near California goals , but charger installs lag far behind",northbaybusinessjournal.com,United States,no,neutral,other
1002,2022-07,20220718T194500Z,"Morgan Stanley Sees Risk to AMD Gaming Business , Says NVIDIA Consensus  Too Cautiou By Investing . com",investing.com,United States,no,neutral,other
1003,2022-07,20220718T210000Z,Port Authorizes $1 Million Water Line Purchase for Microsoft Project,kpq.com,United States,yes,neutral,environment_water
1004,2022-07,20220718T214500Z,Applied Blockchain Secures 200 - Megawatt Five - Year Hosting Contract with Marathon Digital Holdings,wallstreet-online.de,Germany,yes,positive,investment_buildout
1005,2022-07,20220718T231500Z,"Phaidra , which sells AI tech to industrial customers , raises $25M from DeepMind co - founder , others",geekwire.com,United States,no,neutral,other
1006,2022-07,20220719T000000Z,Environmental sustainability considerations for IT teams,techtarget.com,United States,no,neutral,other
1007,2022-07,20220726T000000Z,United Rentals Partners With Turner Construction To Provide Sustainable Solutions,justmeans.com,United States,no,neutral,other
1008,2022-07,20220726T010000Z,Data company redeveloping iconic North Dakota landmark,kpvi.com,United States,yes,positive,investment_buildout
1009,2022-07,20220726T013000Z,Hydrogene de France : HDF Energy signed a MoU with Saigon Asset Management to jointly develop Renewstable ( R ) power plants in Vietnam,marketscreener.com,,no,neutral,other
1010,2022-07,20220726T020000Z,IBM Partner Nexion Buys New Zealand IT Provider Aiscorp and Silicon Systems - ChannelE2E : Technology News for MSPs & Channel Partners,channele2e.com,United States,no,neutral,other
1011,2022-07,20220726T054500Z,Pensacola City Council District 2 race is a contest between neighbors,statesman.com,United States,no,neutral,other
1012,2022-07,20220726T081500Z,DGAP - News : Vectron Systems AG : Vectron presents preliminary figures for the 1st half - year 2022,markets.businessinsider.com,United States,no,neutral,other
1013,2022-07,20220726T094500Z,NTT to study hydrogen transportation through existing pipelines,greencarcongress.com,United States,no,neutral,other
1014,2022-07,20220726T103000Z,The Worldwide Micro Server IC Industry is Projected to Reach $2 . 3 Billion by 2027 - ResearchAndMarkets . com,businesswire.com,United States,no,neutral,other
1015,2022-07,20220726T103000Z,EQS - News : Yandex N . V .: Yandex Announces Second Quarter 2022 Financial Results,finanznachrichten.de,Germany,no,neutral,other
1016,2022-07,20220726T103000Z,Research and Markets : The Worldwide Micro Server IC Industry is Projected to Reach $2 . 3 Billion by 2027,finanznachrichten.de,Germany,no,neutral,other
1017,2022-07,20220726T103000Z,Condensing Unit Global Market 2022 - 2027 : Growing Retail Sector in Emerging Economies & Increasing Demand for Air Conditioning Units and Refrigeration Fueling Expansion,prnewswire.com,United States,no,neutral,other
1018,2022-07,20220726T111500Z,ORNL deploys Cumulus - 2 supercomputer,datacenterdynamics.com,United States,yes,positive,tech_operations
1019,2022-07,20220726T114500Z,Computecoin Joins Forces with Crust Network to Make Decentralized Cloud Services Easier to Use,prnewswire.com,United States,no,neutral,other
1020,2022-07,20220726T114500Z,"KIOXIA CM7 Series enterprise PCIe 5 . 0 SSDs : up to 14GB / sec , up to 30TB",tweaktown.com,United States,no,neutral,other
1021,2022-07,20220726T120000Z,"Transparency Market Research : Disaster Recovery as a Service Market to be Valued at US$ 47 . 06 Billion by 2031 , TMR Report",finanznachrichten.de,Germany,no,neutral,other
1022,2022-07,20220726T121500Z,Paratus opens carrier neutral data centre in Namibia,it-online.co.za,South Africa,yes,positive,investment_buildout
1023,2022-07,20220726T121500Z,MediaValet Inc .: MediaValet Selected by a Fortune 500 Manufacturer,finanznachrichten.de,Germany,no,neutral,other
1024,2022-07,20220726T131500Z,Aligned Data Centers Expands Presence in Northern Virginia with New Sterling Hyperscale Campus,apnews.com,United States,yes,positive,investment_buildout
1025,2022-07,20220726T131500Z,"DRFortress Expands Channel Program , Partners with TBI - ChannelVision Magazine",channelvisionmag.com,United States,no,neutral,other
1026,2022-07,20220726T131500Z,HPE Aruba unit debuts new AI features for automating network management,siliconangle.com,United States,no,neutral,other
1027,2022-07,20220726T133000Z,"Dongfeng Motor , CEC to cooperate on auto chip , cybersecurity , auto electronics areas",autonews.gasgoo.com,China,no,neutral,other
1028,2022-07,20220726T134500Z,"UPS Market Demand , In - depth Analysis and Estimated Revenue Forecast by 2027",energy.einnews.com,United States,no,neutral,other
1029,2022-07,20220726T150000Z,"L & T consolidated net profit jumps 45 per cent to Rs 1 , 702 crore in Q1",news.webindia123.com,India,no,neutral,other
1030,2022-07,20220726T150000Z,Fortinet ( FTNT ) Cloud - native Protection Offering is Now Available on AWS,streetinsider.com,United States,no,neutral,other
1031,2022-07,20220726T153000Z,Modernization among industrial assets is crucial . Especially now – REJournals,rejournals.com,United States,no,neutral,other
1032,2022-07,20220726T153000Z,InvestChile Portfolio Closes the First Half - Year With a 22 % ,globenewswire.com,United States,no,neutral,other
1033,2022-07,20220726T154500Z,"Microsoft , Apple , Google , and Amazon linked to stolen Brazilian rainforest gold",pcworld.com,United States,no,neutral,other
1034,2022-07,20220726T160000Z,Data for better lives in Cameroon,blogs.worldbank.org,United States,no,neutral,other
1035,2022-07,20220726T161500Z,Hyperscale data centre launched in South Africa,techcabal.com,Nigeria,yes,positive,investment_buildout
1036,2022-07,20220726T161500Z,"Amsterdam Server Sleep State legislation : good in principle , but what about in practice ? ",datacenterdynamics.com,United States,yes,neutral,policy_regulation
1037,2022-07,20220726T171500Z,Internet firms vow more investments for network expansion,philstar.com,Philippines,no,neutral,other
1038,2022-07,20220726T174500Z,10 Dividend Paying REIT Stocks To Buy Now,insidermonkey.com,United States,no,neutral,other
1039,2022-07,20220726T181500Z,Global Fluorescent Immunoassay Market Forecast to 2028 - COVID - 19 Impact and Analysis,prnewswire.com,United States,no,neutral,other
1040,2022-07,20220726T181500Z,"Nvidia Reportedly Readies 800W RTX 4090 Ti With 18 , 176 Cores , 48GB GDDR6X",tomshardware.com,United States,no,neutral,other
1041,2022-07,20220726T184500Z,Tweets suggest people consumed healthier foods during the pandemic,medicalxpress.com,United States,no,neutral,other
1042,2022-07,20220726T190000Z,Adaptive Computing And Hongke Technology Co . In China Sign P ... ,menafn.com,Qatar,no,neutral,other
1043,2022-07,20220726T190000Z,BAI buys ZenFi in pursuit of US expansion,lightreading.com,United States,no,neutral,other
1044,2022-07,20220726T191500Z,"Arlington , Virginia , Pushes Forward With Commercial Resiliency Strategy | McGuireWoods LLP",jdsupra.com,United States,no,neutral,other
1045,2022-07,20220726T191500Z,Global Fiber Optics Market Report to 2030 - Increasing Demand for Internet Connectivity is Driving Growth,prnewswire.com,United States,no,neutral,other
1046,2022-07,20220726T204500Z,Micron Offers World First 232 - Layer 3D NAND Flash Memory,pcmag.com,United States,no,neutral,other
1047,2022-07,20220726T210000Z,Texas Instruments beats revenue estimates as chip demand holds strong,msn.com,United States,no,neutral,other
1048,2022-07,20220726T213000Z,Data Centres : Upcoming Trends To Watch Out For,menafn.com,Qatar,yes,neutral,tech_operations
1049,2022-07,20220726T214500Z,Spectra7 Announces $8 . 0 Million Convertible Debenture Financing ; Closing of First Tranche,ca.finance.yahoo.com,United States,no,neutral,other
1050,2022-07,20220726T220000Z,ACI Mechanical and HVAC Sales Announces New Partnership with Yaskawa,prnewswire.com,United States,no,neutral,other
1051,2022-08,20220808T014500Z,Trumbull approves $1 . 6M tax refund on Merritt Blvd . properties,trumbulltimes.com,United States,no,neutral,other
1052,2022-08,20220808T031500Z,"1 Semiconductor Stock With 104 % Upside , According to Wall Street",fool.com,United States,no,neutral,other
1053,2022-08,20220808T034500Z,"Business . Scoop » Vertiv Announces Upgraded Data Centre Management Platform , Targeting Edge IT Spaces In Asia Pacific",business.scoop.co.nz,New Zealand,yes,positive,tech_operations
1054,2022-08,20220808T040000Z,"El Dorado bank moving into Murphy Oil building , contractor buys First Financial Centre",magnoliareporter.com,United States,no,neutral,other
1055,2022-08,20220808T044500Z,Process and Control Today | Multiple Delta Uninterruptible Power Supplies ( UPS ) Help Greenergy Data Centers Complete Prestigious Project in the Baltics,pandct.com,United Kingdom,yes,positive,tech_operations
1056,2022-08,20220808T050000Z,Google Equiano : Internet giant bets big on Africa with latest megaproject,cnn.com,United States,no,neutral,other
1057,2022-08,20220808T073000Z,Four key tech trends that will shape PH new normal,mb.com.ph,Philippines,no,neutral,other
1058,2022-08,20220808T074500Z,"Virginia State , Virginia Union universities intend to open lab schools",starexponent.com,United States,no,neutral,other
1059,2022-08,20220808T074500Z,Supercharging Stack infrastructure,datacenterdynamics.com,United States,yes,positive,investment_buildout
1060,2022-08,20220808T100000Z,"Mexico Data Center Market Investment Report 2022 - 2027 : Assessments by Colocation , Hyperscale , and Enterprise Operators",prnewswire.com,United States,yes,positive,investment_buildout
1061,2022-08,20220808T103000Z,Radware Reports Second Quarter 2022 Financial Results,forextv.com,United States,no,neutral,other
1062,2022-08,20220808T110000Z,UAE Tech Podcast : The Blockchain in Ukraine,albawaba.com,Israel,no,neutral,other
1063,2022-08,20220808T111500Z,Digital Realty Announces Non - Core Disposition,prnewswire.com,United States,yes,neutral,investment_buildout
1064,2022-08,20220808T120000Z,"Indonesia Data Center Market Investment Analysis & Growth Report 2022 - 2027 : Focus on IT Infrastructure Providers , Construction Contractors , Support Infrastructure Providers , & Data Center Investors",prnewswire.com,United States,yes,positive,investment_buildout
1065,2022-08,20220808T123000Z,"DLT Resolution Inc .: Union Strategies Works Alongside a Non - profit Animal Sanctuary , Assisting in Keeping Wildlife , Wild",finanznachrichten.de,Germany,no,neutral,other
1066,2022-08,20220808T130000Z,Tips For Arming Organizations With The People And Tools Needed To Manage Unstructured Data,varinsights.com,,no,neutral,other
1067,2022-08,20220808T133000Z,MIPI in next generation of AI IoT devices at the edge,design-reuse.com,China,no,neutral,other
1068,2022-08,20220808T133000Z,FPA Crescent Fund Expects Growth in Charter Communications ( CHTR ) FCF,insidermonkey.com,United States,no,neutral,other
1069,2022-08,20220808T134500Z,Laser Technology Market worth $25 . 6 billion by 2027 - Exclusive Report by MarketsandMarkets™,prnewswire.com,United States,no,neutral,other
1070,2022-08,20220808T140000Z,Digital transformation is paving the way for a sustainable workplace,timesofindia.indiatimes.com,India,no,neutral,other
1071,2022-08,20220808T140000Z,SAI . TECH Announces Major North American Distribution Center in Ohio,streetinsider.com,United States,no,neutral,other
1072,2022-08,20220808T141500Z,USD 105 . 46 Mn growth opportunity in Dark Fiber Market in Malaysia -- Driven by increasing data traffic,finance.yahoo.com,United States,no,neutral,other
1073,2022-08,20220808T141500Z,Breaking News : SAI . TECH Announces Major North American Distribution Center in Ohio,financialbuzz.com,United States,no,neutral,other
1074,2022-08,20220808T144500Z,MIL - OSI : NVIDIA Announces Preliminary Financial Results for Second Quarter Fiscal 2023,foreignaffairs.co.nz,New Zealand,no,neutral,other
1075,2022-08,20220808T150000Z,Blue Chip Stocks In Focus : MDU Resources Group,sharewise.com,Germany,no,neutral,other
1076,2022-08,20220808T151500Z,LITEON Technology Reports Consolidated July Sales of NT$14 . 8 Billion,smt.iconnect007.com,United States,no,neutral,other
1077,2022-08,20220808T151500Z,Nvidia stock tumbles after company says revenue fell way shy of expectations,marketwatch.com,United States,no,neutral,other
1078,2022-08,20220808T151500Z,"Nvidia Warns on Second Quarter Revenue , Shares Dip",nbcconnecticut.com,United States,no,neutral,other
1079,2022-08,20220808T154500Z,"Nvidia Stock Sinks as Revenue Estimate Misses , Gross Margin Outlook Slashed",marketwatch.com,United States,no,neutral,other
1080,2022-08,20220808T161500Z,Were Downgrading This Semiconductor Firm and Cutting Our Price Target,aap.thestreet.com,United States,no,neutral,other
1081,2022-08,20220808T161500Z,"Optane , We Hardly Knew Yeh",eejournal.com,United States,no,neutral,other
1082,2022-08,20220808T170000Z,Digital Realty To Sell Non - Core Mixed - use Data Center Property In $205 Mln Deal,finanznachrichten.de,Germany,yes,neutral,investment_buildout
1083,2022-08,20220808T171500Z,Lincoln Rackhouse and Principal Real Estate Investors acquire Atlanta data center,datacenterdynamics.com,United States,yes,neutral,investment_buildout
1084,2022-08,20220808T171500Z,"Nvidia Q2 Results Are Out , and Theyre Not Good",fool.com,United States,no,neutral,other
1085,2022-08,20220808T173000Z,Geo - Distributed Apps Architecture : How Different,dzone.com,United States,no,neutral,other
1086,2022-08,20220808T183000Z,"CBRE , FM Global Take Advantage of Sustainable , Resiliency Financing Options",environmentalleader.com,United States,no,neutral,other
1087,2022-08,20220808T184500Z,"Dominion Energy , Inc . ( D ) CEO Bob Blue on Q2 2022 Results - Earnings Call Transcript",seekingalpha.com,United States,no,neutral,other
1088,2022-08,20220808T201500Z,IT News Online - African Union of Broadcasting ( AUB ) Appoints Managerial Staff for its Brand New Center of Content Exchange in Algeria,itnewsonline.com,United States,no,neutral,other
1089,2022-08,20220808T201500Z,"TSS , INC . TO REPORT SECOND QUARTER 2022 RESULTS ON MONDAY , AUGUST 15th , 2022",forextv.com,United States,no,neutral,other
1090,2022-08,20220808T201500Z,SK Telecom Stock : Looking Beyond The Traditional Business Model ( NYSE : SKM ) ,seekingalpha.com,United States,no,neutral,other
1091,2022-08,20220808T203000Z,PlanetScale takes MySQL to the next level with cloud - native capabilities and improved scalability,siliconangle.com,United States,no,neutral,other
1092,2022-08,20220808T213000Z,"Soluna Holdings , Inc . Announces Monthly Dividend for Series A Preferred Stock",streetinsider.com,United States,no,neutral,other
1093,2022-08,20220808T220000Z,"The Christian Science Monitor Daily for August 8 , 2022",csmonitor.com,United States,no,neutral,other
1094,2022-08,20220808T220000Z,Dodge Momentum Index Moves Higher In July,glassmagazine.com,United States,no,neutral,other
1095,2022-08,20220808T220000Z,Switch : Q2 Earnings Snapshot,sfgate.com,United States,no,neutral,other
1096,2022-08,20220808T230000Z,Nvidia warns of lower second - quarter revenue on gaming weakness,oann.com,United States,no,neutral,other
1097,2022-08,20220808T234500Z,"Dominion Energy , Inc ( D ) Q2 2022 Earnings Call Transcript",fool.com,United States,no,neutral,other
1098,2022-08,20220808T234500Z,Stocks mixed with all eyes on CPI Wednesday - Newsquawk US Market Wrap,zerohedge.com,United States,no,neutral,other
1099,2022-08,20220808T234500Z,Semiconductors Emerge As Battleground In US - China Race,zerohedge.com,United States,no,neutral,other
1100,2022-08,20220809T000000Z,"Soluna Holdings , Inc . Announces Monthly Dividend For Series ... ",menafn.com,Qatar,no,neutral,other
1101,2022-08,20220809T000000Z,POET Technologies Reports Second Quarter 2022 Financial Results,streetinsider.com,United States,no,neutral,other
1102,2022-08,20220809T000000Z,PubMatic Announces Second Quarter 2022 Financial Results,streetinsider.com,United States,no,neutral,other
1103,2022-08,20220809T001500Z,The InfoQ eMag - The Cloud Operating Model,infoq.com,United States,no,neutral,other
1104,2022-08,20220809T001500Z,  Electrical event  at Council Bluff Google Data Center critically injures 3,ketv.com,United States,yes,negative,tech_operations
1105,2022-08,20220820T003000Z,What to expect during VMware Explore : Join theCUBE Aug . 30 - Sept . 1,siliconangle.com,United States,no,neutral,other
1106,2022-08,20220820T013000Z,"Stock Market Investing Action Plan : Jackson Hole , Nvidia , Toll Brothers , Chip Stocks",investors.com,United States,no,neutral,other
1107,2022-08,20220820T033000Z,"Mesa election : Where City Council candidates stand on water , housing , job growth",yahoo.com,United States,no,neutral,other
1108,2022-08,20220820T051500Z,Global Recreation Management Software Market Size To Cross U ... ,menafn.com,Qatar,no,neutral,other
1109,2022-08,20220820T061500Z,Google awards $250K grant to support nutrient reduction and water quality,nonpareilonline.com,United States,no,neutral,other
1110,2022-08,20220820T110000Z,New incentives for clean energy arent enough . The Inflation Reduction Act was just a first step . ,kansasreflector.com,,no,neutral,other
1111,2022-08,20220820T114500Z,University of Stirling puts out tender for new data center,datacenterdynamics.com,United States,yes,neutral,investment_buildout
1112,2022-08,20220820T114500Z,Evolving applications need evolving infrastructure,datacenterdynamics.com,United States,yes,neutral,tech_operations
1113,2022-08,20220820T114500Z,Kam Patel - DCD,datacenterdynamics.com,United States,no,neutral,other
1114,2022-08,20220820T114500Z,Enterprise data centers : serious about sustainability,datacenterdynamics.com,United States,yes,positive,environment_water
1115,2022-08,20220820T134500Z,Stocks To Watch : ,seekingalpha.com,United States,no,neutral,other
1116,2022-08,20220820T140000Z,Woodburn company speeds broadband development with waste plastic,statesmanjournal.com,United States,no,neutral,other
1117,2022-08,20220820T161500Z,Tesla in - house supercomputer is something special - but the next will be even better,techradar.com,United Kingdom,yes,positive,tech_operations
1118,2022-08,20220820T163000Z,Keysight Technologies ( NYSE : KEYS ) Price Target Raised to $193 . 00 at Deutsche Bank Aktiengesellschaft,etfdailynews.com,United States,no,neutral,other
1119,2022-08,20220820T163000Z,How realistic are the post - Roe abortion workarounds that are filling social media ? ,wfae.org,United States,no,neutral,other
1120,2022-08,20220820T164500Z,3 Hail Mary Plays to Bring Your Stock Portfolio Back From the Brink,stltoday.com,United States,no,neutral,other
1121,2022-08,20220820T211500Z,Chipmakers Cut Investments After Subsidies - Shame On You ! ,cleantechnica.com,United States,no,neutral,other
1122,2022-08,20220821T030000Z,"January 22 , 2013 Digital Edition",drdobbs.com,United States,no,neutral,other
1123,2022-08,20220821T104500Z,7 Tech Stocks to Buy Before the Bull Market Returns,investorplace.com,United States,no,neutral,other
1124,2022-08,20220821T104500Z,"Canton Township - based Technibus expanding facility , adding workers",cantonrep.com,United States,no,neutral,other
1125,2022-08,20220821T114500Z,"Got $3 , 000 ? 3 Top Growth Stocks to Buy That Could Double Your Money",fool.com,United States,no,neutral,other
1126,2022-08,20220821T114500Z,New Bull Market or Recession ? 3 Tech Stocks That Will Thrive Either Way,fool.com,United States,no,neutral,other
1127,2022-08,20220821T124500Z,Wall Street Top Analysts Say These Are Their Favorite Stocks Right Now,nbcsandiego.com,United States,no,neutral,other
1128,2022-08,20220821T133000Z,Playing  Chicken  With The Fed,seekingalpha.com,United States,no,neutral,other
1129,2022-08,20220821T174500Z,ECU Notes : STEM camp returns to campus,reflector.com,United States,no,neutral,other
1130,2022-08,20220821T190000Z,Tech firm Sterling blossoms in North Sioux City,siouxcityjournal.com,United States,no,neutral,other
1131,2022-08,20220821T221500Z,"Meta works with Kuna , fire district to soften blow of HB 389 , rapid growth ... ",idahopress.com,United States,yes,positive,community_opposition
1132,2022-08,20220827T000000Z,CDC Cautiously Optimistic That Monkeypox Outbreak Might Be Slowing as Cases Fall in Major Cities,nbcdfw.com,United States,no,neutral,other
1133,2022-08,20220827T001500Z,Racial disparities return in monkeypox vaccine campaign,mdjonline.com,United States,no,neutral,other
1134,2022-08,20220827T011500Z,"Ivrnet Inc .: Ivrnet Announces Financial Results for Six - Months Ended June 30 , 2022 and Provides Update on Trading Halt",finanznachrichten.de,Germany,no,neutral,other
1135,2022-08,20220827T020000Z,Charting How Fast Cloud Use Has Grown in Government,govtech.com,United States,no,neutral,other
1136,2022-08,20220827T023000Z,"Dell Stock Retreats On Weaker Sales , Falls Into Value Terrirtory",valuewalk.com,United States,no,neutral,other
1137,2022-08,20220827T030000Z,"IT News Online - Ivrnet Announces Financial Results for Six - Months Ended June 30 , 2022 and Provides Update on Trading Halt",itnewsonline.com,United States,no,neutral,other
1138,2022-08,20220827T043000Z,China telecom sector sees stable growth in Jan .- July,bignewsnetwork.com,United States,no,neutral,other
1139,2022-08,20220827T074500Z,DigitalBridge Group ( DBRG ) is Ave Maria New Addition,insidermonkey.com,United States,no,neutral,other
1140,2022-08,20220827T100000Z,What Are Managed Services in IT ? ,goodmenproject.com,United States,no,neutral,other
1141,2022-08,20220827T110000Z,"Chesterfield , Henrico , 2 other Va . localities vie for semiconductor chip sites",starexponent.com,United States,no,neutral,other
1142,2022-08,20220827T113000Z,3 Stocks That Are Screaming Buys Right Now,investorplace.com,United States,no,neutral,other
1143,2022-08,20220827T114500Z,2 Mega - Growth Stocks That Billionaires Cant Stop Buying,fool.com,United States,no,neutral,other
1144,2022-08,20220827T123000Z,"Dell Stock Retreats On Weaker Sales , Falls Into Value Terrir ... ",menafn.com,Qatar,no,neutral,other
1145,2022-08,20220827T123000Z,2 Industrial Stocks to Buy Before the Bear Market Is Over,fool.com,United States,no,neutral,other
1146,2022-08,20220827T134500Z,Billionaire Investor Says  Buy REITs  ,seekingalpha.com,United States,no,neutral,other
1147,2022-08,20220827T154500Z,2021 Gold & Silver Shovel Awards Recognize State and Local Economic Development Efforts,areadevelopment.com,United States,no,neutral,other
1148,2022-08,20220827T170000Z,Warrenton boundary adjustment process delayed after tweaks to Fauquier Supervisors resolution,rappnews.com,United States,no,neutral,other
1149,2022-08,20220827T184500Z,Looking for Tech Stocks ? These 3 Are Great Buys,fool.com,United States,no,neutral,other
1150,2022-08,20220827T204500Z,USD 20 . 57 billion in Telecom Market Size In Middle East due to Continuous Technology Enhancements,finance.yahoo.com,United States,no,neutral,other
1151,2022-08,20220827T210000Z,Utah Startup Making Treasure Map For Geothermal Energy,rigzone.com,United States,no,neutral,other
1152,2022-08,20220828T000000Z,PCI Express 4 . 0 PHY IP Core,design-reuse.com,China,no,neutral,other
1153,2022-08,20220828T001500Z,Alphawave IP Acquisition of OpenFive Approved by All Regulators – Padovanews,padovanews.it,Italy,no,neutral,other
1154,2022-08,20220828T013000Z,"Houses are going for at least double the asking price in these metros , according to data",msn.com,United States,no,neutral,other
1155,2022-08,20220828T054500Z,Bali can become location for genomic data research center : Minister,en.antaranews.com,Indonesia,no,neutral,other
1156,2022-08,20220828T080000Z,Fire hits SSS central office,sunstar.com.ph,Philippines,no,neutral,other
1157,2022-08,20220828T083000Z,"Adani Group firm plans to build 1 , 000 - MW data centres in 10 years",business-standard.com,India,yes,positive,investment_buildout
1158,2022-08,20220828T101500Z,Agencies approve Greenwood Solar site plan ; Culpeper planners hold off,starexponent.com,United States,no,neutral,other
1159,2022-08,20220828T160000Z,3 Tech Stocks With More Potential Than Any Cryptocurrency,fool.com,United States,no,neutral,other
1160,2022-08,20220828T160000Z,3 Ultra - Growth Stocks That Simply Cannot Be Stopped,fool.com,United States,no,neutral,other
1161,2022-08,20220828T180000Z,IT GEEK TO ME : Weather app woes - Odessa American,oaoa.com,United States,no,neutral,other
1162,2022-08,20220828T190000Z,Fire hits SSS main building,philstar.com,Philippines,no,neutral,other
1163,2022-08,20220828T201500Z,Nutanix Named A 2022 Gartner Peer Insights Customer Choice ... ,menafn.com,Qatar,no,neutral,other
1164,2022-08,20220828T231500Z,"The Global Power Optimizer Market size is expected to reach $5 . 2 billion by 2028 , rising at a market growth of 10 . 4 % CAGR during the forecast period",ca.finance.yahoo.com,United States,no,neutral,other
1165,2022-08,20220828T234500Z,"Adani Group plans to build 1 , 000 - MW data centres in 10 years - Jammu Kashmir Latest News | Tourism",dailyexcelsior.com,India,yes,positive,investment_buildout
1166,2022-08,20220829T000000Z,Controversy in Kuna : Meta data center draws mixed response,ktvb.com,United States,yes,neutral,community_opposition
1167,2022-08,20220829T003000Z,"NextDC Beats FY Earnings Guidance , Signals More to Come -- Update",marketwatch.com,United States,no,neutral,other
1168,2022-08,20220829T004500Z,stc launches first high - speed submarine cable in Red Sea,arabnews.com,Saudi Arabia,no,neutral,other
1169,2022-08,20220829T011500Z,Indian services giants fight over moonlighting employees,theregister.com,,no,neutral,other
1170,2022-08,20220829T053000Z,"Transparency Market Research : Wide Band Gap Semiconductors Market to Attract Value of US$ 9 . 5 Billion by 2031 , States TMR Study",finanznachrichten.de,Germany,no,neutral,other
1171,2022-08,20220829T063000Z,Semtech sampling CopperEdge 400G / 800G data centre interconnects,electronicsweekly.com,United Kingdom,yes,positive,tech_operations
1172,2022-08,20220829T093000Z,Government designs Nongsa Digital Park to develop digital economy,en.antaranews.com,Indonesia,no,neutral,other
1173,2022-08,20220829T100000Z,Four Camarines Sur lawmakers push for OK of  Bangko sa Baryo Act  – Manila Bulletin,mb.com.ph,Philippines,no,neutral,other
1174,2022-08,20220829T111500Z,Katalyst Continues Worldwide Growth by Acquiring Geopost Energy,streetinsider.com,United States,no,neutral,other
1175,2022-08,20220829T113000Z,1 Green Flag and 1 Red Flag for Nvidia After a Tough Earnings Report,fool.com,United States,no,neutral,other
1176,2022-08,20220829T131500Z,"Social Tech , Super App Innovator Bebuzee , Inc . ( OTC : ENGA ) Furthers Global Expansion with Launch of Fully Operational Data Centers in Amsterdam , Netherlands , and Frankfurt , Germany",finance.yahoo.com,United States,yes,positive,investment_buildout
1177,2022-08,20220829T133000Z,iDEAL Semiconductor Devices to expand Lehigh Valley facility - Pennsylvania Business Report,pennbizreport.com,,no,neutral,other
1178,2022-08,20220829T140000Z,"MDC Welcomes Hurricane Electric Global Network to McAllen , Texas Data Center",apnews.com,United States,yes,positive,investment_buildout
1179,2022-08,20220829T143000Z,Accelerating the Modern Data Center – Gear Up for AI - High - Performance Computing News Analysis,insidehpc.com,United States,yes,positive,tech_operations
1180,2022-08,20220829T144500Z,Semiconductor IP Market Size To Reach USD 12 . 3 Billion at a CAGR of 10 . 20 % by 2030 - Report by Market Research Future ( MRFR ) ,forextv.com,United States,no,neutral,other
1181,2022-08,20220829T144500Z,Semico Research Concludes proteanTecs Deep Data Analytics Gives SoC Manufacturers a Six - Month Time - to - Market Advantage with Significant Savings,prnewswire.com,United States,no,neutral,other
1182,2022-08,20220829T144500Z,Waferscale startup says it can stitch chips with light,theregister.com,,no,neutral,other
1183,2022-08,20220829T150000Z,Why Nvidia Didnt Really Have a Bad Quarter,fool.com,United States,no,neutral,other
1184,2022-08,20220829T150000Z,High Density Packaging User Group Announces Advanced Micro Devices ( AMD ) Membership,prweb.com,United States,no,neutral,other
1185,2022-08,20220829T151500Z,AMD and Nvidia GPUs could soon have their prices slashed,techradar.com,United Kingdom,no,neutral,other
1186,2022-08,20220829T160000Z,Thirsty for data storage knowledge ? Fill up here . ,theregister.com,,no,neutral,other
1187,2022-08,20220829T161500Z,Meet national powerhouse SmithGroup : Your Next Employer ? ,archinect.com,United States,no,neutral,other
1188,2022-08,20220829T161500Z,Still growing Armenian mining operator increases power plant capacity,cointelegraph.com,China,no,neutral,other
1189,2022-08,20220829T161500Z,Cologix Expanding Data Center Campus in the Columbus,globenewswire.com,United States,yes,positive,investment_buildout
1190,2022-08,20220829T170000Z,"National Institutes of Health Awards Arkansas Children Research Institute , Children Hospital of Philadelphia $9 . 7 Million for Antifungal Therapy Study",prnewswire.com,United States,no,neutral,other
1191,2022-08,20220829T181500Z,"Arm chips gaining in data centers , but still in single digits | Data Center Knowledge | News and analysis for the data center industry",datacenterknowledge.com,United States,yes,neutral,tech_operations
1192,2022-08,20220829T183000Z,Microsoft launches Arm - based Azure VMs powered by Ampere chips,news.yahoo.com,United States,no,neutral,other
1193,2022-08,20220829T200000Z,$9 . 7M Awarded for Antifungal Study Co - Led by Arkansas Children ,arkansasbusiness.com,United States,no,neutral,other
1194,2022-08,20220829T200000Z,$4 million Comcast expansion brings internet to Northern Utah,utahbusiness.com,United States,no,neutral,other
1195,2022-08,20220829T204500Z,"APPLIED BLOCKCHAIN , INC . – 10 - K – Management Discussion and Analysis of Financial Condition and Results of Operations",insurancenewsnet.com,United States,no,neutral,other
1196,2022-08,20220829T210000Z,Self - driving cars : A future with autonomous vehicles is not far away,usatoday.com,United States,no,neutral,other
1197,2022-08,20220829T223000Z,"Navitas Pure - Play , Next - Gen Semi Growth Highlighted at",globenewswire.com,United States,no,neutral,other
1198,2022-08,20220829T224500Z,Marvell Technology Slides on Weaker - Than - Expected Sales Forecast,datacenterknowledge.com,United States,no,neutral,other
1199,2022-08,20220829T230000Z,Effectively Managing and Securing Assets in A Hybrid IT Environment,networkcomputing.com,United States,no,neutral,other
1200,2022-08,20220830T000000Z,Protestors chant outside Amazon Web Services Data Center,wusa9.com,United States,yes,negative,community_opposition
1201,2022-09,20220904T000000Z,Noise from a neighborhood cryptocurrency mine : Like  a jet engine  ,finans.dk,Denmark,yes,negative,environment_water
1202,2022-09,20220904T060000Z,"samsung : Slimmer hinge is key to Samsung foldable success : Top executive , Telecom News , ET Telecom",telecom.economictimes.indiatimes.com,India,no,neutral,other
1203,2022-09,20220904T060000Z,Alpha and Omega Semiconductor ( NASDAQ : AOSL ) Shares Gap Up to $36 . 01,etfdailynews.com,United States,no,neutral,other
1204,2022-09,20220904T073000Z,"Cloud Providers Target Middle East : AWS Adds Region in the United Arab Emirates , Microsoft in Qatar",infoq.com,United States,yes,positive,investment_buildout
1205,2022-09,20220904T123000Z,2 Growth Stocks Billionaire Hedge Fund Managers Are Buying in a Bear Market,fool.com,United States,no,neutral,other
1206,2022-09,20220904T154500Z,"cyrus mistry : Former Tata Sons head Cyrus Mistry dies in car crash near Mumbai , Telecom News , ET Telecom",telecom.economictimes.indiatimes.com,India,no,neutral,other
1207,2022-09,20220904T154500Z,"google pixel buds pro : Google Pixel Buds Pro to make it easier to change ANC with new update , Telecom News , ET Telecom",telecom.economictimes.indiatimes.com,India,no,neutral,other
1208,2022-09,20220904T154500Z,Wall Street Top Analysts Pick These Stocks as Safe Bets Right Now,nbcchicago.com,United States,no,neutral,other
1209,2022-09,20220904T174500Z,Cloud Adoption for HPC : Trends and Opportunities - High - Performance Computing News Analysis,insidehpc.com,United States,no,neutral,other
1210,2022-09,20220904T194500Z,GAC given excellence award by Microsoft,gulf-times.com,Qatar,no,neutral,other
1211,2022-09,20220904T223000Z,Leading tech professionals to virtually discuss cloud solutions and sustainable data centres in Qatar,finanznachrichten.de,Germany,yes,positive,environment_water
1212,2022-09,20220905T023000Z,China orders tech companies to ID users who spread fake news,theregister.com,,no,neutral,other
1213,2022-09,20220905T051500Z,"Commercial HVAC Market Size to Grow by USD 22 . 09 billion , Carrier Global Corp . and Daikin Industries Ltd . Among Key Vendors",prnewswire.com,United States,no,neutral,other
1214,2022-09,20220905T054500Z,Three SK Group units work with Petronas subsidiary to cooperate in clean energy business,ajudaily.com,,no,neutral,other
1215,2022-09,20220905T061500Z,"microsoft corp : Software superpower India to join world data capitals : Microsoft Corp president Brad Smith , Telecom News , ET Telecom",telecom.economictimes.indiatimes.com,India,yes,positive,investment_buildout
1216,2022-09,20220905T061500Z,"tata digital : Tata Digital tweaking Neu after complaints of glitches , Telecom News , ET Telecom",telecom.economictimes.indiatimes.com,India,no,neutral,other
1217,2022-09,20220905T061500Z,"croma : Tatas infuse Rs 500 crore into Croma owner to expand ops , Telecom News , ET Telecom",telecom.economictimes.indiatimes.com,India,no,neutral,other
1218,2022-09,20220905T063000Z,14 hot products from VMware Explore 2022,crn.com.au,Australia,no,neutral,other
1219,2022-09,20220905T064500Z,Result of PeduliLindungi development brings trust from the G20,en.antaranews.com,Indonesia,no,neutral,other
1220,2022-09,20220905T071500Z,What Is Web Hosting and How Does It Work : Learn Through Hostinger Web Hosting Services,techtimes.com,United States,no,neutral,other
1221,2022-09,20220905T083000Z,NetApp and VMware powers the multi - cloud era,itp.net,United Arab Emirates,no,neutral,other
1222,2022-09,20220905T084500Z,"Keysight Technologies , Inc . ( NYSE : KEYS ) Given Average Recommendation of  Moderate Buy  by Brokerages",etfdailynews.com,United States,no,neutral,other
1223,2022-09,20220905T094500Z,Delta Electronics Wins 2022 AUSTRALIA - TAIWAN Business Partnership Award from ANZCham Taipei,markets.businessinsider.com,United States,no,neutral,other
1224,2022-09,20220905T101500Z,AMD Pensando DPUs speed data centres with VMware vSphere 8,it-online.co.za,South Africa,yes,positive,tech_operations
1225,2022-09,20220905T101500Z,Cloud Computing on the Court ! – Sify,sify.com,India,no,neutral,other
1226,2022-09,20220905T103000Z,CATL Partners With Leading Solar PV Inverter Firm Sungrow,pandaily.com,,no,neutral,other
1227,2022-09,20220905T103000Z,The cloud is coming for your mainframes,infoworld.com,United States,no,neutral,other
1228,2022-09,20220905T110000Z,How to accelerate memory bandwidth by 50 % with ZeroPoint technology,design-reuse.com,China,no,neutral,other
1229,2022-09,20220905T120000Z,Liguria Digitale data center in Genoa inaugurated after two years of renovations,datacenterdynamics.com,United States,yes,positive,investment_buildout
1230,2022-09,20220905T124500Z,"With 7 . 8 % CAGR , Machine Vision Market Worth USD 14 . 18 Billio ... ",menafn.com,Qatar,no,neutral,other
1231,2022-09,20220905T130000Z,Big Data in Healthcare Market Size Worth USD 81 . 3 Billion by 2030 at 18 . 2 % CAGR - Report by Market Research Future ( MRFR ) ,forextv.com,United States,no,neutral,other
1232,2022-09,20220905T131500Z,"iMasons Expand into LATAM , Building Momentum for Climate Accord | Data Center Knowledge | News and analysis for the data center industry",datacenterknowledge.com,United States,yes,positive,environment_water
1233,2022-09,20220905T143000Z,"Rising Contract Pricing Offsets Falling Demand , Total 2Q22 NAND Flash Revenue Increases 1 . 1 % QoQ",ein.iconnect007.com,United States,no,neutral,other
1234,2022-09,20220905T150000Z,The rise of Green Data Centers – Sify,sify.com,India,yes,positive,environment_water
1235,2022-09,20220905T160000Z,"India Australia : Australian and Indian commercial space links take flight , Telecom News , ET Telecom",telecom.economictimes.indiatimes.com,India,no,neutral,other
1236,2022-09,20220905T160000Z,"myanmar : Qatar Ooredoo to sell Myanmar unit to Singapore firm , Telecom News , ET Telecom",telecom.economictimes.indiatimes.com,India,no,neutral,other
1237,2022-09,20220905T160000Z,"TikTok hacked : TikTok hacked , over 2 bn user database records stolen : Security researchers , Telecom News , ET Telecom",telecom.economictimes.indiatimes.com,India,no,neutral,other
1238,2022-09,20220905T161500Z,Analysts Turn Cautious on Nvidia Stock amid Slowing Economy,economywatch.com,China,no,neutral,other
1239,2022-09,20220905T164500Z,Legrand : Total Number of Shares and Voting Rights,finanznachrichten.de,Germany,no,neutral,other
1240,2022-09,20220905T170000Z,"Sustainability Initiatives Promoting Big Data and Analytics Adoption in A / NZ , Spending to Reach USD $8 . 9 Billion by 2026 , Says IDC",pressreleasepoint.com,United States,no,neutral,other
1241,2022-09,20220905T174500Z,These 3  Strong Buy  Crypto Stocks Deserve Attention Right Now,markets.businessinsider.com,United States,no,neutral,other
1242,2022-09,20220905T174500Z,Leak offers early taste of Intel Xeon Emerald Rapids CPUs,techradar.com,United Kingdom,no,neutral,other
1243,2022-09,20220905T230000Z,First Mover Asia : Ethereum Merge Starts to Hit Gaming Chip Prices,ca.finance.yahoo.com,United States,no,neutral,other
1244,2022-09,20220913T001500Z,"Connecticut company promises 1 , 000 new jobs with $200 million expansion",milfordmirror.com,United States,no,neutral,other
1245,2022-09,20220913T030000Z,Indonesia Set to Pass New Data Privacy Law After Spate of Leaks,bnnbloomberg.ca,Canada,no,neutral,other
1246,2022-09,20220913T043000Z,New IBM LinuxONE Servers Help Reduce Energy Consumption as Clients Increasingly Make Sustainability a Business Priority,prnewswire.com,United States,no,neutral,other
1247,2022-09,20220913T044500Z,Twitter Whistleblower To Testify About Social Media Cybersecurity Concerns in Congress,latinpost.com,United States,no,neutral,other
1248,2022-09,20220913T050000Z,IDC : Cloud businesses see a huge opportunity in the SEA market,techwireasia.com,China,no,neutral,other
1249,2022-09,20220913T070000Z,Open Forum : Offering a helping hand to form wildlife - friendly zoning code,winchesterstar.com,United States,no,neutral,other
1250,2022-09,20220913T084500Z,Chip industry volatility a concern,arkansasonline.com,United States,no,neutral,other
1251,2022-09,20220913T090000Z,Process and Control Today | Why and how should organizations adopt a hybrid IT strategy,pandct.com,United Kingdom,no,neutral,other
1252,2022-09,20220913T093000Z,Service Express Acquires Third - Party Data Center Maintenance Provider Sherlock Services,prnewswire.com,United States,yes,positive,investment_buildout
1253,2022-09,20220913T094500Z,Nasdaq Bear Market : 2 Supercharged Growth Stocks Youll Regret Not Buying on the Dip,fool.com,United States,no,neutral,other
1254,2022-09,20220913T094500Z,Global IT Systems Integrator Rahi Further Invests in,globenewswire.com,United States,no,neutral,other
1255,2022-09,20220913T101500Z,Fundraise for Henderson Park second European fund reaches €1 . 4bn | News,realassets.ipe.com,United Kingdom,no,neutral,other
1256,2022-09,20220913T104500Z,2 Growth Stocks to Buy on the Dip | The Motley Fool,fool.com,United States,no,neutral,other
1257,2022-09,20220913T110000Z,"The Global Mask Inspection Equipment Market is expected to grow by $ 319 . 02 mn during 2022 - 2026 , accelerating at a CAGR of 7 . 35 % during the forecast period",finance.yahoo.com,United States,no,neutral,other
1258,2022-09,20220913T110000Z,Twitter whistleblower to tell Congress of company alleged corporate failings | Twitter,theguardian.com,United Kingdom,no,neutral,other
1259,2022-09,20220913T111500Z,IT News Online - VMware Cloud on AWS Expands to Hong Kong,itnewsonline.com,United States,no,neutral,other
1260,2022-09,20220913T113000Z,Spectra7 and Elka Achieve Production Status with JVCKENWOOD in Automotive Application,markets.businessinsider.com,United States,no,neutral,other
1261,2022-09,20220913T113000Z,"Twitter data centre failed due to extreme heat , report",computing.co.uk,United Kingdom,yes,negative,tech_operations
1262,2022-09,20220913T113000Z,"CHELSIO T7 DPU PROMOTES BROAD ETHERNET STORAGE NETWORKING , ENABLING HIGHLY FLEXIBLE , OPEX - OPTIMIZED ENTERPRISE AND CLOUD IMPLEMENTATIONS",prnewswire.com,United States,no,neutral,other
1263,2022-09,20220913T113000Z,Cyxtera Board of Directors Approves REIT Conversion,wallstreet-online.de,Germany,no,neutral,other
1264,2022-09,20220913T120000Z,ManpowerGroup announces 39 percent emissions reduction,wisbusiness.com,United States,no,neutral,other
1265,2022-09,20220913T121500Z,Intel assures us its Arc graphics cards are here to stay,techradar.com,United Kingdom,no,neutral,other
1266,2022-09,20220913T123000Z,OTE Group undertook the digitization of the National Health System of Cyprus,in.gr,Greece,no,neutral,other
1267,2022-09,20220913T124500Z,Data center in Cape Verde to be completed by end of 2022,datacenterdynamics.com,United States,yes,positive,investment_buildout
1268,2022-09,20220913T130000Z,VNET Announces Receipt of Preliminary Non - Binding Proposal to Acquire All of Its Shares and Formation of Special Committee to Review the Proposal,prnewswire.com,United States,yes,neutral,investment_buildout
1269,2022-09,20220913T131500Z,General Motors will use NBCUniversal data platform to target and track ads,adage.com,United States,no,neutral,other
1270,2022-09,20220913T133000Z,"Super Micro Computer , Inc .: Supermicro Adds New 8U Universal GPU Server That Delivers Maximum Performance and Flexibility for Large Scale AI Training , NVIDIA Omniverse , and Metaverse",finanznachrichten.de,Germany,yes,positive,tech_operations
1271,2022-09,20220913T133000Z,"Supermicro Adds New 8U Universal GPU Server That Delivers Maximum Performance and Flexibility for Large Scale AI Training , NVIDIA® Omniverse , and Metaverse",prnewswire.com,United States,yes,positive,tech_operations
1272,2022-09,20220913T133000Z,Nvidia H100  Hopper  Benchmark Results Published,tomshardware.com,United States,no,neutral,other
1273,2022-09,20220913T133000Z,Racial justice group unveils  Black Tech Agenda  as roadmap for Congress,washingtonpost.com,United States,no,neutral,other
1274,2022-09,20220913T134500Z,Oracle opens its newest cloud infrastructure region in Spain,siliconangle.com,United States,yes,positive,investment_buildout
1275,2022-09,20220913T134500Z,"Rackspace Technology , Inc .: Cybersecurity is Leading Business Concern for IT Leaders , Ahead of Inflation , Supply Chain and Talent , According to a Rackspace Technology Research",finanznachrichten.de,Germany,no,neutral,other
1276,2022-09,20220913T134500Z,Newsom goes on air,politico.com,United States,no,neutral,other
1277,2022-09,20220913T141500Z,Wall Street - Backed Crypto Exchange EDX Markets Is Set for November Debut,bnnbloomberg.ca,Canada,no,neutral,other
1278,2022-09,20220913T143000Z,"Culture of consciousness : Unearthing fashion history , labor practices to design a better future · The Badger Herald",badgerherald.com,United States,no,neutral,other
1279,2022-09,20220913T143000Z,OVHcloud rebuilds Strasbourg data center on site of 2021 fire,datacenterdynamics.com,United States,yes,positive,investment_buildout
1280,2022-09,20220913T144500Z,LAUSD Board Set to Consider Emergency Declaration After Cyber Attack,kfiam640.iheart.com,United States,no,neutral,other
1281,2022-09,20220913T144500Z,Enterprise Storage Solution Provider of Choice : The Case Studies,cio.com,United States,no,neutral,other
1282,2022-09,20220913T150000Z,Nutanix announces its participation at Gitex Global 2022,tradearabia.com,United Arab Emirates,no,neutral,other
1283,2022-09,20220913T150000Z,DE - CIX expands to Central and South - Eastern Europe,capacitymedia.com,United States,yes,positive,investment_buildout
1284,2022-09,20220913T151500Z,Where Will Micron Technology Be in 5 Years ? ,fool.com,United States,no,neutral,other
1285,2022-09,20220913T151500Z,IPA Qatar teams up with Microsoft to advance digital transformation,gulf-times.com,Qatar,no,neutral,other
1286,2022-09,20220921T024500Z,Articles by Dennis Fassuliotis,bitcoinmagazine.com,United States,no,neutral,other
1287,2022-09,20220921T024500Z,Nvidia eyeing  AI factories  with H100 GPUs,crn.com.au,Australia,yes,positive,investment_buildout
1288,2022-09,20220921T040000Z,"City plans for lower property tax rate , although tax bills will go up",dentonrc.com,United States,no,neutral,other
1289,2022-09,20220921T040000Z,Southeast Asia eyes on Chinese digital technology to boost recovery,hongkongherald.com,China,no,neutral,other
1290,2022-09,20220921T054500Z,Investegate |Northern Data AG Announcements | Northern Data AG : Northern Data Becomes Preferred Cloud Service Provider in NVIDIA Partner Network,investegate.co.uk,United Kingdom,yes,positive,investment_buildout
1291,2022-09,20220921T060000Z,Rockwell Automation Secures RM150 Million Project from Exyte Group in Malaysia,en.prnasia.com,China,no,neutral,other
1292,2022-09,20220921T061500Z,Here Why You Should Consider Investing in Advanced Micro Devices ( AMD ) ,insidermonkey.com,United States,no,neutral,other
1293,2022-09,20220921T073000Z,Southeast Asia eyes on Chinese digital technology to boost recovery _ Guangming Online,en.gmw.cn,,no,neutral,other
1294,2022-09,20220921T081500Z,Power Over Ethernet Market Is Set To Grow At A CAGR of 16 . 20 % To Reach Valuation Of USD 3 . 2 Billion By 2030 - Report By Market Research Future ( MRFR ) ,finance.yahoo.com,United States,no,neutral,other
1295,2022-09,20220921T083000Z,Samsung Electronics Announces New Environmental Strategy,kachwanya.com,Kenya,no,neutral,other
1296,2022-09,20220921T084500Z,Options to reduce electricity use scarce for large consumers,news.err.ee,Estonia,no,neutral,other
1297,2022-09,20220921T093000Z,Data center migration,datacenterdynamics.com,United States,yes,neutral,tech_operations
1298,2022-09,20220921T094500Z,Morgan Stanley fined another $35 million over data center decommissioning SNAFU,datacenterdynamics.com,United States,yes,negative,tech_operations
1299,2022-09,20220921T100000Z,SAS Analytics Using Direct Memory Access - High - Performance Computing News Analysis,insidehpc.com,United States,no,neutral,other
1300,2022-09,20220921T100000Z,"Construction on hold at Meta data center in Sarpy County , as racist graffiti is once again found",datacenterdynamics.com,United States,yes,negative,other
1301,2022-09,20220921T101500Z,Physical Security Market To Reach USD 192 . 9 Billion By 2030 ... ,menafn.com,Qatar,no,neutral,other
1302,2022-09,20220921T104500Z,"Amazon Announces 71 New Renewable Energy Projects Globally , Including Firsts in Brazil , India , and Poland",ca.news.yahoo.com,United States,yes,positive,energy_grid
1303,2022-09,20220921T111500Z,Opinion | Are There Better Places to Put Large Solar Farms Than These Forests ? ,nytimes.com,United States,no,neutral,other
1304,2022-09,20220921T113000Z,Has AMD Stock Stock Fallen Too Far ? ,menafn.com,Qatar,no,neutral,other
1305,2022-09,20220921T113000Z,"Huawei Asia Pacific ISP Summit : Shaping an All - Optical , Intelligent Internet for 2030",huawei.com,China,no,neutral,other
1306,2022-09,20220921T114500Z,"Upgraded Version of Antbox – Minerbase , the Immersion Cooling Mining Container",itnewsonline.com,United States,yes,positive,tech_operations
1307,2022-09,20220921T114500Z,New Radware Report : Organizations Admit They are Unprepared to Achieve Application Protection Across Multi - Cloud Environments,itnewsonline.com,United States,no,neutral,other
1308,2022-09,20220921T114500Z,Stack shares heat from Oslo data center,datacenterdynamics.com,United States,yes,positive,environment_water
1309,2022-09,20220921T121500Z,"NVIDIA unveils DRIVE Thor ; 2 , 000 Teraflop centralized car computer ; Geely ZEEKR first to adopt",greencarcongress.com,United States,no,neutral,other
1310,2022-09,20220921T130000Z,Adani Ports Secures $3 . 1 Billion Port Project in Eastern India State,bnnbloomberg.ca,Canada,no,neutral,other
1311,2022-09,20220921T130000Z,"Wedmont Private Capital Takes $238 , 000 Position in Keysight Technologies , Inc . ( NYSE : KEYS ) ",etfdailynews.com,United States,no,neutral,other
1312,2022-09,20220921T131500Z,Contract extended for Ionia Public Schools Superintendent Ben Gurk,sentinel-standard.com,United States,no,neutral,other
1313,2022-09,20220921T133000Z,"Adani Ports secures Rs 25 , 000 - cr port project in West Bengal",business-standard.com,India,no,neutral,other
1314,2022-09,20220921T134500Z,Jabil Photonics Announces Availability Of Next - Gen Coherent Optical Products Featuring Nokia Silicon Photonics Optical Engine For Best - In - Class Performance,photonicsonline.com,United States,no,neutral,other
1315,2022-09,20220921T141500Z,Equinix to test hydrogen fuel cell power for data centers in Singapore,datacenterdynamics.com,United States,yes,positive,energy_grid
1316,2022-09,20220921T144500Z,"Gas Infrastructure , Renewable Energy Integration Vital to Accelerating Asia Energy Transition : Black & Veatch",justmeans.com,United States,no,neutral,other
1317,2022-09,20220921T144500Z,Juniper Networks announces additional versatility and flexibility for data centre operations with expansion to apstra software | VanillaPlus,vanillaplus.com,United Kingdom,yes,positive,tech_operations
1318,2022-09,20220921T151500Z,MENA Project Tracker ADSSC tenders Scada and data center contracts ; Dubai investments to start $272m community project,arabnews.com,Saudi Arabia,yes,positive,investment_buildout
1319,2022-09,20220921T151500Z,Communication Platform - as - a - Service ( CPaaS ) Market to observe USD 10 . 19 Bn incremental growth -- North America to have the largest market share,prnewswire.com,United States,no,neutral,other
1320,2022-09,20220921T153000Z,Arm Continues Its Datacenter Drive With Neoverse 2,forbes.com,United States,yes,positive,tech_operations
1321,2022-09,20220921T160000Z,Cockroach Labs debuts serverless edition of its popular CockroachDB database,siliconangle.com,United States,no,neutral,other
1322,2022-09,20220921T160000Z,Lenovo Celebrates 30th Anniversary of ThinkSystem Innovation with Broadest Portfolio Enhancement in Its History,hpcwire.com,United States,no,neutral,other
1323,2022-09,20220921T160000Z,Product Comparison Test : SASE Solutions for Hybrid Work,informationweek.com,United States,no,neutral,other
1324,2022-09,20220921T163000Z,Amazon invests in more clean energy to meet green pledges,theregister.com,,yes,positive,energy_grid
1325,2022-09,20220921T164500Z,Printing the future : New factory tech reshapes the U . S . industrial economy,wsau.com,United States,no,neutral,other
1326,2022-09,20220921T164500Z,PsiQuantum Has A Goal For Its Million Qubit Photonic Quantum Computer To Outperform Every Supercomputer On The Planet,forbes.com,United States,no,neutral,other
1327,2022-09,20220921T170000Z,Nvidia CEO sees  large space  for China sales despite U . S . restrictions,streetinsider.com,United States,no,neutral,other
1328,2022-09,20220921T174500Z,Cloud - Powered Digital Transformation with AWS,guardian.ng,Nigeria,no,neutral,other
1329,2022-09,20220921T181500Z,"City proposes lower property tax rate , but homeowners may still pay more",dentonrc.com,United States,no,neutral,other
1330,2022-09,20220921T183000Z,Intel Executive With Industry Toughest Job Plots Comeback,news.yahoo.com,United States,no,neutral,other
1331,2022-09,20220921T183000Z,GTT and Caliber Financial Services to Bring Broadband to the Otoe - Missouria Reservation,bbcmag.com,,no,neutral,other
1332,2022-09,20220921T190000Z,State reviewing massive Fayetteville data center plans,thecitizen.com,United States,yes,neutral,policy_regulation
1333,2022-09,20220921T193000Z,Equinix Partners with NUS Centre for Energy on Hydrogen - powered Data Centers - High - Performance Computing News Analysis,insidehpc.com,United States,yes,positive,energy_grid
1334,2022-09,20220921T194500Z,"Phoenix metro drives data center growth , leasing in the US",abc15.com,United States,yes,positive,investment_buildout
1335,2022-09,20220921T201500Z,Intel Stock : Beijing Invasion Of Taiwan Wouldnt Save The Stock ( NASDAQ : INTC ) ,seekingalpha.com,United States,no,neutral,other
1336,2022-09,20220921T201500Z,"Climate change and what you need to know , an East Coast investigation",providencejournal.com,United States,no,neutral,other
1337,2022-09,20220921T203000Z,Assessing the Quantum - Computing Landscape,cacm.acm.org,United States,no,neutral,other
1338,2022-09,20220921T203000Z,Northern Data Becomes Preferred Cloud Service Provider In NV ... ,menafn.com,Qatar,yes,positive,investment_buildout
1339,2022-09,20220921T203000Z,Next Generation Cooling Technology,datacenterknowledge.com,United States,yes,positive,tech_operations
1340,2022-09,20220921T203000Z,"Newswire & Press Release / Leviton Introduces New Data Acquisition Server for the VerifEye™ Submetering Solutions Line - Tools / Hardware - Leviton Manufacturing Co ., Inc . ",newswiretoday.com,United States,no,neutral,other
1341,2022-09,20220921T203000Z,Sterling Construction ( STRL ) Awarded $45 Million Site Development Contract for Rivian New EV Facility in Georgia,streetinsider.com,United States,no,neutral,other
1342,2022-09,20220921T203000Z,Amazon plans two Louisiana solar farms as part of effort to be 100 % dependent on renewables,theadvocate.com,United States,yes,positive,energy_grid
1343,2022-09,20220921T204500Z,Computing Grand Challenge for Sustainability,cacm.acm.org,United States,no,neutral,other
1344,2022-09,20220921T204500Z,"Bitcoin Miner Selling Georgia Facility And Moving To Pennsylvania , Citing Energy Costs",bisnow.com,United States,yes,negative,energy_grid
1345,2022-09,20220921T204500Z,Altair announces release of Simulation 2022 . 1 software update,compositesworld.com,United States,no,neutral,other
1346,2022-09,20220921T204500Z,"Next - gen GPUs Thrust Nvidia Ahead in World of Simulation , Games",designnews.com,United States,no,neutral,other
1347,2022-09,20220921T213000Z,A Change Is Coming,itnonline.com,United States,no,neutral,other
1348,2022-09,20220921T214500Z,Digital - twin tech at crux of Schneider Electric $10 . 7B deal for Aveva,networkworld.com,United States,no,neutral,other
1349,2022-09,20220921T220000Z,LAUSD Receives Unspecified Ransom Demand Over Cyber Attack,kfiam640.iheart.com,United States,no,neutral,other
1350,2022-09,20220921T231500Z,"Supermicro Delivers Second - Generation NVIDIA® OVX™ Computing System for 3D Collaboration , Metaverse , and Digital Twin Simulation , Powered by the New NVIDIA L40 GPU",prnewswire.com,United States,yes,positive,tech_operations
1351,2022-10,20221005T004500Z,Lagos provides 6000km fibre optic cables for improved internet services,pmnewsnigeria.com,Nigeria,no,neutral,other
1352,2022-10,20221005T004500Z,"SMART Global Holdings , Inc . ( SGH ) Q4 2022 Earnings Conference Call",seekingalpha.com,United States,no,neutral,other
1353,2022-10,20221005T034500Z,HPCwire : Global News on High Performance Computing ( HPC ) ,hpcwire.com,United States,no,neutral,other
1354,2022-10,20221005T040000Z,"Why Shares of Coinbase , Silvergate Capital , and Hut 8 Mining Corp Are Rising Today",fool.com,United States,no,neutral,other
1355,2022-10,20221005T043000Z,ANZCO moves to hybrid cloud with Datacom,reseller.co.nz,New Zealand,no,neutral,other
1356,2022-10,20221005T061500Z,"Arcadis to acquire DPS Group : creating a leading global position in consultancy , engineering and construction management for the Life Sciences and Semiconductor manufacturing market",finance.yahoo.com,United States,no,neutral,other
1357,2022-10,20221005T070000Z,Aboitiz Group diversifies into data centers,mb.com.ph,Philippines,yes,positive,investment_buildout
1358,2022-10,20221005T071500Z,Orange outlines plan to cut energy use 5 - 10 percent amid energy crisis,datacenterdynamics.com,United States,yes,positive,energy_grid
1359,2022-10,20221005T080000Z,Blog Review : Oct . 5,semiengineering.com,China,no,neutral,other
1360,2022-10,20221005T080000Z,District Court Rejects Asetek Patent Claims And Determines CoolIT Systems Non - Infringing,prweb.com,United States,no,neutral,other
1361,2022-10,20221005T080000Z,transcosmos and NTT Com launch a demonstration test of a virtual contact center in metaverse,prweb.com,United States,no,neutral,other
1362,2022-10,20221005T080000Z,transcosmos and NTT Com launch a demonstration test of customer services in a virtual space in the metaverse,prweb.com,United States,no,neutral,other
1363,2022-10,20221005T084500Z,Lookout provides freedom of control at GITEX,itp.net,United Arab Emirates,no,neutral,other
1364,2022-10,20221005T093000Z,Wax worm saliva breaks down plastic bags within hours at room temperature,dailymail.co.uk,United Kingdom,no,neutral,other
1365,2022-10,20221005T100000Z,Can a completely sustainable data center truly ever exist ? ,techradar.com,United Kingdom,yes,negative,environment_water
1366,2022-10,20221005T103000Z,A Billion - Dollar Investment,valdostadailytimes.com,United States,no,neutral,other
1367,2022-10,20221005T110000Z,Missouri Latino population has boomed . So why did the state Hispanic commission disappear ? ,kcur.org,United States,no,neutral,other
1368,2022-10,20221005T114500Z,Disaster Recovery as a Service Market Size to Reach USD,globenewswire.com,United States,no,neutral,other
1369,2022-10,20221005T121500Z,Does DigitalOcean Stand a Chance Against the Biggest Cloud Providers ? ,fool.com,United States,no,neutral,other
1370,2022-10,20221005T123000Z,EdgeConneX and Aboitiz InfraCapital Form Joint Venture to Address Enormous Data Usage Growth in Philippines,markets.businessinsider.com,United States,yes,positive,investment_buildout
1371,2022-10,20221005T123000Z,Jazz Reinforces its Data Security with ISO / IEC 27001 : 2013 Certification,propakistani.pk,Pakistan,no,neutral,other
1372,2022-10,20221005T123000Z,PAG Flow and Ayala Land sign agreement for Philippines data center campus,datacenterdynamics.com,United States,yes,positive,investment_buildout
1373,2022-10,20221005T124500Z,The advantages of investing in industrial logistics as an asset class,biznews.com,South Africa,no,neutral,other
1374,2022-10,20221005T124500Z,Fujitsu Spain receives 9th award of the  Fundación Consejo España - Japón  ( Spain - Japan Foundation ) : Fujitsu Global,fujitsu.com,Japan,no,neutral,other
1375,2022-10,20221005T130000Z,"UC Berkeley Haas School of Business , Google Challenge Students To Develop Business Strategies for Mental Healthcare",goodmenproject.com,United States,no,neutral,other
1376,2022-10,20221005T133000Z,Intercontinental Exchange : ICE Global Network Expands Wireless Service in Europe,finanznachrichten.de,Germany,no,neutral,other
1377,2022-10,20221005T133000Z,"In Villa Grove , railroad roundhouse to make way for solar array",news-gazette.com,United States,no,neutral,other
1378,2022-10,20221005T133000Z,"Synopsys Unveils Breakthrough Golden Signoff ECO Solution , Delivering 10x Productivity Improvement",prnewswire.com,United States,no,neutral,other
1379,2022-10,20221005T140000Z,Sensormatic Solutions by Johnson Controls Survey Shows U . S . Consumers Will Shop Earlier this Holiday Season,finanznachrichten.de,Germany,no,neutral,other
1380,2022-10,20221005T141500Z,Canonical unveils free personal Ubuntu Pro subscriptions,techradar.com,United Kingdom,no,neutral,other
1381,2022-10,20221005T143000Z,"Cryptocurrency miners line up to come to Texas , and rural counties are welcoming them",hppr.org,United States,no,neutral,other
1382,2022-10,20221005T143000Z,"Data Monetization Market is expected to generate a revenue of USD 5 . 50 Billion by 2027 , Globally , at 16 . 7 % CAGR : Verified Market Research®",prnewswire.com,United States,no,neutral,other
1383,2022-10,20221005T144500Z,Jio in talks to supply global telcos with its 5G kit,datacenterdynamics.com,United States,no,neutral,other
1384,2022-10,20221005T151500Z,Intel will not prohibit gaming Arc GPU use in data centers,videocardz.com,,yes,neutral,tech_operations
1385,2022-10,20221005T151500Z,ICE Global Network Expands Wireless Service in Europe,businesswire.com,United States,no,neutral,other
1386,2022-10,20221005T151500Z,Rolls - Royce and SOWITEC cooperate on power - to - X projects,greencarcongress.com,United States,no,neutral,other
1387,2022-10,20221005T153000Z,"Fiaz Mohamed Joins Crusoe Energy Systems as VP , Business Development , CrusoeCloud™",streetinsider.com,United States,no,neutral,other
1388,2022-10,20221005T154500Z,EMA Webinar to Examine How an Enterprise - Grade Linux Subscription Model Can Deliver More Value,prweb.com,United States,no,neutral,other
1389,2022-10,20221005T154500Z,Prancer Enterprise has achieved SOC 2 Type I compliance in accordance with American Institute of Certified Public Accountants ( AICPA ) standards,prweb.com,United States,no,neutral,other
1390,2022-10,20221005T154500Z,"The End of the Alphabet , The Beginning of a New Era : OpenStack Zed Release Arrives as OpenStack Deployments Surge Beyond 40M Cores",prweb.com,United States,no,neutral,other
1391,2022-10,20221005T160000Z,IDrive Cloud Backup Rebrands Sync to Cloud Drive - Giving Users Access to all their Files in one Place from any Device,prnewswire.com,United States,no,neutral,other
1392,2022-10,20221005T160000Z,Atlassian is being actively exploited to compromise corporate networks,techradar.com,United Kingdom,no,neutral,other
1393,2022-10,20221005T161500Z,RISC - V greatest ally in the datacenter might be China,theregister.com,,yes,neutral,tech_operations
1394,2022-10,20221005T163000Z,"BBM seeks formula , finds it in Grand Prix",philstar.com,Philippines,no,neutral,other
1395,2022-10,20221005T163000Z,Douglas County PUD commissioner candidates face off,wenatcheeworld.com,United States,no,neutral,other
1396,2022-10,20221005T170000Z,HashiCorp Extends its Zero Trust Security Solution with Secure Remote Access Delivered in the Cloud,forextv.com,United States,no,neutral,other
1397,2022-10,20221005T170000Z,GitHub - maxwellpeterson / kafka - worker : Kafka 0 . 8 . 0 broker implementation on top of Cloudflare Workers,github.com,United States,no,neutral,other
1398,2022-10,20221005T180000Z,How Materials Degrade in Lithium - Ion Batteries,azom.com,United States,no,neutral,other
1399,2022-10,20221005T181500Z,Synopsys Unveils Breakthrough Golden Signoff ECO Solution,hpcwire.com,United States,no,neutral,other
1400,2022-10,20221005T181500Z,Anritsu Enhances Signal Quality Analyzer - R MP1900A to Support PCI Express® 6 . 0 Base Specification Rx Test,prnewswire.com,United States,no,neutral,other
1401,2022-10,20221005T183000Z,Myrtle Beach to get state first subsea fiber connection with DC Blox expansion,postandcourier.com,United States,yes,positive,investment_buildout
1402,2022-10,20221005T190000Z,Microchip Technology contemplates major factory expansion in Gresham,bendbulletin.com,United States,no,neutral,other
1403,2022-10,20221005T190000Z,Iron Mountain files to expand Manassas campus in Virginia,datacenterdynamics.com,United States,yes,positive,investment_buildout
1404,2022-10,20221005T191500Z,"The Data Behind the Drops in Reading , Math Scores During COVID",msn.com,United States,no,neutral,other
1405,2022-10,20221005T193000Z,Walmart blazes trails with its enterprise  supercloud  ,siliconangle.com,United States,no,neutral,other
1406,2022-10,20221005T193000Z,"As Iran throttles its internet , activists fight to get online",techcrunch.com,United States,no,neutral,other
1407,2022-10,20221005T193000Z,Why AMD Stock Fell Before Recovering Earlier Today,fool.com,United States,no,neutral,other
1408,2022-10,20221005T194500Z,DCD>Academy,datacenterdynamics.com,United States,no,neutral,other
1409,2022-10,20221005T194500Z,Data Center Knowledge 2022 Salary Survey Report | Data Center Knowledge | News and analysis for the data center industry,datacenterknowledge.com,United States,yes,neutral,jobs_economy
1410,2022-10,20221005T203000Z,"Cloud migration now underway will strengthen , enhance State IT systems",peninsulaclarion.com,United States,no,neutral,other
1411,2022-10,20221005T210000Z,IGT Wins 10 - Year Scratch Ticket Manufacturing Contract with the Texas Lottery Commission,prnewswire.com,United States,no,neutral,other
1412,2022-10,20221005T214500Z,Bourne Schools Moving Forward With ARPA - Funded IT Upgrades,capenews.net,United States,no,neutral,other
1413,2022-10,20221005T214500Z,"Availability , Performance , and Security , Oh My ! ",csoonline.com,United States,no,neutral,other
1414,2022-10,20221005T220000Z,The Chips That Make Taiwan the Center of the World | American Enterprise Institute,aei.org,United States,no,neutral,other
1415,2022-10,20221005T231500Z,LRZ Chosen by EuroHPC to Host Quantum Computer,hpcwire.com,United States,no,neutral,other
1416,2022-10,20221006T001500Z,Samsung Electronics Envisions Hyper - Growth in Memory and Logic Semiconductors through Intensified Industry Collaborations at Samsung Tech Day 2022,streetinsider.com,United States,no,neutral,other
1417,2022-10,20221016T024500Z,How does cloud mining make daily passive income ? ,africa.businessinsider.com,United States,no,neutral,other
1418,2022-10,20221016T044500Z,"South Korea Orders Support for Outage - Hit Messenger App , Portal",bloomberg.com,United States,yes,negative,tech_operations
1419,2022-10,20221016T053000Z,"Yoon Orders Swift Resumption of Kakao , Naver Services",world.kbs.co.kr,South Korea,yes,negative,tech_operations
1420,2022-10,20221016T060000Z,Triad weathers corporate headquarters departures with manufacturing revival,greensboro.com,United States,no,neutral,other
1421,2022-10,20221016T064500Z,"US Export Restrictions , Intel Layoffs , Applied Materials , and TSMC",fabricatedknowledge.com,,no,neutral,other
1422,2022-10,20221016T071500Z,Google to provide free Wi - Fi in Purcellville by end of year,loudountimes.com,United States,no,neutral,other
1423,2022-10,20221016T074500Z,"After server outage , users search out Kakao alternatives",koreaherald.com,South Korea,yes,negative,tech_operations
1424,2022-10,20221016T083000Z,Most Undervalued Stocks of 2022 | The Motley Fool,fool.com,United States,no,neutral,other
1425,2022-10,20221016T090000Z,Vulnerable to disruptions,koreatimes.co.kr,South Korea,yes,negative,tech_operations
1426,2022-10,20221016T090000Z,Korea and Kakao :  503 service temporarily unavailable  ,koreatimes.co.kr,South Korea,yes,negative,tech_operations
1427,2022-10,20221016T090000Z,Skepticism rises over Korea heavy reliance on Kakao,koreatimes.co.kr,South Korea,yes,negative,policy_regulation
1428,2022-10,20221016T090000Z,Mubadala buys minority stake in EQT GlobalConnect,gulfbusiness.com,Saudi Arabia,no,neutral,other
1429,2022-10,20221016T091500Z,Dell transforms edge with Project Frontier software platform,tradearabia.com,United Arab Emirates,no,neutral,other
1430,2022-10,20221016T110000Z,OT Wireless Network Architect - 2022 - 87 - Gauteng Johannesburg North,it-online.co.za,South Africa,no,neutral,other
1431,2022-10,20221016T111500Z,"Kakao , Naver malfunctions leave investors shuddering",nwww.koreaherald.com,South Korea,yes,negative,tech_operations
1432,2022-10,20221016T111500Z,"Kakao suffers worst server outage , with no complete recovery in sight",nwww.koreaherald.com,South Korea,yes,negative,tech_operations
1433,2022-10,20221016T123000Z,OT Wireless Network Architect - 2022 - 87,it-online.co.za,South Africa,no,neutral,other
1434,2022-10,20221016T130000Z,2022 Arctic Summer Sea Ice Tied for 10th - Lowest on Record – Climate Change : Vital Signs of the Planet,climate.nasa.gov,United States,no,neutral,other
1435,2022-10,20221016T130000Z,2 Stock - Split Stocks That Could Double Your Money,fool.com,United States,no,neutral,other
1436,2022-10,20221016T134500Z,"Strategic partnership between Saudi Arabia , S . Africa to back digital economy growth",saudigazette.com.sa,Saudi Arabia,no,neutral,other
1437,2022-10,20221016T141500Z,ASML Stock : Bear vs . Bull | The Motley Fool,fool.com,United States,no,neutral,other
1438,2022-10,20221016T151500Z,Is AMD a Buy ? | The Motley Fool,fool.com,United States,no,neutral,other
1439,2022-10,20221016T151500Z,Nasdaq Bear Market : 3 Unstoppable Growth Stocks Down 35 % + Youll Likely Regret Not Buying,fool.com,United States,no,neutral,other
1440,2022-10,20221016T160000Z,Is Bitcoin The Ultimate Energy Waste Reduction Tool ? ,oilprice.com,United States,no,neutral,other
1441,2022-10,20221016T171500Z,Controller ballot features 3 candidates,postregister.com,United States,no,neutral,other
1442,2022-10,20221016T183000Z,Lafayette Jeff honors alumni with 2022 Hall of Fame induction,jconline.com,United States,no,neutral,other
1443,2022-10,20221017T001500Z,"Microsoft CEO talks AI , security , teams , Azure at Ignite 2022",crn.com.au,Australia,no,neutral,other
1444,2022-10,20221017T160000Z,Kanye West to buy conservative social media platform Parler | iNFOnews | Thompson - Okanagan News Source,infotel.ca,Canada,no,neutral,other
1445,2022-10,20221017T160000Z,Kanye West to buy right - wing friendly Parler,ravallirepublic.com,United States,no,neutral,other
1446,2022-10,20221017T160000Z,Kanye West says he buying conservative social media platform Parler after being suspended on other sites,cp24.com,Canada,no,neutral,other
1447,2022-10,20221017T160000Z,"Kanye West agrees to buy social media platform Parler , company says",fox7austin.com,United States,no,neutral,other
1448,2022-10,20221017T160000Z,"Intentsify Appoints New Chief Product Officer & General Manager , Digital",tmcnet.com,United States,no,neutral,other
1449,2022-10,20221017T160000Z,"2CRSi , Clever Cloud , Kalray and Vates Join Forces for Sovereign and Innovative Data Center Equipment",tmcnet.com,United States,yes,positive,tech_operations
1450,2022-10,20221017T161500Z,Kanye West to buy conservative social media platform Pa ... ,accesswdun.com,United States,no,neutral,other
1451,2022-10,20221017T163000Z,"Amazon Will Triple Number Of Electric Delivery Vehicles In Europe To 10 , 000",cleantechnica.com,United States,no,neutral,other
1452,2022-10,20221017T163000Z,Cameroon : Government needs more control over state digital data ( report ) ,businessincameroon.com,Cameroon,no,neutral,other
1453,2022-10,20221017T163000Z,Former Snowflake Chief Technical Evangelist Joins Zetaris as Chief Technical Advisor,streetinsider.com,United States,no,neutral,other
1454,2022-10,20221017T164500Z,"2CRSi SA : 2CRSi , Clever Cloud , Kalray and Vates join forces for Sovereign and Innovative Data Center Equipment",finanznachrichten.de,Germany,yes,positive,tech_operations
1455,2022-10,20221017T170000Z,"Semiconductor Bonding Market Worth US$ 1 , 076 . 82 Million by 2028 - Global Analysis by The Insight Partners",brazilbusiness.einnews.com,United States,no,neutral,other
1456,2022-10,20221017T170000Z,Kanye West To Buy Parler,dailycaller.com,United States,no,neutral,other
1457,2022-10,20221017T170000Z,Q3 2022 Trading and Business Update,newswire.ca,Canada,no,neutral,other
1458,2022-10,20221017T170000Z,SiTime to Showcase Precision Timing Solutions at Open Compute Project ( OCP ) Global Summit 2022,tmcnet.com,United States,yes,neutral,tech_operations
1459,2022-10,20221017T170000Z,Telescent Signs Milestone Agreement To Deliver Automated Cross - Connections For Quantum Loophole QLoop Fiber Network and the Quantum Maryland Campus,tmcnet.com,United States,yes,positive,tech_operations
1460,2022-10,20221017T171500Z,Kanye West offers to buy conservative social media platform Parler,arkansasonline.com,United States,no,neutral,other
1461,2022-10,20221017T171500Z,"Kanye West , now Ye , to buy Parler , a conservative social media site",freep.com,United States,no,neutral,other
1462,2022-10,20221017T173000Z,Axiado to Announce New Partnership and Showcase Security Hardware Solution at 2022 OCP Global Summit – Consumer Electronics Net,consumerelectronicsnet.com,United States,yes,positive,tech_operations
1463,2022-10,20221017T173000Z,"CORRECTING and REPLACING Axiado to Demo New AI - Driven , Zero - Trust Hardware Technology at OCP Global Summit – Consumer Electronics Net",consumerelectronicsnet.com,United States,yes,positive,tech_operations
1464,2022-10,20221017T174500Z,"Recent Advancements in Telecom Sector will Boost Call Center Market to Reach US$ 47 . 6 Bn by 2029 . Get Latest Analytical Data from Future Market Insights , Inc . ",tmcnet.com,United States,no,neutral,other
1465,2022-10,20221017T180000Z,Genesis Digital Assets Breaks Ground on New 40MW Mining,globenewswire.com,United States,yes,positive,investment_buildout
1466,2022-10,20221017T181500Z,"State Department cyber center reducing noise , trying to prevent the  bang  ",federalnewsnetwork.com,,no,neutral,other
1467,2022-10,20221017T181500Z,W Trail closure to replace powerline strung before Ashburn housing boom,wtop.com,United States,no,neutral,other
1468,2022-10,20221017T184500Z,"Farm thieves hurt producers ; in four years , there have been almost 1 , 500 animal thefts",dominicantoday.com,Dominican Republic,no,neutral,other
1469,2022-10,20221017T190000Z,World Cloud Show hosted experts and honoured tech innovators for their constant endeavours,asiaone.com,Singapore,no,neutral,other
1470,2022-10,20221017T190000Z,What Careers Can You Get From Software Developers ? ,austinglobe.com,United States,no,neutral,other
1471,2022-10,20221017T191500Z,Lancium Donates More than 45 Million Core Hours to OSG Consortium - High - Performance Computing News Analysis,insidehpc.com,United States,yes,positive,tech_operations
1472,2022-10,20221017T193000Z,NEC Signs Long - term Charter Contract with Global Marine Systems Limited for Optical Submarine Cable - laying Ship,hellenicshippingnews.com,China,no,neutral,other
1473,2022-10,20221017T194500Z,"Ye , Parler Reach Agreement for Embattled Rapper to Buy Platform",newsbusters.org,United States,no,neutral,other
1474,2022-10,20221017T194500Z,Breaking Bandwidth Barriers at the 2022 Open Compute Project Global Summit,streetinsider.com,United States,yes,positive,tech_operations
1475,2022-10,20221017T200000Z,Dubai Wind - Powered Skyscraper - eVolo | Architecture Magazine,evolo.us,United States,no,neutral,other
1476,2022-10,20221017T200000Z,CyrusOne Breaks Ground on First Spanish Data Center in Madrid As European Expansion Continues,pressreleasepoint.com,United States,yes,positive,investment_buildout
1477,2022-10,20221017T201500Z,Kakao nears complete recovery nearly 2 days after fire – The Korea Times,koreatimesus.com,South Korea,yes,negative,tech_operations
1478,2022-10,20221017T201500Z,"Rival parties rap Kakao over disruption , summon founder for parliamentary audit – The Korea Times",koreatimesus.com,South Korea,yes,negative,policy_regulation
1479,2022-10,20221017T201500Z,Seoul shares advance for 2nd day on dip - buying – The Korea Times,koreatimesus.com,South Korea,no,neutral,other
1480,2022-10,20221017T201500Z,Newswire & Press Release / CyrusOne Breaks Ground on First Spanish Data Center in Madrid As European Expansion Continues - Data Content Management / Archiving - CyrusOne,newswiretoday.com,United States,yes,positive,investment_buildout
1481,2022-10,20221017T201500Z,Newswire & Press Release / Angola Cables Selects Infinera ICE6 Technology to Upgrade Subsea Network Connecting Brazil and the US - Telecom / Wireless / VoIP / IPTV - Infinera,newswiretoday.com,United States,no,neutral,other
1482,2022-10,20221017T203000Z,The Future of Business Is Green : How to Be a Part of It,emagazine.com,United States,no,neutral,other
1483,2022-10,20221017T203000Z," 《 TAIPEI TIMES 》 Storm wreaks damage to public , private property - 焦點",news.ltn.com.tw,Taiwan,no,neutral,other
1484,2022-10,20221017T204500Z,Kanye West To Buy Conservative  Free Speech Platform  Parler Following Twitter Ban,itechpost.com,United States,no,neutral,other
1485,2022-10,20221017T204500Z,ePlus Welcomes Renée Bergeron as New Member to Board of Directors,prnewswire.com,United States,no,neutral,other
1486,2022-10,20221017T210000Z,Lancium Donates More than 45 Million Core Hours to OSG Consortium,hpcwire.com,United States,yes,positive,tech_operations
1487,2022-10,20221017T211500Z, [ Editorial ] Perils of the wired nation,koreaherald.com,South Korea,yes,negative,policy_regulation
1488,2022-10,20221017T211500Z,High data visibility delivers better business outcomes,timesofindia.indiatimes.com,India,no,neutral,other
1489,2022-10,20221017T211500Z,"  The Jewish media blocked me out , Kanye West says in latest antisemitic rant",timesofisrael.com,Israel,no,neutral,other
1490,2022-10,20221017T213000Z,Kanye West seeking to buy Parler - Chicago Sun - Times,chicago.suntimes.com,United States,no,neutral,other
1491,2022-10,20221017T213000Z,10 Technology Stocks To Buy That Are Too Cheap To Ignore,insidermonkey.com,United States,no,neutral,other
1492,2022-10,20221017T213000Z,"Kanye West to buy Parler , right - wing friendly social media site",kcentv.com,United States,no,neutral,other
1493,2022-10,20221017T214500Z,Eight RTX 4090s Can Break Passwords in Under an Hour,tomshardware.com,United States,no,neutral,other
1494,2022-10,20221017T220000Z,Groton Conservation Advocates announces endorsements,theday.com,United States,no,neutral,other
1495,2022-10,20221017T221500Z,IT News Online - World Cloud Show hosted experts and honoured tech innovators for their constant endeavours,itnewsonline.com,United States,no,neutral,other
1496,2022-10,20221017T224500Z,Kanye West and Parler : How the right - wing social network fits into his business empire . ,slate.com,United States,no,neutral,other
1497,2022-10,20221017T231500Z,AI startup Stability AI raises $101M in new funding,siliconangle.com,United States,no,neutral,other
1498,2022-10,20221017T231500Z,AnsibleFest 2022 to spark next - level conversations about automation,siliconangle.com,United States,no,neutral,other
1499,2022-10,20221017T231500Z,Munters drives digital transformation to reach next level of user engagement,siliconangle.com,United States,no,neutral,other
1500,2022-10,20221017T231500Z,Wiwynn Empowers Sustainable Data Centers with Comprehensive Thermal and Energy - Efficient Solutions,streetinsider.com,United States,yes,positive,tech_operations
