id,month,seendate,title,url,domain,sourcecountry
1,2022-01,20220109T024500Z,10 Dividend Stocks in Adage Capital Portfolio,https://www.insidermonkey.com/blog/10-dividend-stocks-in-adage-capitals-portfolio-1018798/,insidermonkey.com,United States
2,2022-01,20220109T030000Z,"  Akwa Ibom , the fast - rising Silicon Valley of Africa  ",https://www.vanguardngr.com/2022/01/akwa-ibom-the-fast-rising-silicon-valley-of-africa/,vanguardngr.com,Nigeria
3,2022-01,20220109T094500Z,Racial / Ethnic Disparities in Length of Life after Dementia Diagnosis : an 18 - Year Follow - up Study of Medicare Beneficiaries,https://www.thelancet.com/journals/lanam/article/PIIS2667-193X(21)00175-7/fulltext,thelancet.com,United Kingdom
4,2022-01,20220109T111500Z,Netherlands Fumigants Market – Industrial IT,https://industrialit.com.au/tag/netherlands-fumigants-market/,industrialit.com.au,Australia
5,2022-01,20220109T121500Z,3 Dividend Stocks to Buy Hand Over Fist,https://www.fool.com/investing/2022/01/09/3-dividend-stocks-to-buy-hand-over-fist/?source=iedfolrf0000001,fool.com,United States
6,2022-01,20220109T230000Z,Experts say investment will spur growth | Hellenic Shipping News Worldwide,https://www.hellenicshippingnews.com/experts-say-investment-will-spur-growth/,hellenicshippingnews.com,China
7,2022-01,20220110T013000Z,Declaration of the Launch of the SK ICT Alliance ... The Advent of Semiconductor and 5G and AI Convergence Era ( 기업 )- NSP통신,http://www.nspna.com/news/?mode=view&newsid=548634,nspna.com,South Korea
8,2022-01,20220110T051500Z,Dave Vellante Breaking Analysis : The complete collection,https://siliconangle.com/2022/01/08/dave-vellantes-breaking-analysis-complete-collection/,siliconangle.com,United States
9,2022-01,20220110T051500Z,Analyst predictions 2022 : The future of data management,https://siliconangle.com/2022/01/09/analyst-predictions-2022-future-data-management/,siliconangle.com,United States
10,2022-01,20220110T070000Z,"Census Recounts Fail to Account for COVID Chaos , Cities Say",https://www.governing.com/now/census-recounts-fail-to-account-for-covid-chaos-cities-say,governing.com,United States
11,2022-01,20220110T071500Z,Telia to build data centre in Lithuania - Developing Telecoms,https://developingtelecoms.com/telecom-technology/data-centres-networks/12643-telia-to-build-data-centre-in-lithuania.html,developingtelecoms.com,India
12,2022-01,20220110T071500Z,7 Industry Updates You Need to Know This Week [ 60 - second Read ] ,https://www.thomasnet.com/insights/7-industry-updates-you-need-to-know-this-week-60-second-read-week-of-january-10-2022/,thomasnet.com,United States
13,2022-01,20220110T073000Z,"2022 outlook : Experts optimistic , predict 2 . 9 % real estate growth",https://guardian.ng/property/2022-outlook-experts-optimistic-predict-2-9-real-estate-growth/,guardian.ng,Nigeria
14,2022-01,20220110T073000Z,IC Insights projects $680bn in 2022 semiconductor sales,https://www.theregister.com/2022/01/10/chip_growth_this_year/,theregister.com,
15,2022-01,20220110T074500Z,"DigiPlex Reinforces Customer Assurance with Successful Audits of ISO , SOC1 and IASE Certifications at All Eight Data Centers",http://www.itnewsonline.com/PRNewswire/DigiPlex-Reinforces-Customer-Assurance-with-Successful-Audits-of-ISO-SOC1-and-IASE-Certifications-at-All-Eight-Data-Centers/810186,itnewsonline.com,United States
16,2022-01,20220110T074500Z,Sify,https://www.sify.com/technology/the-rise-of-green-data-centers-news-data-centers-vltplrdhgjhdi.html,sify.com,India
17,2022-01,20220110T080000Z,"Future Facilities launches 16th release of its leading CFD and digital twin software , 6SigmaDCX",https://www.datacenterdynamics.com/en/product-news/future-facilities-launches-16th-release-of-its-leading-cfd-and-digital-twin-software-6sigmadcx/,datacenterdynamics.com,United States
18,2022-01,20220110T083000Z,Demand Response opportunities in data centers – what holding us back ? ,https://www.datacenterdynamics.com/en/opinions/demand-response-opportunities-in-data-centers-whats-holding-us-back/,datacenterdynamics.com,United States
19,2022-01,20220110T083000Z,"Novel Drug Reconstitution Systems Market , 2021 - 2030",https://www.openpr.com/news/2521595/novel-drug-reconstitution-systems-market-2021-2030,openpr.com,United States
20,2022-01,20220110T083000Z,Best new features in Windows Server 2022,https://www.reseller.co.nz/article/694060/best-new-features-windows-server-2022/,reseller.co.nz,New Zealand
21,2022-01,20220110T091500Z,The top storage trends for 2022,https://it-online.co.za/2022/01/10/the-top-storage-trends-for-2022/,it-online.co.za,South Africa
22,2022-01,20220110T093000Z,Tesla could rattle 2021 luxury auto sales race,https://www.autonews.com/sales/tesla-could-rattle-2021-luxury-auto-sales-race,autonews.com,United States
23,2022-01,20220110T093000Z,"Colt Data Centre Services set for major growth spur , securing ten new sites across Europe & APAC",https://www.prnewswire.com:443/news-releases/colt-data-centre-services-set-for-major-growth-spur-securing-ten-new-sites-across-europe--apac-301456233.html,prnewswire.com,United States
24,2022-01,20220110T093000Z,HIVE Blockchain Presents December 2021 Production and Calendar Year 2021 Figures,https://www.streetinsider.com/Newsfile/HIVE%20Blockchain%20Presents%20December%202021%20Production%20and%20Calendar%20Year%202021%20Figures/19438136.html,streetinsider.com,United States
25,2022-01,20220110T094500Z,"Qatar - Vodafone , Microsoft boost strategic partnership",https://menafn.com/1103512954/Qatar-Vodafone-Microsoft-boost-strategic-partnership&source=24,menafn.com,Qatar
26,2022-01,20220110T114500Z,Korean REITs total assets surpass $58 bn in 2021,https://english.hankyung.com/newsView/ked202201100019,english.hankyung.com,South Korea
27,2022-01,20220110T120000Z,"CloudHQ plotting 4 million sq ft campus in Ashburn , Virginia",https://www.datacenterdynamics.com/en/news/cloudhq-plotting-4-million-sq-ft-campus-in-ashburn-virginia/,datacenterdynamics.com,United States
28,2022-01,20220110T120000Z,"What are the Top Storage Trends for 2022 ? - IT News Africa - Up to date technology news , IT news , Digital news , Telecom news , Mobile news , Gadgets news , Analysis and Reports",https://www.itnewsafrica.com/2022/01/what-are-the-top-storage-trends-for-2022/,itnewsafrica.com,South Africa
29,2022-01,20220110T121500Z,The Bitcoin Challenge : How to Tame Digital Predators - JusticeNewsFlash . com,https://www.justicenewsflash.com/2022/01/10/the-bitcoin-challenge-how-to-tame-digital-predators_20220110165245.html,justicenewsflash.com,United States
30,2022-01,20220110T123000Z,"The Best Stocks to Invest $10 , 000 In Right Now",https://www.fool.com/investing/2022/01/10/the-best-stocks-to-invest-10000-in-right-now/?source=iedfolrf0000001,fool.com,United States
31,2022-01,20220110T131500Z,"Uptick in scams , data breaches , crypto and NFT attacks seen in SEA this 2022",https://newsbytes.ph/2022/01/10/uptick-in-scams-data-breaches-crypto-and-nft-attacks-seen-in-sea-this-2022/,newsbytes.ph,Philippines
32,2022-01,20220110T134500Z,"Insurtech Market Report 2021 - 2026 : Industry Trends , Share , Size , Growth and Forecast",https://www.bignewsnetwork.com/news/272141796/insurtech-market-report-2021-2026-industry-trends-share-size-growth-and-forecast,bignewsnetwork.com,United States
33,2022-01,20220110T153000Z,Telecom Service Assurance Market Worth $10 . 4 Billion by 2026,http://www.sbwire.com/press-releases/telecom-service-assurance-market-worth-104-billion-by-2026-1351447.htm,sbwire.com,United States
34,2022-01,20220110T153000Z,Logicalis takes the digital workplace  beyond productivity  with the launch of its collaboration suite,https://www.prnewswire.com:443/news-releases/logicalis-takes-the-digital-workplace-beyond-productivity-with-the-launch-of-its-collaboration-suite-301457222.html,prnewswire.com,United States
35,2022-01,20220110T161500Z,"Bloom Energy Names Rick Beuttel as Vice President , Hydrogen Business",https://www.bakersfield.com/ap/news/bloom-energy-names-rick-beuttel-as-vice-president-hydrogen-business/article_90f0fd3d-2076-5d5f-8a6d-6bfbab59f991.html,bakersfield.com,United States
36,2022-01,20220110T161500Z,Netflix Appeals Ruling From Judge Gilstrap That Content Servers Establish Venue - Intellectual Property,https://www.mondaq.com/unitedstates/patent/1148898/netflix-appeals-ruling-from-judge-gilstrap-that-content-servers-establish-venue,mondaq.com,United States
37,2022-01,20220110T163000Z,See where Illinois ranks among best states for raising a family,https://www.thetelegraph.com/news/article/See-where-Texas-ranks-among-best-states-for-16763970.php,thetelegraph.com,United States
38,2022-01,20220110T164500Z,10 Small - Cap Stocks to Buy According to Billionaire Steve Cohen,https://www.insidermonkey.com/blog/10-small-cap-stocks-to-buy-according-to-billionaire-steve-cohen-1018226/,insidermonkey.com,United States
39,2022-01,20220110T164500Z,5 Best EV Battery Stocks To Invest In - Insider Monkey,https://www.insidermonkey.com/blog/5-best-ev-battery-stocks-to-invest-in-1016507/,insidermonkey.com,United States
40,2022-01,20220110T170000Z,The Eight Trends That Will Shape the Data Center Industry in 2022,https://datacenterfrontier.com/the-eight-trends-that-will-shape-the-data-center-industry-in-2022/,datacenterfrontier.com,United States
41,2022-01,20220110T170000Z,NOS Information Management Office : NOS Fiscal Year 2021 Year in Review,https://oceanservice.noaa.gov/annualreport/2021/imo.html,oceanservice.noaa.gov,United States
42,2022-01,20220110T171500Z,Equinix signs 30MW+ wind PPA in Finland,https://www.datacenterdynamics.com/en/news/equinix-signs-30mw-wind-ppa-in-finland/,datacenterdynamics.com,United States
43,2022-01,20220110T171500Z,  Overseas expansion is certainly an option  ,https://www.hortidaily.com/article/9387814/overseas-expansion-is-certainly-an-option/,hortidaily.com,United States
44,2022-01,20220110T181500Z,"Chubb Appoints Julie Dillman , Executive Vice President , Chubb Group and Digital Transformation Officer ; Thomas Kropp Named Senior Vice President , Chubb Group and Global Head of Operations and Technology",https://finance.yahoo.com/news/chubb-appoints-julie-dillman-executive-174600645.html,finance.yahoo.com,United States
45,2022-01,20220110T183000Z,Netherlands Screw Compressors Market – Industrial IT,https://industrialit.com.au/tag/netherlands-screw-compressors-market/,industrialit.com.au,Australia
46,2022-01,20220110T190000Z,Kentucky Coal Mine Converted to Giant Energy Storage Project,https://cleantechnica.com/2022/01/10/kentucky-coal-mine-will-become-giant-water-battery-energy-storage-project/,cleantechnica.com,United States
47,2022-01,20220110T191500Z,"AXT , Inc . Announces Formal Application for Subsidiary IPO",https://www.marketscreener.com/quote/stock/AXT-INC-8512/news/AXT-Inc-Announces-Formal-Application-for-Subsidiary-IPO-37510250/,marketscreener.com,
48,2022-01,20220110T201500Z,NTT Ltd . Names Miriam Murphy as European CEO,https://www.totaltele.com/512109/NTT-Ltd-Names-Miriam-Murphy-as-European-CEO,totaltele.com,United Kingdom
49,2022-01,20220110T214500Z,Ken Burns pens letter opposing western Prince William data centers on  hallowed ground  | Headlines,https://www.insidenova.com/headlines/ken-burns-pens-letter-opposing-western-prince-william-data-centers-on-hallowed-ground/article_b1b327ca-7257-11ec-896a-47ef9ef55658.html,insidenova.com,United States
50,2022-01,20220110T233000Z,Intel Names Michelle Johnston Holthaus As PC Unit New Leader,https://www.crn.com/news/components-peripherals/intel-names-michelle-johnston-holthaus-as-pc-unit-s-new-leader,crn.com,United States
51,2022-01,20220111T001500Z,Kaseya Looks Back on 2021 as Transformative Year with More IT Complete Enhancements Than Ever Before,https://www.prweb.com/releases/kaseya_looks_back_on_2021_as_transformative_year_with_more_it_complete_enhancements_than_ever_before/prweb18426912.htm,prweb.com,United States
52,2022-01,20220123T000000Z,No way out : How the poor get stranded in California nursing homes,https://www.capradio.org/articles/2022/01/22/no-way-out-how-the-poor-get-stranded-in-california-nursing-homes/,capradio.org,United States
53,2022-01,20220123T003000Z,"Lead Plaintiff Deadline Approaching : Kessler Topaz Meltzer & Check , LLP Announces Deadline in Securities Fraud Class Action Lawsuit Filed Against Marathon Digital Holdings , Inc . ",https://forextv.com/top-news/lead-plaintiff-deadline-approaching-kessler-topaz-meltzer-check-llp-announces-deadline-in-securities-fraud-class-action-lawsuit-filed-against-marathon-digital-holdings-inc/,forextv.com,United States
54,2022-01,20220123T064500Z,"West Virginia High Tech Foundation looks to further expand I - 79 Tech Park , commercial climate and weather industry ( copy ) ",https://www.wvnews.com/news/wvnews/west-virginia-high-tech-foundation-looks-to-further-expand-i-79-tech-park-commercial-climate/article_d9d19e80-7af9-11ec-a27a-9f24380fc6f6.html,wvnews.com,United States
55,2022-01,20220123T094500Z,Intel to build $20B Ohio chip facility amid global shortage - New Delhi Times - India Only International Newspaper,https://www.newdelhitimes.com/intel-to-build-20b-ohio-chip-facility-amid-global-shortage/,newdelhitimes.com,United States
56,2022-01,20220123T100000Z,MIS inks $23m worth of contracts for cloud hosting and data center services,https://www.arabnews.com/node/2010071/business-economy,arabnews.com,Saudi Arabia
57,2022-01,20220123T121500Z,Intel to build $20B Ohio chip facility amid global shortage,https://www.sunstar.com.ph/article/1918954/cebu/business/intel-to-build-20b-ohio-chip-facility-amid-global-shortage,sunstar.com.ph,Philippines
58,2022-01,20220123T131500Z,Cloudflare Stock : Bear vs . Bull | The Motley Fool,https://www.fool.com/investing/2022/01/23/cloudflare-stoc-bear-vs-bull/?source=iedfolrf0000001,fool.com,United States
59,2022-01,20220123T131500Z,"Want 162 % to 227 % Gains ? 3 Growth Stocks to Buy in 2022 , According to Wall Street",https://www.fool.com/investing/2022/01/23/want-162-to-227-gains-3-growth-stocks-to-buy-in-20/?source=iedfolrf0000001,fool.com,United States
60,2022-01,20220123T134500Z,California technology company sets Chardon operation | Crain Cleveland Business,https://www.crainscleveland.com/real-estate/california-technology-company-sets-chardon-operation,crainscleveland.com,United States
61,2022-01,20220123T144500Z,Schneider Electric eyes Industry 4 . 0 transformation with Aveva deal,https://www.digitaljournal.com/pr/schneider-electric-eyes-industry-4-0-transformation-with-aveva-deal,digitaljournal.com,United States
62,2022-01,20220123T150000Z,TASI snaps 10 - day rally ; weak earnings weigh on sentiment : Closing bell,https://www.arabnews.com/node/2010156/business-economy,arabnews.com,Saudi Arabia
63,2022-01,20220123T154500Z,Why American Tower Price Tag Doesnt Worry Me,https://www.fool.com/investing/2022/01/23/why-american-towers-price-tag-doesnt-worry-me/?source=iedfolrf0000001,fool.com,United States
64,2022-01,20220123T161500Z,Should an ethics committee first determine who can use power for what ? ,https://innovationorigins.com/en/should-an-ethics-committee-first-determine-who-can-use-power-for-what/,innovationorigins.com,
65,2022-01,20220123T164500Z,"After 2021 REIT Rally , Investors Need to Be Picky",https://www.marketwatch.com/articles/reit-rally-how-to-invest-now-51642694402,marketwatch.com,United States
66,2022-01,20220123T220000Z,"Omicron Cases Are Headed in  Right Direction , Fauci says",https://www.marketwatch.com/articles/omicron-cases-are-headed-in-right-direction-fauci-says-51642971869,marketwatch.com,United States
67,2022-01,20220123T223000Z,Cramer promoted to president at Loeffler in Lakeville,https://www.hometownsource.com/sun_thisweek/free/cramer-promoted-to-president-at-loeffler-in-lakeville/article_2a657340-7a1d-11ec-923c-cf5a9558b4d1.html,hometownsource.com,United States
68,2022-01,20220124T033000Z,"What Is Golem ( GLM )? Features , Tokenomics , and Price Prediction",https://boxden.com/showthread.php?t=3095147,boxden.com,United States
69,2022-01,20220124T053000Z,Indian digital infra needs investment of up to $23 bn by 2025 : Report,https://www.business-standard.com/article/economy-policy/indian-digital-infra-needs-investment-of-up-to-23-bn-by-2025-report-122012400199_1.html,business-standard.com,India
70,2022-01,20220124T053000Z,"Arizona Senate , Which Hired Cyber Ninjas , Now Desperately Seeking Its Election Records",https://www.huffpost.com/entry/arizona-senate-republicans-public-records-cyber-ninjas_n_61ee1748e4b03c2b084bd393,huffpost.com,
71,2022-01,20220124T061500Z,"Etix rolls out a new data center campus in Bangkok , Thailand",https://developingtelecoms.com/telecom-technology/data-centres-networks/12738-etix-rolls-out-a-new-data-center-campus-in-bangkok-thailand.html,developingtelecoms.com,India
72,2022-01,20220124T061500Z,Digital Infra needs investment of up to $23 bn by 2025 ; to support rising online traffic demand : Report,https://www.freepressjournal.in/business/digital-infra-needs-investment-of-up-to-23-bn-by-2025-to-support-rising-online-traffic-demand-report,freepressjournal.in,India
73,2022-01,20220124T070000Z,Intel to build $20B Ohio chip factory amid global shortage,https://www.sharonherald.com/news/intel-to-build-20b-ohio-chip-factory-amid-global-shortage/article_309af38e-7cb6-11ec-9b1d-bb689f51439e.html,sharonherald.com,United States
74,2022-01,20220124T081500Z,"Cisco India looks to acquire capabilities in cybersecurity , 5G , app development",https://www.thehindubusinessline.com/info-tech/cisco-india-looks-to-acquire-capabilities-in-cybersecurity-5g-app-development/article64931604.ece,thehindubusinessline.com,India
75,2022-01,20220124T083000Z,S . Korea to Invest 107 bln Won in Gwangju AI Complex Project This Year,http://koreabizwire.com/s-korea-to-invest-107-bln-won-in-gwangju-ai-complex-project-this-year/209744,koreabizwire.com,South Korea
76,2022-01,20220124T083000Z,How can data centers engage with utilities in 2022 and beyond ? ,https://www.datacenterdynamics.com/en/opinions/how-can-data-centers-engage-with-utilities-in-2022-and-beyond/,datacenterdynamics.com,United States
77,2022-01,20220124T101500Z,Digital infra sector needs investment of up to $23 bn by 2025 : EY report,https://www.businesstoday.in/latest/economy/story/digital-infra-sector-needs-investment-of-up-to-23-bn-by-2025-ey-report-320103-2022-01-24,businesstoday.in,India
78,2022-01,20220124T101500Z,"Q & A : Google Cloud says sustainability efforts have gained momentum , made a difference outside the data centre - Techgoondu",https://www.techgoondu.com/2022/01/24/qa-google-cloud-says-sustainability-efforts-have-gained-momentum-made-a-difference-outside-the-data-centre/,techgoondu.com,Singapore
79,2022-01,20220124T103000Z,"IT News Online - Hong Kong Rejoins Global Top Ten Data Center Markets , Ranked Second in Asia Pacific",http://www.itnewsonline.com/news/Hong-Kong-Rejoins-Global-Top-Ten-Data-Center-Markets-Ranked-Second-in-Asia-Pacific/7945,itnewsonline.com,United States
80,2022-01,20220124T104500Z,"DCI to build second data center in Auckland , New Zealand",https://www.datacenterdynamics.com/en/news/dci-to-build-second-data-center-in-auckland-new-zealand/,datacenterdynamics.com,United States
81,2022-01,20220124T111500Z,The Worldwide Enhanced Geothermal Systems Industry is Expect ... ,https://menafn.com/1103584102/The-Worldwide-Enhanced-Geothermal-Systems-Industry-is-Expected-to-Reach-36-Billion-by-2030,menafn.com,Qatar
82,2022-01,20220124T113000Z,Dell expands Apex cloud and on - prem storage options,https://www.networkworld.com/article/3648039/dell-expands-apex-cloud-and-on-prem-storage-options.html,networkworld.com,United States
83,2022-01,20220124T113000Z,Intel to hang onto Hudson land after demolition,https://www.wbjournal.com/article/intel-to-hang-onto-hudson-land-after-demolition,wbjournal.com,United States
84,2022-01,20220124T120000Z,Digital Infrastructure Needs Investment Up To $23 Billion By 2025 : Report,https://www.ndtv.com/business/indian-digital-infra-needs-investment-of-up-to-usd-23-bn-by-2025-report-2725974,ndtv.com,India
85,2022-01,20220124T124500Z,Tomorrow Water and Arcadis to partner on data center and wastewater treatment plant sustainability,https://www.prnewswire.com:443/news-releases/tomorrow-water-and-arcadis-to-partner-on-data-center-and-wastewater-treatment-plant-sustainability-301466437.html,prnewswire.com,United States
86,2022-01,20220124T130000Z,Achmea Investment Management B . V . Raises Holdings in Western Digital Co . ( NASDAQ : WDC ) ,https://etfdailynews.com/news/achmea-investment-management-b-v-raises-holdings-in-western-digital-co-nasdaqwdc/,etfdailynews.com,United States
87,2022-01,20220124T134500Z,"West Virginia High Tech Foundation looks to further expand I - 79 Tech Park , commercial climate and weather industry",https://www.wvnews.com/statejournal/statejournal/news/west-virginia-high-tech-foundation-looks-to-further-expand-i-79-tech-park-commercial-climate/article_db9fc350-7927-11ec-b906-0312307e7f80.html,wvnews.com,United States
88,2022-01,20220124T141500Z,Liberty Latin America and Vecima Deploy Distributed Access Architecture ( DAA ) to Deliver Enhanced Broadband Services to Customers,https://www.galvnews.com/news_ap/business/article_814fd5f7-fddc-5f7f-a2ff-7fc9ac3dec85.html,galvnews.com,United States
89,2022-01,20220124T141500Z,Netlist Expands NVMe ( TM ) SSD Product Line,https://www.saltlakecitysun.com/news/272226549/netlist-expands-nvmetm-ssd-product-line,saltlakecitysun.com,United States
90,2022-01,20220124T143000Z,Nuclear energy could come to Indiana under new bill,https://www.southbendtribune.com/story/news/environment/2022/01/24/nuclear-power-plant-renewable-energy-reactor-technology-utilities-indiana-bill-sb-271/6561722001/,southbendtribune.com,United States
91,2022-01,20220124T151500Z,Apex Great Pathfinder Wind Project Expands Meta Economic Investment in Iowa,https://www.businesswire.com/news/home/20220124005097/en/Apex%E2%80%99s-Great-Pathfinder-Wind-Project-Expands-Meta%E2%80%99s-Economic-Investment-in-Iowa,businesswire.com,United States
92,2022-01,20220124T151500Z,A bill would pave the way for nuclear power in Indiana -- at a cost to consumers,https://www.mdjonline.com/tribune/georgia/a-bill-would-pave-the-way-for-nuclear-power-in-indiana----at/article_f4882cf0-0b94-58cd-9bf0-643d25e00002.html,mdjonline.com,United States
93,2022-01,20220124T153000Z,IT News Online - Netlist Expands NVMe ( TM ) SSD Product Line,http://www.itnewsonline.com/news/Netlist-Expands-NVMeTM-SSD-Product-Line/7952,itnewsonline.com,United States
94,2022-01,20220124T154500Z,Gateway to Growth : How the European Green Deal Can Strengthen Africa and Europe Economies,https://www.eubulletin.com/12563-gateway-to-growth-how-the-european-green-deal-can-strengthen-africas-and-europes-economies.html,eubulletin.com,Russia
95,2022-01,20220124T161500Z,Munters acquires Irish cooling equipment manufacturer EDPAC,https://www.datacenterdynamics.com/en/news/munters-acquires-irish-cooling-equipment-manufacturer-edpac/,datacenterdynamics.com,United States
96,2022-01,20220124T171500Z,IT Market To Hit $4 . 5 Trillion In 2022 As Services Surge : Gartner,https://www.crn.com/news/managed-services/it-market-to-hit-4-5-trillion-in-2022-as-services-surge-gartner,crn.com,United States
97,2022-01,20220124T171500Z,"Nokia , SK Telecom collaborate on virtualized RAN",https://www.rcrwireless.com/20220124/5g/nokia-sk-telecom-collaborate-virtualized-ran,rcrwireless.com,United States
98,2022-01,20220124T173000Z,Booyah Advertising Named to Ad Age Best Places to Work,https://www.globenewswire.com/news-release/2022/01/24/2371898/0/en/Booyah-Advertising-Named-to-Ad-Age-s-Best-Places-to-Work-2022.html,globenewswire.com,United States
99,2022-01,20220124T174500Z,"Satoshi Energy Raises $2M to Power Bitcoin - Bitcoin Magazine : Bitcoin News , Articles , Charts , and Guides",https://bitcoinmagazine.com/business/satoshi-energy-raises-2-million-to-power-bitcoin,bitcoinmagazine.com,United States
100,2022-01,20220124T181500Z,"Ceremorphic Exits Stealth , Unveils Technology Plans to Deliver New HPC Architecture",https://www.hpcwire.com/off-the-wire/ceremorphic-exits-stealth-unveils-technology-plans-to-deliver-new-hpc-architecture/,hpcwire.com,United States
101,2022-01,20220124T181500Z,Digital Realty acquisition of Teracoll boost African GDP,https://www.vanguardngr.com/2022/01/digital-realty-acquisition-of-teracoll-boost-african-gdp-medallion-ceo/,vanguardngr.com,Nigeria
102,2022-01,20220124T200000Z,Altoona Facebook data center to use Great Pathfinder wind farm energy,https://www.desmoinesregister.com/story/money/business/2022/01/24/altoona-facebook-data-center-to-use-great-pathfinder-wind-farm-energy-meta-iowa-renewable/6634155001/,desmoinesregister.com,United States
103,2022-01,20220124T200000Z,The Worldwide Enhanced Geothermal Systems Industry is,https://www.globenewswire.com/news-release/2022/01/24/2371438/28124/en/The-Worldwide-Enhanced-Geothermal-Systems-Industry-is-Expected-to-Reach-3-6-Billion-by-2030.html,globenewswire.com,United States
104,2022-01,20220124T213000Z,Aktion Associates Appoints Two Vice Presidents,https://markets.businessinsider.com/news/stocks/aktion-associates-appoints-two-vice-presidents-1031123940,markets.businessinsider.com,United States
105,2022-01,20220124T214500Z,10 Best Dividend Contenders to Buy for 2022,https://www.insidermonkey.com/blog/10-best-dividend-contenders-to-buy-for-2022-1022062/,insidermonkey.com,United States
106,2022-01,20220124T221500Z,Facebook Parent Meta Taps Nvidia GPUs For  Fastest AI Supercomputer  ,https://www.crn.com/news/components-peripherals/facebook-parent-meta-taps-nvidia-gpus-for-fastest-ai-supercomputer-,crn.com,United States
107,2022-01,20220124T223000Z,I Unplugged What ? ,https://cacm.acm.org/magazines/2022/2/258222-i-unplugged-what/fulltext,cacm.acm.org,United States
108,2022-01,20220124T234500Z,Digital Realty Announces Tax Treatment of 2021 Dividends,https://www.prnewswire.com:443/news-releases/digital-realty-announces-tax-treatment-of-2021-dividends-301466968.html,prnewswire.com,United States
109,2022-01,20220130T090000Z,Upgrading the internet in CPS schools means investing tens of millions and tearing up streets across Chicago,https://www.yahoo.com/lifestyle/upgrading-internet-cps-schools-means-090000995.html,yahoo.com,United States
110,2022-01,20220130T164500Z,Why Cloud Access Security Is Vital To A Sound Cyber Defense Strategy,https://www.varinsights.com/doc/why-cloud-access-security-is-vital-to-a-sound-cyber-defense-strategy-0001,varinsights.com,
111,2022-01,20220130T170000Z,"Nvidia $40 Billion Arm Acquisition Is Now  Highly Unlikely  to Go Through , Analyst Says – NECN",https://www.necn.com/news/business/money-report/nvidias-40-billion-arm-acquisition-is-now-highly-unlikely-to-go-through-analyst-says/2628351/,necn.com,United States
112,2022-01,20220130T191500Z,Philippines office demand seen to pick up this year,https://www.philstar.com/business/2022/01/31/2157446/philippines-office-demand-seen-pick-year,philstar.com,Philippines
113,2022-01,20220130T210000Z,"Cryptocurrency firm touts jobs in the Falls , but critics worry about energy use",https://buffalonews.com/news/local/cryptocurrency-firm-touts-jobs-in-the-falls-but-critics-worry-about-energy-use/article_3544f632-7fae-11ec-aaf2-a76082c250d6.html,buffalonews.com,United States
114,2022-01,20220130T231500Z,KLDiscovery Introduces Nebula Singularity™ Global Subscription Service,https://www.marketscreener.com/news/latest/KLDiscovery-Introduces-Nebula-Singularity-trade-Global-Subscription-Service--37691719/,marketscreener.com,
115,2022-01,20220131T011500Z,"Europe Bioceramic Materials Market Report Analysis Key Trends , Application areas and Forcast By 2028 – Energy Siren",http://energysiren.co.ke/2022/01/30/europe-bioceramic-materials-market-report-analysis-key-trends-application-areas-and-forcast-by-2028/,energysiren.co.ke,
116,2022-01,20220131T014500Z,Media Alert : BrainChip Podcast Returns with CEO Sean Hehir – Consumer Electronics Net,http://www.consumerelectronicsnet.com/media-alert-brainchip-podcast-returns-with-ceo-sean-hehir/,consumerelectronicsnet.com,United States
117,2022-01,20220131T020000Z,"MARA CLASS ACTION ALERT : Kessler Topaz Meltzer & Check , LLP Reminds Marathon Digital Holdings , Inc . Shareholders of Securities Fraud Class Action Lawsuit",https://forextv.com/top-news/mara-class-action-alert-kessler-topaz-meltzer-check-llp-reminds-marathon-digital-holdings-inc-shareholders-of-securities-fraud-class-action-lawsuit/,forextv.com,United States
118,2022-01,20220131T041500Z,fran rosch - All news and posts by Crowdfund Insider,https://www.crowdfundinsider.com/tag/fran-rosch/,crowdfundinsider.com,United Kingdom
119,2022-01,20220131T053000Z,Where did it all go wrong for chipmaker Intel ? ,https://menafn.com/1103615763/Where-did-it-all-gowrong-for-chipmaker-Intel&source=22,menafn.com,Qatar
120,2022-01,20220131T060000Z,Aehr Test Systems : Post - Q2 Selloff New Buying Opportunity ( NASDAQ : AEHR ) ,https://seekingalpha.com/article/4482794-aehr-test-systems-post-q2-selloff-buying-opportunity,seekingalpha.com,United States
121,2022-01,20220131T070000Z,China Real Challenge Is Not Military | The National Interest,https://nationalinterest.org/feature/china%E2%80%99s-real-challenge-not-military-200115,nationalinterest.org,United States
122,2022-01,20220131T073000Z,Acronis launches first cloud data centre in South Africa,https://www.msn.com/en-ae/money/news/acronis-launches-first-cloud-data-centre-in-south-africa/ar-AATjsdL,msn.com,United States
123,2022-01,20220131T080000Z,IT News Online - CITIC Telecom CPC Appointment of New Chief Executive Officer,http://www.itnewsonline.com/news/CITIC-Telecom-CPC-Appointment-of-New-Chief-Executive-Officer/8029,itnewsonline.com,United States
124,2022-01,20220131T093000Z,Worldwide Fiber Optic Testing Industry to 2027,https://www.globenewswire.com/news-release/2022/01/31/2375451/0/en/Worldwide-Fiber-Optic-Testing-Industry-to-2027-Rapid-Innovations-in-Communication-Technology-and-Connectivity-Presents-Opportunities.html,globenewswire.com,United States
125,2022-01,20220131T104500Z,Strategies to Reduce Embodied Carbon in the Built Environment,https://www.archdaily.com/976015/strategies-to-reduce-embodied-carbon-in-the-built-environment,archdaily.com,United States
126,2022-01,20220131T110000Z,Vident Investment Advisory LLC Has $1 . 22 Million Stock Position in Corporate Office Properties Trust ( NYSE : OFC ) ,https://etfdailynews.com/news/vident-investment-advisory-llc-has-1-22-million-stock-position-in-corporate-office-properties-trust-nyseofc/,etfdailynews.com,United States
127,2022-01,20220131T111500Z,Equinix to close MA2 data center in Manchester,https://www.datacenterdynamics.com/en/news/equinix-to-close-ma2-data-center-in-manchester/,datacenterdynamics.com,United States
128,2022-01,20220131T120000Z,Is Crytpo Still Alive In Kazakhstan ? - Technology,https://www.mondaq.com/fin-tech/1155364/is-crytpo-still-alive-in-kazakhstan,mondaq.com,United States
129,2022-01,20220131T140000Z,U . S . and the World - Why Im Not Going to the Beijing Winter Olympics - AllGov,http://www.allgov.com/news/us-and-the-world/why-im-not-going-to-the-beijing-winter-olympics-by-david-wallechinsky?news=860541,allgov.com,United States
130,2022-01,20220131T141500Z,Wasatch Advisors Inc . Grows Stock Position in GDS Holdings Limited ( NASDAQ : GDS ) ,https://etfdailynews.com/news/wasatch-advisors-inc-grows-stock-position-in-gds-holdings-limited-nasdaqgds/,etfdailynews.com,United States
131,2022-01,20220131T141500Z,Spotify will Warn of Fake News about Covid - Novinite . com,https://www.novinite.com/articles/213551/Spotify+will+Warn+of+Fake+News+about+Covid,novinite.com,Bulgaria
132,2022-01,20220131T154500Z,China Approves the AMD and Xilinx Merger -- What Investors Need to Know,https://www.fool.com/investing/2022/01/31/china-oks-amd-xilinx-merger-what-need-know/,fool.com,United States
133,2022-01,20220131T163000Z,GRC Deploys Liquid Immersion Cooling to TACC Lonestar Supercomputer,https://www.hpcwire.com/off-the-wire/grc-deploys-liquid-immersion-cooling-to-taccs-lonestar-supercomputer/,hpcwire.com,United States
134,2022-01,20220131T164500Z,Managing Cloud : Why to Keep a Data Center Mentality,https://www.informationweek.com/cloud/managing-cloud-why-to-keep-a-data-center-mentality,informationweek.com,United States
135,2022-01,20220131T170000Z,"Eight Must Reads for the CRE Industry Today ( Jan . 31 , 2022 ) ",https://www.wealthmanagement.com/cre-wire/eight-must-reads-cre-industry-today-jan-31-2022,wealthmanagement.com,United States
136,2022-01,20220131T171500Z,A look at the team running the united kingdom most powerful supercomputer,https://www.datacenterdynamics.com/en/marketwatch/a-look-at-the-team-running-the-uks-most-powerful-supercomputer/,datacenterdynamics.com,United States
137,2022-01,20220131T171500Z,Broad coalition launches campaign to save the Great Salt Lake from profit - driven decline – Liberation News,https://www.liberationnews.org/broad-coalition-launches-campaign-to-save-the-great-salt-lake-from-profit-driven-decline/,liberationnews.org,United States
138,2022-01,20220131T173000Z,Airtel Acquires 25 % Stake In Bengaluru Based Lavelle Networks,https://inc42.com/buzz/airtel-acquires-25-stake-in-bengaluru-based-lavelle-networks/,inc42.com,India
139,2022-01,20220131T173000Z,Be Selective With Semiconductor Stocks,https://www.etftrends.com/tactical-allocation-channel/be-selective-with-semiconductor-stocks/,etftrends.com,China
140,2022-01,20220131T174500Z,Outdated IoT healthcare devices pose major security threats,https://www.csoonline.com/article/3648592/outdated-iot-healthcare-devices-pose-major-security-threats.html,csoonline.com,United States
141,2022-01,20220131T180000Z,Atlas Power Data Center plans to be world largest | Business,https://www.sidneyherald.com/business/atlas-power-data-center-plans-to-be-world-s-largest/article_2188f22e-8224-11ec-84fd-47988cad8eba.html,sidneyherald.com,United States
142,2022-01,20220131T193000Z,Top Bitcoin Miners Pressed by U . S . Lawmakers to Detail Climate Impact,https://www.datacenterknowledge.com:443/energy/top-bitcoin-miners-pressed-us-lawmakers-detail-climate-impact-power-consumption,datacenterknowledge.com,United States
143,2022-01,20220131T193000Z,Ohio tax incentives approved for 4 companies that will create 327 jobs,https://www.dispatch.com/story/business/2022/01/31/ohio-tax-incentives-approved-4-companies-create-327-jobs/9259947002/,dispatch.com,United States
144,2022-01,20220131T193000Z,Ambient Scientific Announces GPX - 10 Revolutionizing AI in Endpoint and Edge Devices,https://www.eejournal.com/industry_news/ambient-scientific-announces-gpx-10-revolutionizing-ai-in-endpoint-and-edge-devices/,eejournal.com,United States
145,2022-01,20220131T193000Z,Ambient Scientific announces ultra - low power core technology for AI at the Edge,https://www.eejournal.com/industry_news/ambient-scientific-announces-ultra-low-power-core-technology-for-ai-at-the-edge/,eejournal.com,United States
146,2022-01,20220131T203000Z,One of world largest data centers to locate in Williston,https://www.devilslakejournal.com/story/news/2022/01/31/one-worlds-largest-data-centers-locate-williston/9245019002/,devilslakejournal.com,United States
147,2022-01,20220131T203000Z,"As bomb threats against HBCUs mount , Rep . Adams urges action",https://www.thecharlottepost.com/news/2022/01/31/local-state/as-bomb-threats-against-hbcus-mount-rep.-adams-urges-action/,thecharlottepost.com,United States
148,2022-01,20220131T210000Z,Telia Helsinki Data Center balances local electric grid,https://www.rcrwireless.com/20220131/network-infrastructure/telias-helsinki-data-center-balances-local-electric-grid,rcrwireless.com,United States
149,2022-01,20220131T213000Z,Key Criteria for Evaluating Mobile Edge Solutions,https://gigaom.com/report/key-criteria-for-evaluating-mobile-edge-solutions/,gigaom.com,United States
150,2022-01,20220131T233000Z,Clear Rate Communications Announces New Executive Leadership for the Next Phase of Growth,https://www.pr.com/press-release/854125,pr.com,United States
151,2022-02,20220214T003000Z,Surveillance Too Cheap to Meter,https://queue.acm.org/detail.cfm?id=3511661,queue.acm.org,United States
152,2022-02,20220214T014500Z,"Google , Amazon and Netflix Are Fighting Over Falling Helium Supplies",https://oilprice.com/Energy/Energy-General/Google-Amazon-and-Netflix-Are-Fighting-Over-Falling-Helium-Supplies.html,oilprice.com,United States
153,2022-02,20220214T024500Z,Which VPN Providers Really Take Privacy Seriously in 2020 ? * TorrentFreak,https://torrentfreak.com/best-vpn-anonymous-no-logging-2020/,torrentfreak.com,United States
154,2022-02,20220214T030000Z,"MARATHON DEADLINE ALERT : Bragar Eagel & Squire , P . C . Reminds Investors That a Class Action Lawsuit Has Been Filed Against Marathon Digital Holdings , I",https://us.acrofan.com/detail.php?number=615459,us.acrofan.com,South Korea
155,2022-02,20220214T041500Z,China Telecom and Huawei Jointly Complete the Verification of a 200G+ Ultra Large - Capacity and Long - haul Transmission System,https://www.prnewswire.com:443/news-releases/china-telecom-and-huawei-jointly-complete-the-verification-of-a-200g-ultra-large-capacity-and-long-haul-transmission-system-301481355.html,prnewswire.com,United States
156,2022-02,20220214T091500Z,Just 3 % of white collar workers want a full return to the office,https://www.news24.com/fin24/Economy/just-3-of-white-collar-workers-want-a-full-return-to-the-office-20220214,news24.com,South Africa
157,2022-02,20220214T093000Z,OCC Advances Technology Overhaul - Traders Magazine,https://www.tradersmagazine.com/news/occ-advances-tech-overhaul/,tradersmagazine.com,United States
158,2022-02,20220214T094500Z,How China cybersecurity laws could backfire,https://www.japantimes.co.jp/opinion/2022/02/14/commentary/world-commentary/chinas-cybersecurity-laws/,japantimes.co.jp,Japan
159,2022-02,20220214T111500Z,UPS Market revenue to cross USD 15 Bn by 2028 : Global Market ... ,https://menafn.com/1103691527/UPS-Market-revenue-to-cross-USD-15-Bn-by-2028-Global-Market-Insights-Inc,menafn.com,Qatar
160,2022-02,20220214T111500Z,"SmartNIC Revenue Reached $1 . 5 Billion in 2021 , Reports Crehan Research",https://www.prnewswire.com:443/news-releases/smartnic-revenue-reached-1-5-billion-in-2021--reports-crehan-research-301481296.html,prnewswire.com,United States
161,2022-02,20220214T114500Z,Bright Data review,https://www.techradar.com/reviews/bright-data,techradar.com,United Kingdom
162,2022-02,20220214T121500Z,"Balyasny Asset Management LLC Grows Stock Holdings in 21Vianet Group , Inc . ( NASDAQ : VNET ) ",https://etfdailynews.com/news/balyasny-asset-management-llc-grows-stock-holdings-in-21vianet-group-inc-nasdaqvnet/,etfdailynews.com,United States
163,2022-02,20220214T123000Z,Semiconductor market correction could come in 2024,https://www.theregister.com/2022/02/14/semiconductor_market_correction/,theregister.com,
164,2022-02,20220214T131500Z,Inflation May Raise Corporate America Profits : 5 Top Picks,https://www.msn.com/en-us/money/markets/inflation-may-raise-corporate-americas-profits-5-top-picks/ar-AATPm5P,msn.com,United States
165,2022-02,20220214T133000Z,Poll : Would you like to see more data centers in Fauquier ? ,https://www.fauquiernow.com/fauquier_opinions/question/fauquier-would-you-like-to-see-more-data-centers-in-fauquier-2022,fauquiernow.com,United States
166,2022-02,20220214T133000Z,Tech Giants Are Fighting Over Falling Helium Supplies,https://www.prnewswire.co.uk/news-releases/tech-giants-are-fighting-over-falling-helium-supplies-880510001.html,prnewswire.co.uk,United Kingdom
167,2022-02,20220214T140000Z,Lumentum Announces Upcoming Investor Events,https://www.prnewswire.com:443/news-releases/lumentum-announces-upcoming-investor-events-301480565.html,prnewswire.com,United States
168,2022-02,20220214T140000Z,Best secure email providers of 2022,https://www.techradar.com/best/best-secure-email-providers,techradar.com,United Kingdom
169,2022-02,20220214T141500Z,How To Play The Coming Helium Boom,https://www.blacklistednews.com/article/81770/how-to-play-the-coming-helium.html,blacklistednews.com,United States
170,2022-02,20220214T141500Z,Software - Defined Anything Market - Forecast 2021,https://www.briefingwire.com/pr/software-defined-anything-market-forecast-2021-2026,briefingwire.com,United States
171,2022-02,20220214T141500Z,"EU announces €150 billion African investment package , will fund data center and cable projects",https://www.datacenterdynamics.com/en/news/eu-announces-150-billion-african-investment-package-will-fund-data-center-and-cable-projects/,datacenterdynamics.com,United States
172,2022-02,20220214T141500Z,India Bans 54 More Chinese Apps,https://www.entrepreneur.com/article/418462,entrepreneur.com,United States
173,2022-02,20220214T141500Z,"Final Deadline Reminder : Kessler Topaz Meltzer & Check , LLP",https://www.globenewswire.com/news-release/2022/02/14/2384442/0/en/Final-Deadline-Reminder-Kessler-Topaz-Meltzer-Check-LLP-Reminds-Investors-of-Lead-Plaintiff-Deadline-in-Securities-Fraud-Class-Action-Lawsuit-Filed-Against-Marathon-Digital-Holding.html,globenewswire.com,United States
174,2022-02,20220214T151500Z,"Windstream Wholesale to Connect to AUBix Data Center in Auburn , Alabama",https://apnews.com/press-release/business-wire/technology-business-alabama-auburn-auburn-university-4c4517457db04a5a9e48d42fbeb6561e,apnews.com,United States
175,2022-02,20220214T151500Z,"Google , Amazon and Netflix Are Fighting Over Falling Helium ... ",https://menafn.com/1103693064/Google-Amazon-and-Netflix-Are-Fighting-Over-Falling-Helium-Supplies,menafn.com,Qatar
176,2022-02,20220214T151500Z,Analysis : Need for broadband improvement in Rural Pa . ,https://www.bradfordera.com/news/analysis-need-for-broadband-improvement-in-rural-pa/article_3c137f7a-de8d-59ba-aa65-2300c25b481b.html,bradfordera.com,United States
177,2022-02,20220214T153000Z,Syntax Recognized on CRN 2022 Managed Service Provider 500 List in the Elite 150 Category for the Second Straight Year,https://www.prweb.com/releases/syntax_recognized_on_crns_2022_managed_service_provider_500_list_in_the_elite_150_category_for_the_second_straight_year/prweb18493375.htm,prweb.com,United States
178,2022-02,20220214T161500Z,It Day One For The Combined AMD And Xilinx And CEO Lisa Su Is Energized,https://www.forbes.com/sites/patrickmoorhead/2022/02/14/its-day-one-for-the-combined-amd-and-xilinx-and-ceo-lisa-su-is-energized/,forbes.com,United States
179,2022-02,20220214T163000Z,"New research project highlights Iowa Latino communities . About Latinos , by Latinos",https://www.iowapublicradio.org/ipr-news/2022-02-14/new-research-project-highlights-iowas-latino-communities-about-latinos-by-latinos,iowapublicradio.org,United States
180,2022-02,20220214T173000Z,AMD Stock Rises As Chipmaker Completes Xilinx Acquisition | Investor Business Daily,https://www.investors.com/news/technology/amd-stock-rises-as-chipmaker-completes-xilinx-acquisition/,investors.com,United States
181,2022-02,20220214T174500Z,AMD completes record ~$50 billion acquisition of Xilinx,https://www.datacenterknowledge.com:443/business/amd-completes-record-50-billion-acquisition-xilinx,datacenterknowledge.com,United States
182,2022-02,20220214T183000Z,Capgemini delivers a record performance in 2021,https://menafn.com/1103693599/Capgemini-delivers-a-record-performance-in-2021,menafn.com,Qatar
183,2022-02,20220214T184500Z,WindAction | Why there little talk about land - based wind farms in rural NC,http://old.windaction.org/posts/53221-why-there-s-little-talk-about-land-based-wind-farms-in-rural-nc,old.windaction.org,United States
184,2022-02,20220214T184500Z,Just 3 % of skilled workers want a full office return – and will quit if forced to,https://businesstech.co.za/news/business/558132/just-3-of-skilled-workers-want-a-full-office-return-and-will-quit-if-forced-to/,businesstech.co.za,South Africa
185,2022-02,20220214T184500Z,How Will Photonics Help Digitally Shrink Our World ? ,https://www.azooptics.com/Article.aspx?ArticleID=2147,azooptics.com,United States
186,2022-02,20220214T194500Z,8 Tech Stock Winners & Losers From Q4,https://markets.businessinsider.com/news/stocks/8-tech-stocks-winners-losers-from-q4-reporting-season-1031192531,markets.businessinsider.com,United States
187,2022-02,20220214T194500Z,"Magewell Executive Predictions : 5G , the Cloud , and GPU - Powered AI",https://www.streamingmedia.com/Articles/Editorial/Spotlights/Magewell-Executive-Predictions-5G-the-Cloud-and-GPU-Powered-AI-151417.aspx,streamingmedia.com,United States
188,2022-02,20220214T201500Z,Partners Group closes its third direct infrastructure progra ... ,https://menafn.com/1103694329/Partners-Group-closes-its-third-direct-infrastructure-program-with-total-commitments-of-USD-85-billion,menafn.com,Qatar
189,2022-02,20220214T204500Z,Why Secure SD - WAN Should Be Delivered from the Cloud,https://www.cio.com/article/304854/why-secure-sd-wan-should-be-delivered-from-the-cloud.html,cio.com,United States
190,2022-02,20220214T204500Z,"HIVE Blockchain Technologies Ltd .: HIVE Blockchain Announces Webcast Details for Q3 F2022 Results on Tuesday , February 15 , 2022",https://www.finanznachrichten.de/nachrichten-2022-02/55238841-hive-blockchain-technologies-ltd-hive-blockchain-announces-webcast-details-for-q3-f2022-results-on-tuesday-february-15-2022-296.htm,finanznachrichten.de,Germany
191,2022-02,20220214T213000Z,"AMD Completes $49B Xilinx Acquisition , Largest Chip Deal In History",https://www.crn.com/news/components-peripherals/amd-completes-49b-xilinx-acquisition-largest-chip-deal-in-history,crn.com,United States
192,2022-02,20220214T214500Z,ePlus Recognized on CRN 2022 Managed Service Provider 500 List in Elite 150 Category,https://www.prnewswire.com:443/news-releases/eplus-recognized-on-crns-2022-managed-service-provider-500-list-in-elite-150-category-301481609.html,prnewswire.com,United States
193,2022-02,20220214T220000Z,IBM To Offer z / OS App Development and Testing in Its Public Cloud,https://www.datacenterknowledge.com:443/ibm/ibm-offer-zos-app-development-and-testing-its-public-cloud,datacenterknowledge.com,United States
194,2022-02,20220214T220000Z,"AMD acquisition of Xilinx goes through , bolstering the Intel rival",https://www.windowscentral.com/amds-acquisition-xilinx-goes-through-bolstering-intel-rival,windowscentral.com,United States
195,2022-02,20220214T223000Z,"Arista Networks , Inc . Reports Fourth Quarter and Year End 2021 Financial Results – Consumer Electronics Net",http://www.consumerelectronicsnet.com/arista-networks-inc-reports-fourth-quarter-and-year-end-2021-financial-results/,consumerelectronicsnet.com,United States
196,2022-02,20220214T223000Z,St . Pete PD uses robot featured in Sam Adams Super Bowl commercial,https://www.fox13news.com/news/st-pete-pd-uses-robot-featured-in-sam-adams-super-bowl-commercial,fox13news.com,United States
197,2022-02,20220214T224500Z,Intel chips in amid crypto race,https://www.thestandard.com.hk/section-news/section/2/238873/Intel-chips-in-amid-crypto-race,thestandard.com.hk,Hong Kong
198,2022-02,20220214T233000Z,iTWire - Entrust expands cloud security services in Australia and across APAC with nShield as a service,https://www.itwire.com:443/guest-articles/company-news/entrust-expands-cloud-security-services-in-australia-and-across-apac-with-nshield-as-a-service.html,itwire.com,Australia
199,2022-02,20220215T001500Z,2 Tech Stocks Seeing Big Rises After Hours Monday,https://www.fool.com/investing/2022/02/14/2-tech-stocks-seeing-big-rises-after-hours-monday/,fool.com,United States
200,2022-02,20220221T034500Z,What Data and Green Optical Networks to Digital Economy Is What Water Resource and Roads to Cities,https://www.prnewswire.com/news-releases/what-data-and-green-optical-networks-to-digital-economy-is-what-water-resource-and-roads-to-cities-301486222.html,prnewswire.com,United States
201,2022-02,20220221T060000Z,"Transmission Line Market to USD 138 . 99 Billion by 2028 Driven by the Increasing Number of Industrial Manufacturing Units , says Fortune Business Insights™",https://energy.einnews.com/pr_news/563642684/transmission-line-market-to-usd-138-99-billion-by-2028-driven-by-the-increasing-number-of-industrial-manufacturing-units-says-fortune-business,energy.einnews.com,United States
202,2022-02,20220221T061500Z,Bharti Airtel enters SEA - ME - WE - 6 undersea cable consortium,https://www.indiainfoline.com/article/news-top-story/bharti-airtel-enters-sea-me-we-6-undersea-cable-consortium-122022100034_1.html,indiainfoline.com,India
203,2022-02,20220221T061500Z,Inside Intel Bold Chip Making Plans to Dethrone AMD,https://www.industryleadersmagazine.com/inside-intels-bold-chip-making-plans-to-dethrone-amd/,industryleadersmagazine.com,United States
204,2022-02,20220221T061500Z,Airtel joins SEA - ME - WE - 6 undersea cable consortium - The Hindu BusinessLine,https://www.thehindubusinessline.com/info-tech/airtel-joins-sea-me-we-6-undersea-cable-consortium/article65070187.ece,thehindubusinessline.com,India
205,2022-02,20220221T064500Z,2022 New Year Property Market - Teller Report,https://www.tellerreport.com/life/2022-02-21-2022-new-year-property-market.SJbtoRjee5.html,tellerreport.com,
206,2022-02,20220221T081500Z,"Fiber Optic Labels Market Opportunities , Analysis Forecast Report to 2031",https://www.fmiblog.com/2022/02/21/fiber-optic-labels-market-opportunities-analysis-forecast-report-to-2031/,fmiblog.com,
207,2022-02,20220221T083000Z,Airtel joins undersea cable consortium SEA - ME - WE - 6,https://www.indiantelevision.com/iworld/telecom/airtel-joins-undersea-cable-consortium-sea-me-we-6-220221,indiantelevision.com,India
208,2022-02,20220221T090000Z,Airtel joins undersea cable consortium,https://www.uniindia.com/story/Airtel-joins-undersea-cable-consortium,uniindia.com,India
209,2022-02,20220221T100000Z,Data Centers and Housing Units Seen to Spearhead Growth of Real Estate Sector,https://www.lamudi.com.ph/journal/data-centers-housing-growth/,lamudi.com.ph,Philippines
210,2022-02,20220221T103000Z,GLP plans 900MW data center expansion in Japan,https://www.datacenterdynamics.com/en/news/glp-plans-900mw-data-center-expansion-in-japan/,datacenterdynamics.com,United States
211,2022-02,20220221T104500Z,Shamus McGillicuddy,http://www.networkcomputing.com/author/shamus-mcgillicuddy,networkcomputing.com,United States
212,2022-02,20220221T104500Z,Data Center Network Automation has a Data Problem,https://www.networkcomputing.com/data-centers/data-center-network-automation-has-data-problem,networkcomputing.com,United States
213,2022-02,20220221T110000Z,Lew Blodgett carves a path : 98 - year - old trail worker still going strong,https://news.yahoo.com/lew-blodgett-carves-path-98-100042252.html,news.yahoo.com,United States
214,2022-02,20220221T110000Z,"Digital Realty / Brookfield JV acquires 10 acres in Chennai , India",https://www.datacenterdynamics.com/en/news/digital-realtybrookfield-jv-acquires-10-acres-in-chennai-india/,datacenterdynamics.com,United States
215,2022-02,20220221T111500Z,"DGAP - News : Northern Data : Change in the Management Board ; Christopher Yoshida takes over the Finance Department , Magyar Tőkepiac",http://www.magyartokepiac.hu/cikk?265604,magyartokepiac.hu,Hungary
216,2022-02,20220221T114500Z,"Cyber Insurance Market to Eyewitness Major Growth by 2030 | American International Group , Munich Re , Berkshire Hathaway",https://www.digitaljournal.com/pr/cyber-insurance-market-to-eyewitness-major-growth-by-2030-american-international-group-munich-re-berkshire-hathaway,digitaljournal.com,United States
217,2022-02,20220221T120000Z,Power 100 : N – Z,https://njbiz.com/power-100-2022-n-z/,njbiz.com,United States
218,2022-02,20220221T121500Z,IT News Online - Intel Provides New Intel Xeon Roadmap Extending Through 2024,http://www.itnewsonline.com/news/Intel-Provides-New-Intel-Xeon-Roadmap-Extending-Through-2024/8325,itnewsonline.com,United States
219,2022-02,20220221T121500Z,The Need for a Zero Trust Edge Strategy - mid - east . info,https://menafn.com/1103735937/The-Need-for-a-Zero-Trust-Edge-Strategy-mid-eastinfo&source=22,menafn.com,Qatar
220,2022-02,20220221T123000Z,Singapore GLP To Invest $13 Billion In Maiden Data Center Projects In Japan As Digital Economy Booms,https://www.forbes.com/sites/jonathanburgos/2022/02/21/singapores-glp-to-invest-13-billion-in-maiden-data-center-projects-in-japan-as-digital-economy-booms/,forbes.com,United States
221,2022-02,20220221T123000Z,Middle East and Africa $12 . 19 Billion Data Center Markets,https://www.globenewswire.com/news-release/2022/02/21/2388465/0/en/Middle-East-and-Africa-12-19-Billion-Data-Center-Markets-to-2027.html,globenewswire.com,United States
222,2022-02,20220221T131500Z,Why open source is essential in a cloud era,https://updatesnews.com/why-open-source-is-essential-in-a-cloud-era/,updatesnews.com,United States
223,2022-02,20220221T133000Z,Schneider Electric recognized as a Leader in the independent research firm report : Green Quadrant : IoT Platforms for Smart Buildings 2022,https://harbourtimes.com/2022/02/21/schneider-electric-recognized-as-a-leader-in-the-independent-research-firm-report-green-quadrant-iot-platforms-for-smart-buildings-2022/,harbourtimes.com,Hong Kong
224,2022-02,20220221T133000Z,Future proof your power supply : an interview with AB Energy Jan Buijk,https://www.datacenterdynamics.com/en/marketwatch/future-proof-your-power-supply-an-interview-with-ab-energys-jan-buijk/,datacenterdynamics.com,United States
225,2022-02,20220221T134500Z,"China empowers green , digital future with mega data project - Xinhua",https://english.news.cn/20220221/5ddb285286f44a4b88059f31c433edc8/c.html,english.news.cn,
226,2022-02,20220221T134500Z,Global Temperatures since 1850 | ScienceBlogs,https://scienceblogs.com/gregladen/2013/02/01/global-temperatures-since-1850,scienceblogs.com,United States
227,2022-02,20220221T134500Z,Airtel & Jio are now rivals in undersea cable networks too,https://www.techradar.com/in/news/airtel-and-jio-are-now-rivals-in-undersea-cable-networks-too,techradar.com,United Kingdom
228,2022-02,20220221T144500Z,"Artificial Intelligence : The future is data capture , not machine learning",https://timesofindia.indiatimes.com/blogs/voices/artificial-intelligence-the-future-is-data-capture-not-machine-learning/,timesofindia.indiatimes.com,India
229,2022-02,20220221T144500Z,Schneider Electric Introduces Infrastructure of the Future,https://www.digitaljournal.com/pr/schneider-electric-introduces-infrastructure-of-the-future,digitaljournal.com,United States
230,2022-02,20220221T150000Z,Airtel joins undersea cable consortium to scale high - speed ... ,https://menafn.com/1103733740/Airtel-joins-undersea-cable-consortium-to-scale-high-speed-internet,menafn.com,Qatar
231,2022-02,20220221T153000Z,  Final Fantasy 14  free trial returns on February 22nd,https://www.engadget.com/final-fantasy-14-free-trial-returns-next-week-134256789.html,engadget.com,Japan
232,2022-02,20220221T160000Z,"AZ Big Spotlight : United Aviate Academy , Dickinson Wright , Sundt , RE / MAX",https://azbigmedia.com/business/az-big-spotlight-united-aviate-academy-dickinson-wright-sundt-re-max/,azbigmedia.com,United States
233,2022-02,20220221T161500Z,This REIT Is Absurdly Cheap Right Now,https://www.fool.com/investing/2022/02/21/this-reit-is-absurdly-cheap-right-now/?source=iedfolrf0000001,fool.com,United States
234,2022-02,20220221T170000Z,"Khalid Parekh , Founder & CEO of FAIR Bank and AMSYS , Accepted into Forbes Finance Council",https://www.prweb.com/releases/khalid_parekh_founder_ceo_of_fair_bank_and_amsys_accepted_into_forbes_finance_council/prweb18509352.htm,prweb.com,United States
235,2022-02,20220221T174500Z,UK to offer fourth coronavirus vaccine shot to people 75 and over,http://www.msn.com/en-us/news/politics/uk-to-offer-fourth-coronavirus-vaccine-shot-to-people-75-and-over/ar-AAU8kKF,msn.com,United States
236,2022-02,20220221T180000Z,"Geothermal - Geothermal Solution to Help End - of - Life Oil and Gas Well Profitability  - Renewable Energy Magazine , at the heart of clean energy journalism",https://www.renewableenergymagazine.com/geothermal/geothermal-solution-to-help-endoflife-oil-and-20220221,renewableenergymagazine.com,United States
237,2022-02,20220221T181500Z,Improving digital government experience | Federal News Network,https://federalnewsnetwork.com/commentary/2022/02/improving-digital-government-experience/,federalnewsnetwork.com,
238,2022-02,20220221T184500Z,Bit Mining abandons plans to build cryptomine data center in Kazakhstan,https://www.datacenterdynamics.com/en/news/bit-mining-abandons-plans-to-build-cryptomine-data-center-in-kazakhstan/,datacenterdynamics.com,United States
239,2022-02,20220221T184500Z,Understanding America Labor Shortage | U . S . Chamber of Commerce,https://www.uschamber.com/workforce/understanding-americas-labor-shortage,uschamber.com,United States
240,2022-02,20220221T191500Z,VMware : The 7 Requirements of Highly Effective Load Balancers,https://www.marketscreener.com/quote/stock/VMWARE-INC-58476/news/VMware-The-7-Requirements-of-Highly-Effective-Load-Balancers-39534777/,marketscreener.com,
241,2022-02,20220221T211500Z,Hyper - Converged Infrastructure ( HCI ) Market to Rise at an Elliptical 26 . 8 - GR till 2028 ; Rising adoption of hybrid cloud technology,https://www.bignewsnetwork.com/news/272321893/hyper-converged-infrastructure-hci-market-to-rise-at-an-elliptical-268-gr-till-2028-rising-adoption-of-hybrid-cloud-technology,bignewsnetwork.com,United States
242,2022-02,20220221T214500Z,Final Fantasy XIV free trial returns on February 22 ahead of graphical update,https://www.techspot.com/news/93489-final-fantasy-xiv-free-trial-returns-february-22.html,techspot.com,United States
243,2022-02,20220221T224500Z,Surprise ! The Straight - Shooter Highly Patriotic Good Guy Organization the CIA Has Been Spying on Americans,https://freerepublic.com/focus/f-bloggers/4040312/posts,freerepublic.com,United States
244,2022-02,20220221T224500Z,Danish Defense Intelligence Chief Is Jailed by Social Democratic Government Possibly to Protect U . S . Spy Programs,https://www.strategic-culture.org/news/2022/02/21/danish-defense-intelligence-chief-is-jailed-by-social-democratic-government-possibly-protect-us-spy-programs/,strategic-culture.org,Russia
245,2022-02,20220222T000000Z,Meta Plans $800M Hyperscale Campus In Idaho As It Continues To Explore New Data Center Markets,https://www.bisnow.com/national/news/data-center/new-idaho-data-center-part-fits-metas-development-pattern-111978,bisnow.com,United States
246,2022-02,20220227T021500Z,Elon Musk Makes an Important Gesture Toward Ukraine,https://www.thestreet.com/technology/elon-musk-makes-an-important-gesture-towards-ukraine,thestreet.com,United States
247,2022-02,20220227T050000Z,The Staggering Ecological Impacts of Computation and the Cloud – The Wire Science,https://science.thewire.in/environment/staggering-ecological-impact-computation-cloud/,science.thewire.in,
248,2022-02,20220227T093000Z,"Unions : Pandemic , job openings favor worker gains",https://wcfcourier.com/news/local/unions-pandemic-job-openings-favor-worker-gains/article_481f33d9-8d2c-502b-823c-6b4fc5cc6b5f.html,wcfcourier.com,United States
249,2022-02,20220227T104500Z,Iron Mountain Incorporated ( NYSE : IRM ) Shares Sold by Royal Bank of Canada,https://www.etfdailynews.com/2022/02/27/iron-mountain-incorporated-nyseirm-shares-sold-by-royal-bank-of-canada/,etfdailynews.com,United States
250,2022-02,20220227T111500Z,West to cut select Russian banks off from SWIFT international payment system,https://www.datacenterdynamics.com/en/news/west-to-cut-select-russian-banks-off-from-swift-international-payment-system/,datacenterdynamics.com,United States
251,2022-02,20220227T134500Z,Broadcom Inc . ( NASDAQ : AVGO ) Given Average Rating of  Buy  by Brokerages,https://www.etfdailynews.com/2022/02/27/broadcom-inc-nasdaqavgo-given-average-rating-of-buy-by-brokerages/,etfdailynews.com,United States
252,2022-02,20220227T141500Z,LETTER : Opposition to rural area data centers more than a NIMBY concern,https://www.princewilliamtimes.com/opinion/letter-opposition-to-rural-area-data-centers-more-than-a-nimby-concern/article_744aac36-9648-11ec-b289-6b3d25a38228.html,princewilliamtimes.com,United States
253,2022-02,20220227T150000Z,3 REITs That Could Soar in 2022 | The Motley Fool,https://www.fool.com/investing/2022/02/27/3-reits-that-could-soar-in-2022/?source=iedfolrf0000001,fool.com,United States
254,2022-02,20220227T160000Z,Oregon Latino communities flourish as their populations grow,https://www.msn.com/en-us/news/us/oregon-s-latino-communities-flourish-as-their-populations-grow/ar-AAUnjSP,msn.com,United States
255,2022-02,20220227T174500Z,"Buenos Aires , Argentina , Schema - Root news",https://schema-root.org/region/americas/south_america/argentina/municipalities/buenos_aires/,schema-root.org,United States
256,2022-02,20220227T174500Z,13 Creepiest Abandoned Mental Asylums and Hospitals in New York,https://wblk.com/creepiest-mental-asylums-new-york-state/,wblk.com,United States
257,2022-02,20220227T203000Z,SSDs could squeeze hard drives out the data center sooner than you think,https://www.techradar.com/news/ssds-could-squeeze-hard-drives-out-the-data-center-sooner-than-you-think,techradar.com,United Kingdom
258,2022-02,20220228T030000Z,Huawei : Breaking Down 5 Misconceptions to Accelerate Green Development,https://www.finanznachrichten.de/nachrichten-2022-02/55355549-huawei-breaking-down-5-misconceptions-to-accelerate-green-development-008.htm,finanznachrichten.de,Germany
259,2022-02,20220228T040000Z,Nutanix Launches New Product Portfolio to Ease Path to Hybrid,https://www.ryt9.com/en/prg/256496,ryt9.com,Thailand
260,2022-02,20220228T070000Z,Tracking real estate growth in the Asia - Pacific - BusinessWorld Online,https://www.bworldonline.com/tracking-real-estate-growth-in-the-asia-pacific/,bworldonline.com,Philippines
261,2022-02,20220228T073000Z,"Riyadh MoU adopts new brand identity , vessel inspection codes",http://www.tradearabia.com/news/IND_393571.html,tradearabia.com,United Arab Emirates
262,2022-02,20220228T084500Z,"Supermicro Total IT System Portfolio Delivers Industry - Leading , Seamless , Edge - to - Cloud Solutions to Growing 5G and Intelligent - Edge Markets",http://www.itnewsonline.com/PRNewswire/Supermicro-Total-IT-System-Portfolio-Delivers-Industry-Leading-Seamless-Edge-to-Cloud-Solutions-to-Growing-5G-and-Intelligent-Edge-Markets/821616,itnewsonline.com,United States
263,2022-02,20220228T084500Z,IT News Online - Intel Launches New Xeon D - 2700 and D - 1700 Processors for the Network and Edge,http://www.itnewsonline.com/news/Intel-Launches-New-Xeon-D-2700-and-D-1700-Processors-for-the-Network-and-Edge/8421,itnewsonline.com,United States
264,2022-02,20220228T084500Z,Barclays Cuts VMware ( NYSE : VMW ) Price Target to $135 . 00,https://www.etfdailynews.com/2022/02/28/barclays-cuts-vmware-nysevmw-price-target-to-135-00/,etfdailynews.com,United States
265,2022-02,20220228T091500Z,SC Capital launches Asia - Pacific data centre platform,https://realassets.ipe.com/news/sc-capital-launches-asia-pacific-data-centre-platform/10058216.article,realassets.ipe.com,United Kingdom
266,2022-02,20220228T094500Z,QCT and DZS to Demonstrate Converged Edge Cloud Blueprint for 5G Network Service Deployment at Mobile World Congress 2022,https://apnews.com/press-release/globe-newswire/technology-business-software-09a1ce72ef3b3dc52b108f10765eb7a9,apnews.com,United States
267,2022-02,20220228T094500Z,Microsoft announces winner of Imagine Cup Qatar 2022,https://menafn.com/1103773596/Microsoft-announces-winner-of-Imagine-Cup-Qatar-2022&source=20,menafn.com,Qatar
268,2022-02,20220228T103000Z,Contract Furniture and Furnishing Market to Witness Huge Growth,https://www.openpr.com/news/2565272/contract-furniture-and-furnishing-market-to-witness-huge-growth,openpr.com,United States
269,2022-02,20220228T121500Z,"Singapore SC Capital Partners launches new data center firm , plans hyperscale facility in Seoul",https://www.datacenterdynamics.com/en/news/singapores-sc-capital-partners-launches-new-data-center-firm-plans-hyperscale-facility-in-seoul/,datacenterdynamics.com,United States
270,2022-02,20220228T121500Z,"No , the Cloud Is Not a Green Technology",https://www.informationweek.com/cloud/no-the-cloud-is-not-a-green-technology,informationweek.com,United States
271,2022-02,20220228T121500Z,Industry Voice : Private credit outlook,https://www.professionalpensions.com/sponsored/4044244/industry-voice-private-credit-outlook,professionalpensions.com,United Kingdom
272,2022-02,20220228T133000Z,"Market Sell - Off : 3 Innovative Stocks That Could Turn $200 , 000 Into $1 Million by 2032",https://www.fool.com/investing/2022/02/28/market-sell-off-3-stocks-200000-to-1-million-2032/,fool.com,United States
273,2022-02,20220228T133000Z,"The Flash - Native Future is Coming , and Youll Like its Price Tag",https://www.networkcomputing.com/data-centers/flash-native-future-coming-and-you%E2%80%99ll-its-price-tag,networkcomputing.com,United States
274,2022-02,20220228T134500Z,IT News Online - Rakuten Symphony agrees to acquire leading US - based cloud technology company Robin . io to deliver highly integrated telco - cloud for mobile,http://www.itnewsonline.com/news/Rakuten-Symphony-agrees-to-acquire-leading-US-based-cloud-technology-company-Robin.io-to-deliver-highly-integrated-telco-cloud-for-mobile/8425,itnewsonline.com,United States
275,2022-02,20220228T140000Z,3 Stocks Witnessing Momentum Anomaly for a Winning Portfolio,https://www.entrepreneur.com/article/420849,entrepreneur.com,United States
276,2022-02,20220228T143000Z,Jim Cramer Likes These 5 Stocks - Insider Monkey,https://www.insidermonkey.com/blog/jim-cramer-likes-these-5-stocks-1030554/,insidermonkey.com,United States
277,2022-02,20220228T144500Z,ZTE Drives Industrial Innovation With 5G Private Networks,https://www.lightreading.com/partner-perspectives-(sponsored-content)/zte-drives-industrial-innovation-with-5g-private-networks/a/d-id/775389,lightreading.com,United States
278,2022-02,20220228T154500Z,Kazakhstan government shuts down 13 illegal bitcoin mines,https://www.datacenterdynamics.com/en/news/kazakhstan-government-shuts-down-13-illegal-bitcoin-mines/,datacenterdynamics.com,United States
279,2022-02,20220228T160000Z,Google Buys Stake In Bharti Airtel To Funding Affordability & 5G Efforts,https://inc42.com/buzz/airtel-approves-googles-1bn-investment-will-fund-subsidised-smartphones-5g-efforts/,inc42.com,India
280,2022-02,20220228T164500Z,Siemens and Nexii unveil easy - to - deploy and sustainable electric vehicle charging concept,https://www.metaforespress.gr/international/siemens-nexii-unveil-easy-deploy-sustainable-electric-vehicle-charging-concept/,metaforespress.gr,Greece
281,2022-02,20220228T171500Z,Chinese tech giants strive to achieve carbon neutrality - Xinhua,http://www.xinhuanet.com/english/20220228/0cd63695121040b883529e13cd4d33bf/c.html,xinhuanet.com,China
282,2022-02,20220228T174500Z,4 . 0 magnitude earthquake felt in Ventura County,https://www.vcstar.com/story/news/local/communities/county/2022/02/26/earthquake-ventura-county-southern-california/6959564001/,vcstar.com,United States
283,2022-02,20220228T180000Z,Bell Canada implements Google Distributed Cloud Edge platform in its network,https://siliconangle.com/2022/02/28/bell-canada-implements-googles-distributed-cloud-edge-platform-network/,siliconangle.com,United States
284,2022-02,20220228T180000Z,Rakuten Symphony agrees to acquire leading US - based cloud technology company Robin . io,https://www.briefingwire.com/pr/rakuten-symphony-agrees-to-acquire-leading-us-based-cloud-technology-company-robinio,briefingwire.com,United States
285,2022-02,20220228T180000Z,The DOE just went on a cleantech spending spree,https://www.morningbrew.com/emerging-tech/stories/2022/02/28/the-doe-just-went-on-a-cleantech-spending-spree,morningbrew.com,
286,2022-02,20220228T180000Z,QTS Brings Customers Closer to Their Data with New SDP™ Remote Management Solutions,https://www.prnewswire.com:443/news-releases/qts-brings-customers-closer-to-their-data-with-new-sdp-remote-management-solutions-301491776.html,prnewswire.com,United States
287,2022-02,20220228T181500Z,PCI Express VIP from Avery Design Systems Selected by Fungible,https://www.hpcwire.com/off-the-wire/pci-express-vip-from-avery-design-systems-selected-by-fungible/,hpcwire.com,United States
288,2022-02,20220228T183000Z,DCash Shows Why Fedcoin Could Be A Disaster,https://www.forbes.com/sites/davidblack/2022/02/28/dcash-shows-why-fedcoin-could-be-a-disaster/,forbes.com,United States
289,2022-02,20220228T191500Z,AMD Brings  Aggressive  CPU Rebates To VARs With New Partner Program : Exclusive,https://www.crn.com/news/components-peripherals/amd-brings-aggressive-cpu-rebates-to-vars-with-new-partner-program-exclusive,crn.com,United States
290,2022-02,20220228T191500Z,Cisco X Factor : How Chuck Robbins Is Taking Partners Into The Future,https://www.crn.com/news/networking/cisco-s-x-factor-how-chuck-robbins-is-taking-partners-into-the-future,crn.com,United States
291,2022-02,20220228T191500Z,Navigating the Cloud Third Wave : How To Hire Help,https://www.eweek.com/cloud/clouds-third-wave-hire-help/,eweek.com,United States
292,2022-02,20220228T193000Z,Singapore SC Capital Launches SC Zeus Data Centres,https://www.mingtiandi.com/real-estate/data-centres/singapores-sc-capital-launches-sc-zeus-data-centres/,mingtiandi.com,China
293,2022-02,20220228T194500Z,"Worldwide Wireless Mesh Network Industry to 2026 - by Type , Component , Design , Application , End - user Industry and Geography",https://www.prnewswire.com:443/news-releases/worldwide-wireless-mesh-network-industry-to-2026---by-type-component-design-application-end-user-industry-and-geography-301491859.html,prnewswire.com,United States
294,2022-02,20220228T203000Z,Atos International : Atos : 2021 annual results,https://www.finanznachrichten.de/nachrichten-2022-02/55367432-atos-international-atos-2021-annual-results-399.htm,finanznachrichten.de,Germany
295,2022-02,20220228T204500Z,How to prep for increased Russia - based cyberattacks,https://www.csoonline.com/article/3651348/how-to-prep-for-increased-russia-based-cyberattacks.html,csoonline.com,United States
296,2022-02,20220228T210000Z,Investegate |Atos International Announcements | Atos International : Atos : 2021 annual results,https://www.investegate.co.uk/atos-international/gnw/atos---2021-annual-results/20220228194500H7811/,investegate.co.uk,United Kingdom
297,2022-02,20220228T211500Z,Telesat and Liquid Intelligent Technologies ink strategic,https://www.globenewswire.com/news-release/2022/02/28/2392952/11446/en/Telesat-and-Liquid-Intelligent-Technologies-ink-strategic-cooperation-agreement-for-Telesat-Lightspeed-services-in-Africa.html,globenewswire.com,United States
298,2022-02,20220228T213000Z,Workday Announces Fiscal 2022 Fourth Quarter and Full Year Financial Results,https://www.prnewswire.com:443/news-releases/workday-announces-fiscal-2022-fourth-quarter-and-full-year-financial-results-301491903.html,prnewswire.com,United States
299,2022-02,20220228T230000Z,IHS Towers Appoints Colby Synesael as Senior Vice President of Communications,https://apnews.com/press-release/business-wire/business-0d7e8b3da1da4fc1b71e1d66fee43751,apnews.com,United States
300,2022-02,20220228T231500Z,China Tencent Unveils Goal to Run on 100 % Green Energy by 2030,https://www.datacenterknowledge.com/cloud/china-s-tencent-unveils-goal-run-100-green-energy-2030,datacenterknowledge.com,United States
301,2022-03,20220301T001500Z,BrainChip Appoints Antonio J . Viana as Chairman of the Board – Consumer Electronics Net,http://www.consumerelectronicsnet.com/brainchip-appoints-antonio-j-viana-as-chairman-of-the-board/,consumerelectronicsnet.com,United States
302,2022-03,20220301T001500Z,Experts Expect Russia to Ramp Up Its Cyber Attacks As Ukraine Bolsters Internet Resilience,https://www.defenseone.com/technology/2022/02/experts-expect-russia-ramp-its-cyber-attacks-ukraine-bolsters-internet-resilience/362564/,defenseone.com,United States
303,2022-03,20220301T023000Z,Breakthrough Discovery in Light Interactions with Nanoparticles,https://www.labmanager.com/news/breakthrough-discovery-in-light-interactions-with-nanoparticles-27632,labmanager.com,United States
304,2022-03,20220301T031500Z,"Editor Sidelines , February / March 2022 : Living With The Virus",https://www.forbes.com/sites/jdoebele/2022/02/28/editors-sidelines-februarymarch-2022-living-with-the-virus/,forbes.com,United States
305,2022-03,20220301T033000Z,"CREIT , PH First Renewable Energy REIT , Makes Successful Debut",https://www.lamudi.com.ph/journal/creit-renewable-energy-successful-debut/,lamudi.com.ph,Philippines
306,2022-03,20220301T050000Z,Is Intel Going To Drop Optane ? ,https://www.forbes.com/sites/tomcoughlin/2022/02/28/is-intel-going-to-drop-optane/,forbes.com,United States
307,2022-03,20220301T061500Z,How Can Investors Cope With Market Volatility,https://www.fool.com/investing/2022/02/28/how-can-investors-cope-with-market-volatility/?source=iedfolrf0000001,fool.com,United States
308,2022-03,20220301T061500Z,Statcom Market Will Garner Health Growth Backed by,https://www.globenewswire.com/news-release/2022/03/01/2393799/0/en/Statcom-Market-Will-Garner-Health-Growth-Backed-by-Increasing-Demand-for-Renewable-Energy-states-Fortune-Business-Insights.html,globenewswire.com,United States
309,2022-03,20220301T063000Z,"Statcom Market Will Garner Health Growth Backed by Increasing Demand for Renewable Energy , states Fortune Business Insights™",http://www.padovanews.it/2022/03/01/statcom-market-will-garner-health-growth-backed-by-increasing-demand-for-renewable-energy-states-fortune-business-insights/,padovanews.it,Italy
310,2022-03,20220301T074500Z,Advanced cluster management for Kubernetes,https://bitpipe.computerweekly.com/detail/RES/1645598905_231.html,bitpipe.computerweekly.com,United Kingdom
311,2022-03,20220301T081500Z,Technology can turn the promise of a carbon neutral future into a reality for East Africa,https://www.capitalfm.co.ke/business/2022/03/technology-can-turn-the-promise-of-a-carbon-neutral-future-into-a-reality-for-east-africa/,capitalfm.co.ke,Kenya
312,2022-03,20220301T084500Z,"MetTel and VMware to Deliver Cloud - Based Security , Networking and Compute Services at the Edge",https://www.marketscreener.com/quote/stock/VMWARE-INC-58476/news/MetTel-and-VMware-to-Deliver-Cloud-Based-Security-Networking-and-Compute-Services-at-the-Edge-39618723/,marketscreener.com,
313,2022-03,20220301T091500Z,"Community Scoop » SOEs Ministry Presses For More Involvement Of Younger Staff , Women",https://community.scoop.co.nz/2022/03/soes-ministry-presses-for-more-involvement-of-younger-staff-women/,community.scoop.co.nz,New Zealand
314,2022-03,20220301T111500Z,Huawei : Autonomous Driving Network Thought Leadership Paper Release Paves the Way for Autonomous Driving Networks,https://www.finanznachrichten.de/nachrichten-2022-03/55374612-huawei-autonomous-driving-network-thought-leadership-paper-release-paves-the-way-for-autonomous-driving-networks-008.htm,finanznachrichten.de,Germany
315,2022-03,20220301T113000Z,Tolly Group : Huawei CloudFabric 3 . 0 Comes Top in L3 . 5 Data Center Autonomous Driving Networks,https://www.asiaone.com/business/tolly-group-huawei-cloudfabric-30-comes-top-l35-data-center-autonomous-driving-networks,asiaone.com,Singapore
316,2022-03,20220301T120000Z,"Environmental impact of Bitcoin mining has gotten worse since China ban , according to a new study",https://www.msn.com/en-us/money/markets/environmental-impact-of-bitcoin-mining-has-gotten-worse-since-china-s-ban-according-to-a-new-study/ar-AAUsp7p,msn.com,United States
317,2022-03,20220301T123000Z,"More stable , secure internet for Kenya as it is set to host mega data centre",https://www.capitalfm.co.ke/business/2022/03/more-stable-secure-internet-for-kenya-as-it-is-set-to-host-mega-data-centre/,capitalfm.co.ke,Kenya
318,2022-03,20220301T123000Z,"Passive Optical LAN ( POL ) Market - Global Industry Analysis , ",https://www.openpr.com/news/2567178/passive-optical-lan-pol-market-global-industry-analysis,openpr.com,United States
319,2022-03,20220301T130000Z,"Argo Infrastructure Partners invests $500m in TierPoint , becomes largest shareholder",https://www.datacenterdynamics.com/en/news/argo-infrastructure-partners-invests-500m-in-tierpoint-becomes-largest-shareholder/,datacenterdynamics.com,United States
320,2022-03,20220301T131500Z,World Faces Increased Cybersecurity Threat,https://apnews.com/press-release/business-wire/technology-business-united-states-c1ee7bc4ff83463fa37430f75814a4df,apnews.com,United States
321,2022-03,20220301T131500Z,Rakuten Symphony agrees to acquire leading US - based cloud technology company Robin . io to deliver highly integrated telco - cloud for mobile,https://news.webindia123.com/news/Articles/Business/20220301/3913548.html,news.webindia123.com,India
322,2022-03,20220301T140000Z,Expedera Announces First Production Shipments of Its Deep Learning Accelerator IP in a Consumer Device,https://www.prnewswire.com/news-releases/expedera-announces-first-production-shipments-of-its-deep-learning-accelerator-ip-in-a-consumer-device-301492670.html,prnewswire.com,United States
323,2022-03,20220301T141500Z,"TTM Technologies , Inc . to Build New Manufacturing Facility i ... ",https://menafn.com/1103782829/TTM-Technologies-Inc-to-Build-New-Manufacturing-Facility-in-Malaysia,menafn.com,Qatar
324,2022-03,20220301T143000Z,"Is Kazakhstan A Home For Bitcoin Mining ? - Bitcoin Magazine : Bitcoin News , Articles , Charts , and Guides",https://bitcoinmagazine.com/business/is-kazakhstan-a-home-for-bitcoin-mining,bitcoinmagazine.com,United States
325,2022-03,20220301T150000Z,"Rugged Servers Market to Reach US$ 3856 . 9 Million , Globally , by 2027 at 6 . 3 % CAGR : The Insight Partners",https://www.digitaljournal.com/pr/rugged-servers-market-to-reach-us-3856-9-million-globally-by-2027-at-6-3-cagr-the-insight-partners,digitaljournal.com,United States
326,2022-03,20220301T150000Z,Surge Protection Devices Market Size Worth $5 . 30 Billion by,https://www.globenewswire.com/news-release/2022/03/01/2394033/0/en/Surge-Protection-Devices-Market-Size-Worth-5-30-Billion-by-2030-Grand-View-Research-Inc.html,globenewswire.com,United States
327,2022-03,20220301T151500Z,COY Promises To Offer Free Internship To 600 Nigerian Students Yearly,http://nigerianobservernews.com/2022/02/coy-promises-to-offer-free-internship-to-600-nigerian-students-yearly/,nigerianobservernews.com,Nigeria
328,2022-03,20220301T151500Z,2 Monster Growth Stocks Billionaires Cant Stop Buying,https://www.fool.com/investing/2022/03/01/2-growth-stocks-billionaires-cant-stop-buying/?source=iedfolrf0000001,fool.com,United States
329,2022-03,20220301T151500Z,This $18 Billion Healthcare REIT Deal Could Be a Sign of Things to Come,https://www.fool.com/investing/2022/03/01/this-18-billion-healthcare-reit-deal-could-be-a-si/?source=iedfolrf0000001,fool.com,United States
330,2022-03,20220301T154500Z,Is PUE too long in the tooth ? ,https://www.datacenterdynamics.com/en/analysis/is-pue-too-long-in-the-tooth/,datacenterdynamics.com,United States
331,2022-03,20220301T161500Z,Cellframe prepares for hackathons : the first applications will appear on the platform soon,https://www.prnewswire.com/news-releases/cellframe-prepares-for-hackathons-the-first-applications-will-appear-on-the-platform-soon-301492865.html,prnewswire.com,United States
332,2022-03,20220301T161500Z,OEM Insulation Market worth $40 . 8 billion by 2026 - Exclusive Report by MarketsandMarkets™,https://www.prnewswire.com/news-releases/oem-insulation-market-worth-40-8-billion-by-2026--exclusive-report-by-marketsandmarkets-301492376.html,prnewswire.com,United States
333,2022-03,20220301T163000Z,How data processing can heat buildings,https://techxplore.com/news/2022-03-how-data-processing-can-heat.html,techxplore.com,United States
334,2022-03,20220301T163000Z,Alcatraz AI Rock Earns Innovation & Tech Today Top 50 Most Innovative Products Award,https://www.prweb.com/releases/alcatraz_ais_rock_earns_innovation_tech_today_top_50_most_innovative_products_award/prweb18526830.htm,prweb.com,United States
335,2022-03,20220301T163000Z,Vertical Bridge Completes $1 . 4 Billion Asset - Backed Securitization,https://www.prweb.com/releases/vertical_bridge_completes_1_4_billion_asset_backed_securitization/prweb18526673.htm,prweb.com,United States
336,2022-03,20220301T164500Z,Global 3D TSV Devices Market to Reach $12 . 7 Billion by 2026,https://www.prnewswire.com:443/news-releases/global-3d-tsv-devices-market-to-reach-12-7-billion-by-2026--301491343.html,prnewswire.com,United States
337,2022-03,20220301T170000Z,Telesat and Liquid Intelligent Technologies sign LEO services agreement for Africa,https://developingtelecoms.com/telecom-technology/satellite-communications-networks/13004-telesat-and-liquid-intelligent-technologies-sign-leo-services-agreement-for-africa.html,developingtelecoms.com,India
338,2022-03,20220301T173000Z,"NYSE and Nasdaq halt trading of Russian firms , including Yandex and MTS",https://www.datacenterdynamics.com/en/news/nyse-and-nasdaq-halt-trading-of-russian-firms-including-yandex-and-mts/,datacenterdynamics.com,United States
339,2022-03,20220301T174500Z,Ask HN : Who is hiring ? ( March 2022 ) ,https://news.ycombinator.com/item?id=30515750,news.ycombinator.com,United States
340,2022-03,20220301T180000Z,"Central and Eastern Europe Data Center Market Outlook & Forecast Report 2022 - 2027 : Focus on Russia , Poland , Austria , & Czech Republic",https://us.acrofan.com/detail.php?number=624388,us.acrofan.com,South Korea
341,2022-03,20220301T181500Z,"STACK Infrastructure Goes Global , Integrates IPI Data Centers in Europe",https://datacenterfrontier.com/stack-infrastructure-goes-global-integrates-ipi-data-centers-in-europe/,datacenterfrontier.com,United States
342,2022-03,20220301T181500Z,Micron Delivers Advanced 176 - Layer NAND Data Center SSD,https://www.hpcwire.com/off-the-wire/micron-delivers-advanced-176-layer-nand-data-center-ssd/,hpcwire.com,United States
343,2022-03,20220301T183000Z,CORTELCO Signs Sollensys to Provide Blockchain - Powered Cybersecurity Safety Net to its Customers,https://www.hawaiitelegraph.com/news/272348844/cortelco-signs-sollensys-to-provide-blockchain-powered-cybersecurity-safety-net-to-its-customers,hawaiitelegraph.com,United States
344,2022-03,20220301T183000Z,"Keysight , Pegatron and Auray Collaborate to Verify End - to - End Open Radio Access Network Security Performance",https://www.wallstreet-online.de/nachricht/15121274-keysight-pegatron-and-auray-collaborate-to-verify-end-to-end-open-radio-access-network-security-performance,wallstreet-online.de,Germany
345,2022-03,20220301T183000Z,"NASA and NOAA launch new weather satellite , GOES - T - The Washington Post",https://www.washingtonpost.com/weather/2022/03/01/nasa-noaa-weather-satellite-launch/,washingtonpost.com,United States
346,2022-03,20220301T211500Z,Kyndryl Stock Keeps Falling . A Turnaround Is Still Years Away,https://www.marketwatch.com/articles/kyndryl-stock-earnings-51646168273,marketwatch.com,United States
347,2022-03,20220316T013000Z,Georgia Gold Dome Report Legislative Day 28,https://www.natlawreview.com:443/article/gold-dome-report-legislative-day-28-crossover-day,natlawreview.com,United States
348,2022-03,20220316T050000Z,Why Bitcoin Energy Problem Is So Hard to Fix : QuickTake,https://www.washingtonpost.com/business/energy/why-bitcoins-energy-problem-is-so-hard-to-fix-quicktake/2022/03/16/b71e1d22-a4df-11ec-8628-3da4fa8f8714_story.html,washingtonpost.com,United States
349,2022-03,20220316T060000Z,"Construction of Obsidian Solar Center Gets Greenlight , Oregon",https://constructionreviewonline.com/biggest-projects/construction-of-gets-greenlight-oregon/,constructionreviewonline.com,Kenya
350,2022-03,20220316T060000Z,Bitcoin Is Red Hot . Can It Ever Be Green ? - The Washington Post,https://www.washingtonpost.com/business/energy/bitcoin-is-red-hot-can-it-ever-be-green/2022/03/16/52510202-a4de-11ec-8628-3da4fa8f8714_story.html,washingtonpost.com,United States
351,2022-03,20220316T080000Z,Middle East & Africa Data Storage Market : Notable Developments & Geographical Outlook 2022 to 2025,https://www.fmiblog.com/2022/03/16/middle-east-africa-data-storage-market-notable-developments-geographical-outlook-2022-to-2025/,fmiblog.com,
352,2022-03,20220316T081500Z,CXL - Based Memory Disaggregation Technology Opens Up New Direction for Big Data Solution Frameworks,https://www.miragenews.com/cxl-based-memory-disaggregation-technology-744366/,miragenews.com,United States
353,2022-03,20220316T094500Z,7 applicants for Decatur police chief vacancy recommended for interviews,https://www.decaturdaily.com/news/morgan_county/decatur/7-applicants-for-decatur-police-chief-vacancy-recommended-for-interviews/article_dd0815ba-2812-53d7-bee9-7a22562adbc8.html,decaturdaily.com,United States
354,2022-03,20220316T101500Z,"Two Customers Deployed More Than Half of the Total Data Center Ethernet Switch Bandwidth in 2021 , According to Crehan Research",https://www.prnewswire.com:443/news-releases/two-customers-deployed-more-than-half-of-the-total-data-center-ethernet-switch-bandwidth-in-2021-according-to-crehan-research-301503656.html,prnewswire.com,United States
355,2022-03,20220316T103000Z,Global Chip Shortage and the Industry Impact of Leading,https://www.globenewswire.com/news-release/2022/03/16/2404143/0/en/Global-Chip-Shortage-and-the-Industry-Impact-of-Leading-Brands-Decision-to-Develop-Chips-In-House-2022-Report.html,globenewswire.com,United States
356,2022-03,20220316T103000Z,Soluna Holdings ( SLNH ) Reports February Site Level Financials,https://www.streetinsider.com/Corporate+News/Soluna+Holdings+(SLNH)+Reports+February+Site+Level+Financials/19781634.html,streetinsider.com,United States
357,2022-03,20220316T104500Z,Panduit launches new generation FlexFusion™ cabinets,https://www.datacenterdynamics.com/en/product-news/panduit-launches-new-generation-flexfusion-cabinets/,datacenterdynamics.com,United States
358,2022-03,20220316T104500Z,5 easy ways to protect your data center from the effects of climate change,https://www.datacenterdynamics.com/en/whitepapers/5-easy-ways-to-protect-your-data-center-from-the-effects-of-climate-change/,datacenterdynamics.com,United States
359,2022-03,20220316T110000Z,AVCT Announces Closing of Divestiture of Computex Technology Solutions to Calian Group Ltd . ,https://forextv.com/top-news/avct-announces-closing-of-divestiture-of-computex-technology-solutions-to-calian-group-ltd/,forextv.com,United States
360,2022-03,20220316T110000Z,Calian Group Ltd .: Calian Completes Acquisition of US Managed Service Provider Computex,https://www.finanznachrichten.de/nachrichten-2022-03/55515614-calian-group-ltd-calian-completes-acquisition-of-us-managed-service-provider-computex-200.htm,finanznachrichten.de,Germany
361,2022-03,20220316T111500Z,Micron Is Riding on These 3 Massive Trends,https://www.fool.com/investing/2022/03/16/micron-is-riding-on-these-3-massive-trends/?source=iedfolrf0000001,fool.com,United States
362,2022-03,20220316T113000Z,Preparing Microsoft cloud networks for regional disruptions,https://www.csoonline.com/article/3653611/preparing-microsoft-cloud-networks-for-regional-disruptions.html,csoonline.com,United States
363,2022-03,20220316T123000Z,Google Cloud and VMware Expand Global Partnership to Help Enterprises Accelerate App Modernization and Cloud Transformation,https://markets.businessinsider.com/news/stocks/google-cloud-and-vmware-expand-global-partnership-to-help-enterprises-accelerate-app-modernization-and-cloud-transformation-1031284768,markets.businessinsider.com,United States
364,2022-03,20220316T123000Z,Verizon gains zoning approval for planned data center in Georgia,https://www.datacenterdynamics.com/en/news/verizon-gains-zoning-approval-for-planned-data-center-in-georgia/,datacenterdynamics.com,United States
365,2022-03,20220316T123000Z,Meten Holding Group Ltd . Announces Strategic Alliance to Explore Opportunities in Blockchain and Digital Currency Industries,https://www.prnewswire.com:443/news-releases/meten-holding-group-ltd-announces-strategic-alliance-to-explore-opportunities-in-blockchain-and-digital-currency-industries-301503910.html,prnewswire.com,United States
366,2022-03,20220316T123000Z,"Gold Data launches Gemini , mirrorhaul technology that will guarantee virtually 100 % availability of Ethernet traffic",https://www.totaltele.com/512772/Gold-Data-launches-Gemini-mirrorhaul-technology-that-will-guarantee-virtually-100-availability-of-Ethernet-traffic,totaltele.com,United Kingdom
367,2022-03,20220316T133000Z,Intel pledges up to $87 billion for European chip manufacturing,https://electronics360.globalspec.com/article/17889/intel-pledges-up-to-87-billion-for-european-chip-manufacturing,electronics360.globalspec.com,United States
368,2022-03,20220316T133000Z,Solutions - II Announces Traci Easton as Senior Director of Marketing,https://finance.yahoo.com/news/solutions-ii-announces-traci-easton-130000301.html,finance.yahoo.com,United States
369,2022-03,20220316T133000Z,Paratus to open a data center in Namibia in August 2022,https://www.ecofinagency.com/telecom/1603-43462-paratus-to-open-a-data-center-in-namibia-in-august-2022,ecofinagency.com,Nigeria
370,2022-03,20220316T140000Z,The Nasdaq Soaring and Investors Are Watching These 2 Winning Stocks,https://www.fool.com/investing/2022/03/16/the-nasdaqs-soaring-and-investors-are-watching-the/?source=iedfolrf0000001,fool.com,United States
371,2022-03,20220316T141500Z,Honda to Install Stationary Fuel Cell Power Station on California Campus as First Step Toward Commercialization of Zero - Emission Backup Power Generation,https://www.altenergymag.com/story/2022/03/honda-to-install-stationary-fuel-cell-power-station-on-california-campus-as-first-step-toward-commercialization-of-zero-emission-backup-power-generation/36967/,altenergymag.com,United States
372,2022-03,20220316T153000Z,How to Back Up Your Digital Life,https://www.wired.com/story/how-to-back-up-your-digital-life/,wired.com,United States
373,2022-03,20220316T154500Z,"EU sanctions Rostelecom president , Yandex deputy CEO , and VK Company CEO",https://www.datacenterdynamics.com/en/news/eu-sanctions-rostelecom-president-yandex-deputy-ceo-and-vk-company-ceo/,datacenterdynamics.com,United States
374,2022-03,20220316T154500Z,UK NCSC and CPNI offer data center security guidance,https://www.datacenterdynamics.com/en/news/uks-ncsc-and-cpni-offer-data-center-security-guidance/,datacenterdynamics.com,United States
375,2022-03,20220316T154500Z,"Freedom Jacob Caesar is Building Africa Largest Industrial Park , Partnering with Azad Cola , Director of Max Midstream Texas",https://www.digitaljournal.com/pr/freedom-jacob-caesar-is-building-africas-largest-industrial-park-partnering-with-azad-cola-director-of-max-midstream-texas,digitaljournal.com,United States
376,2022-03,20220316T154500Z,Invest in Africa First Free Zone Enclave for Crypto Miners by the Freedom Coin,https://www.digitaljournal.com/pr/invest-in-africas-first-free-zone-enclave-for-crypto-miners-by-the-freedom-coin,digitaljournal.com,United States
377,2022-03,20220316T160000Z,Intel wants in on cloud gaming with its mysterious  Project Endgame  ,https://www.pcworld.com/article/623766/intel-wants-in-on-cloud-gaming-with-project-endgame.html,pcworld.com,United States
378,2022-03,20220316T163000Z,"The Best Stocks to Invest $1 , 000 in Right Now",https://www.fool.com/investing/2022/03/16/the-best-stocks-to-invest-1000-in-right-now/?source=iedfolrf0000001,fool.com,United States
379,2022-03,20220316T164500Z,Why havent Apple and Google shut down their app stores in Russia ? ,https://www.iol.co.za/business-report/international/why-havent-apple-and-google-shut-down-their-app-stores-in-russia-1c75c9e3-6bcb-40af-b88f-d1191a8caa46,iol.co.za,South Africa
380,2022-03,20220316T164500Z,"Worldwide Battlefield Management Industry to 2026 - Featuring Aselsan , BAE Systems and General Dynamics Among Others",https://www.prnewswire.com/news-releases/worldwide-battlefield-management-industry-to-2026---featuring-aselsan-bae-systems-and-general-dynamics-among-others-301504180.html,prnewswire.com,United States
381,2022-03,20220316T170000Z,"Global Modular Data Centers Markets , 2022 - 2026 - Coming Era of eLearning & The Ensuing Data Explosion to Spur Opportunities for Modular Datacenters in the Education Industry",https://www.prnewswire.com:443/news-releases/global-modular-data-centers-markets-2022-2026---coming-era-of-elearning--the-ensuing-data-explosion-to-spur-opportunities-for-modular-datacenters-in-the-education-industry-301504197.html,prnewswire.com,United States
382,2022-03,20220316T171500Z,Arm rival SiFive raises $175M to accelerate development of its alternative RISC - V chip architecture,https://siliconangle.com/2022/03/16/arm-rival-sifive-raises-175m-accelerate-development-alternative-risc-v-chip-architecture/,siliconangle.com,United States
383,2022-03,20220316T171500Z,Google employee that criticized Israeli cloud contract told to move to Brazil or lose job,https://www.datacenterdynamics.com/en/news/google-employee-that-criticized-israeli-cloud-contract-told-to-move-to-brazil-or-lose-job/,datacenterdynamics.com,United States
384,2022-03,20220316T171500Z,The DOD Needs a Joint Wargaming Center,https://www.defenseone.com/ideas/2022/03/dod-needs-joint-wargaming-center/363202/,defenseone.com,United States
385,2022-03,20220316T171500Z,10 Stocks to Invest In Today According to Orkun Kilic Berry Street Capital,https://www.insidermonkey.com/blog/10-stocks-to-invest-in-today-according-to-orkun-kilics-berry-street-capital-1032929/,insidermonkey.com,United States
386,2022-03,20220316T174500Z,IT News Online - FiberLight Powers Resound Networks to Take Advantage of Rural Digital Opportunity Funds to Enable Wireless Service in New Texas Markets,http://www.itnewsonline.com/news/FiberLight-Powers-Resound-Networks-to-Take-Advantage-of-Rural-Digital-Opportunity-Funds-to-Enable-Wireless-Service-in-New-Texas-Markets/8724,itnewsonline.com,United States
387,2022-03,20220316T181500Z,CEI and VKIN Have Built Diversified Green Portfolio Positioned for Future Energy Market,https://www.marketscreener.com/quote/stock/CAMBER-ENERGY-INC-61487816/news/CEI-and-VKIN-Have-Built-Diversified-Green-Portfolio-Positioned-for-Future-Energy-Market-39775658/,marketscreener.com,
388,2022-03,20220316T183000Z,"Unique water storage project will benefit Columbia Basin farms , fish",https://www.capitalpress.com/ag_sectors/water/unique-water-storage-project-will-benefit-columbia-basin-farms-fish/article_139618c0-a3af-11ec-844f-23826a04749b.html,capitalpress.com,United States
389,2022-03,20220316T191500Z,ITI builds up its Data Centre capabilities - The Hindu BusinessLine,https://www.thehindubusinessline.com/info-tech/iti-builds-up-its-data-centre-capabilities/article65231301.ece,thehindubusinessline.com,India
390,2022-03,20220316T203000Z,Washington State Approves More Data Center Tax Breaks,https://www.datacenterknowledge.com:443/business/washington-state-approves-more-data-center-tax-breaks,datacenterknowledge.com,United States
391,2022-03,20220316T204500Z,Box Forecasts Annual Sales Growth of Up to 17 % in 2025,https://www.bnnbloomberg.ca/box-forecasts-annual-sales-growth-of-up-to-17-in-2025-1.1738732,bnnbloomberg.ca,Canada
392,2022-03,20220316T204500Z,Defending Distributed Networks with Zero Trust Edge,https://www.csoonline.com/article/3653364/defending-distributed-networks-with-zero-trust-edge.html,csoonline.com,United States
393,2022-03,20220316T204500Z,A Jewish Google employee says her activism against an Israel contract got her job moved to Brazil,https://www.jta.org/2022/03/16/united-states/a-jewish-google-employee-says-her-activism-against-an-israel-contract-got-her-job-moved-to-brazil,jta.org,Israel
394,2022-03,20220316T210000Z,Pluribus extends cloud fabric to Nvidia smartNICs,https://www.networkworld.com/article/3654148/pluribus-extends-cloud-fabric-to-nvidia-smartnics.html,networkworld.com,United States
395,2022-03,20220322T133000Z,"COMCAST TO INVEST $22 MILLION TO EXPAND FIBER BROADBAND SERVICE TO 18 , 000+ HOMES & BUSINESSES IN EAGLE MOUNTAIN , UTAH",https://apnews.com/press-release/news-direct-corporation/technology-business-mountains-utah-64f430b1cbe0c67074b675bd47773ab5,apnews.com,United States
396,2022-03,20220322T133000Z,"GaN Systems Brings Stunning GaN Audio to Cars , Motorcycles , and Boats",https://www.digitaljournal.com/pr/gan-systems-brings-stunning-gan-audio-to-cars-motorcycles-and-boats,digitaljournal.com,United States
397,2022-03,20220322T140000Z,NTT DoCoMo pitches open RAN smarts plus 13 - vendor dream team,https://www.lightreading.com/open-ran/ntt-docomo-pitches-open-ran-smarts-plus-13-vendor-dream-team/d/d-id/776209,lightreading.com,United States
398,2022-03,20220322T140000Z,Are Amazon buybacks a sign that the growth machine is slowing ? ,https://www.retaildive.com/news/are-amazons-buybacks-a-sign-that-the-growth-machine-is-slowing/620582/,retaildive.com,United States
399,2022-03,20220322T141500Z,Zain Group holds Annual General Assembly with a quorum of 75 . 14 % ,https://www.kuwaittimes.com/zain-group-holds-annual-general-assembly-with-a-quorum-of-75-14/,kuwaittimes.com,
400,2022-03,20220322T143000Z,Park Place Technologies Acquires Reliant Technology,https://indiaeducationdiary.in/park-place-technologies-acquires-reliant-technology/,indiaeducationdiary.in,India
401,2022-03,20220322T143000Z,Data center company Switch said to be considering sale - report,https://www.datacenterdynamics.com/en/news/data-center-company-switch-said-to-be-considering-sale-report/,datacenterdynamics.com,United States
402,2022-03,20220322T144500Z,Converge Networking and Security with Zero - Trust Edge,https://www.informationweek.com/security-and-risk-strategy/converge-networking-and-security-with-zero-trust-edge,informationweek.com,United States
403,2022-03,20220322T150000Z,AMD is bringing its turbo - charged Instinct MI200 GPUs to the mainstream,https://www.techradar.com/news/amd-is-bringing-its-turbo-charged-instinct-mi200-gpus-to-the-mainstream,techradar.com,United Kingdom
404,2022-03,20220322T151500Z,Greece public postal service offline due to ransomware attack,https://www.bleepingcomputer.com/news/security/greeces-public-postal-service-offline-due-to-ransomware-attack/,bleepingcomputer.com,Russia
405,2022-03,20220322T153000Z,HPE Ups Cloud Ante With Blockbuster HPE GreenLake Launch,https://www.crn.com/news/cloud/hpe-ups-cloud-ante-with-blockbuster-hpe-greenlake-launch,crn.com,United States
406,2022-03,20220322T154500Z,"2 Reasons to Buy Amazon Before Its Stock Split , 1 Reason to Buy After",https://www.fool.com/investing/2022/03/22/2-reasons-to-buy-amazon-before-its-stock-split/,fool.com,United States
407,2022-03,20220322T160000Z,Climate Change : Earth Poles Hit Simultaneously by Heatwaves,https://greekreporter.com/2022/03/22/climate-change-earth-poles-heatwaves/,greekreporter.com,Greece
408,2022-03,20220322T161500Z,NVIDIA Announces DGX H100 Systems – World Most Advanced Enterprise AI Infrastructure,https://apnews.com/press-release/globe-newswire/technology-science-business-0425033907fc31582723b21d038874c2,apnews.com,United States
409,2022-03,20220322T161500Z,"Everhart Financial Group Inc . Acquires Shares of 2 , 835 Advanced Micro Devices , Inc . ( NASDAQ : AMD ) ",https://www.etfdailynews.com/2022/03/22/everhart-financial-group-inc-acquires-shares-of-2835-advanced-micro-devices-inc-nasdaqamd/,etfdailynews.com,United States
410,2022-03,20220322T161500Z,Global Server Virtualization Software Market to Reach $10 . 4 Billion by 2026,https://www.prnewswire.com/news-releases/global-server-virtualization-software-market-to-reach-10-4-billion-by-2026--301505792.html,prnewswire.com,United States
411,2022-03,20220322T163000Z,High Availability Options for IBM I Applications in the Cloud,https://www.networkcomputing.com/cloud-infrastructure/high-availability-options-ibm-i-applications-cloud,networkcomputing.com,United States
412,2022-03,20220322T170000Z,Nvidia intros new GPUs and technology to accelerate AI computing,https://www.dnaindia.com/technology/report-nvidia-intros-new-gpus-graphic-chips-technology-to-accelerate-ai-computing-2941510,dnaindia.com,India
413,2022-03,20220322T171500Z,"HPE Expands GreenLake Edge - to - Cloud Platform with Unified Experience , New Cloud Services , and Expanded Partner Ecosystem",https://www.hpcwire.com/off-the-wire/hpe-expands-greenlake-edge-to-cloud-platform-with-unified-experience-new-cloud-services-and-expanded-partner-ecosystem/,hpcwire.com,United States
414,2022-03,20220322T171500Z,Tachyum Demonstrates Native KVM Virtualization on Prodigy Emulation,https://www.hpcwire.com/off-the-wire/tachyum-demonstrates-native-kvm-virtualization-on-prodigy-emulation/,hpcwire.com,United States
415,2022-03,20220322T173000Z,"Generator Sales Market by Fuel Type , Power Rating , Application , End - user , Design , Sales Channel and Region – Global Forecast to 2027",http://www.padovanews.it/2022/03/22/generator-sales-market-by-fuel-type-power-rating-application-end-user-design-sales-channel-and-region-global-forecast-to-2027/,padovanews.it,Italy
416,2022-03,20220322T173000Z,"NVIDIA AI Delivers Major Advances in Speech , Recommender Systems and Hyperscale Inference",https://www.marketscreener.com/quote/stock/NVIDIA-CORPORATION-57355629/news/NVIDIA-AI-Delivers-Major-Advances-in-Speech-Recommender-Systems-and-Hyperscale-Inference-39829974/,marketscreener.com,
417,2022-03,20220322T173000Z,New DDN Storage Appliance Doubles Performance for NVIDIA DGX AI Solutions and Speeds Up Analytics and Machine Learning in the Cloud by 100 % ,https://www.prnewswire.com:443/news-releases/new-ddn-storage-appliance-doubles-performance-for-nvidia-dgx-ai-solutions-and-speeds-up-analytics-and-machine-learning-in-the-cloud-by-100-301507938.html,prnewswire.com,United States
418,2022-03,20220322T180000Z,"Modernization of crypto isnt the core mission for DoD and the IC , it what enables the mission - Breaking Defense Breaking Defense",https://breakingdefense.com/2022/03/modernization-of-crypto-isnt-the-core-mission-for-dod-and-the-ic-its-what-enables-the-mission/,breakingdefense.com,United States
419,2022-03,20220322T180000Z,NVIDIA Opens NVLink for Custom Silicon Integration,https://www.globenewswire.com/news-release/2022/03/22/2407901/0/en/NVIDIA-Opens-NVLink-for-Custom-Silicon-Integration.html,globenewswire.com,United States
420,2022-03,20220322T180000Z,"College , business leaders , to tour Woodbridge data center program",https://www.potomaclocal.com/2022/03/22/college-business-leaders-to-tour-woodbridge-data-center-program/,potomaclocal.com,United States
421,2022-03,20220322T180000Z,"NVIDIA reveals next - gen Hopper GPU architecture , H100 GPU announced",https://www.tweaktown.com/news/85197/nvidia-reveals-next-gen-hopper-gpu-architecture-h100-announced/,tweaktown.com,United States
422,2022-03,20220322T180000Z,"NVIDIA Announces Hopper Architecture , the Next Generation of Accelerated Computing",https://www.wallstreet-online.de/nachricht/15216652-nvidia-announces-hopper-architecture-the-next-generation-of-accelerated-computing,wallstreet-online.de,Germany
423,2022-03,20220322T181500Z,Stocks To Buy And Watch : Cisco Rival Is Breaking Out Today | Investor Business Daily,https://www.investors.com/research/stocks-to-buy-and-watch-networking-leader-arista-networks-is-breaking-out-today/,investors.com,United States
424,2022-03,20220322T181500Z,Arelion Opens Additional Norway Fiber Route to Continental Europe,https://www.totaltele.com/512826/Arelion-Opens-Additional-Norway-Fiber-Route-to-Continental-Europe,totaltele.com,United Kingdom
425,2022-03,20220322T183000Z,"Nvidia unveils next generation Hopper GPU architecture , and more accelerated applications at GTC 2022",https://www.techspot.com/news/93881-nvidia-unveils-next-generation-hopper-gpu-architecture-more.html,techspot.com,United States
426,2022-03,20220322T184500Z,Ask HN : Who operates at scale without containers ? ,https://news.ycombinator.com/item?id=30767393,news.ycombinator.com,United States
427,2022-03,20220322T184500Z,"HPE GreenLake Edge - to - Cloud Platform Delivers Greater Choice and Simplicity with Unified Experience , New Cloud Services , and Expanded Partner Ecosystem",https://www.marketscreener.com/quote/stock/HEWLETT-PACKARD-ENTERPRIS-24843838/news/HPE-GreenLake-Edge-to-Cloud-Platform-Delivers-Greater-Choice-and-Simplicity-with-Unified-Experience-39829855/,marketscreener.com,
428,2022-03,20220322T190000Z,"Nvidia unveils latest chips , technology to speed up AI computing",https://wsau.com/2022/03/22/nvidia-unveils-latest-chips-technology-to-speed-up-ai-computing/,wsau.com,United States
429,2022-03,20220322T190000Z,Nvidia next - gen Hopper GPU revealed : 3 things PC gamers need to know,https://www.pcworld.com/article/625265/nvidias-next-gen-hopper-gpu-revealed-3-things-pc-gamers-need-to-know.html,pcworld.com,United States
430,2022-03,20220322T190000Z,NILE Stock : A High - Potential Penny Stock Worth Your Attention,https://www.thestreet.com/memestocks/reddit-trends/nile-stock-a-high-potential-penny-stock-worth-your-attention,thestreet.com,United States
431,2022-03,20220322T191500Z,"Utah contractor , Facebook offer $100K for info on noose left at data center construction site",https://www.msn.com/en-us/news/us/utah-contractor-facebook-offer-100k-for-info-on-noose-left-at-data-center-construction-site/ar-AAVn75E,msn.com,United States
432,2022-03,20220322T200000Z,NVIDIA Launches AI Computing Platform for Medical Devices,https://hitconsultant.net/2022/03/22/nvidia-clara-holoscan-launch/,hitconsultant.net,United States
433,2022-03,20220322T200000Z,NVIDIA Introduces Grace CPU Superchip,https://www.eejournal.com/industry_news/nvidia-introduces-grace-cpu-superchip/,eejournal.com,United States
434,2022-03,20220322T201500Z,"Nvidia debuts next - generation H100 GPUs , its most powerful chips yet",https://siliconangle.com/2022/03/22/nvidia-debuts-next-generation-h100-gpus-powerful-chips-yet/,siliconangle.com,United States
435,2022-03,20220322T201500Z,OVHcloud datacenter  lacked  automatic fire extinguishers,https://www.theregister.com/2022/03/22/ovhcloud_fire_datacenter_report/,theregister.com,
436,2022-03,20220322T203000Z,HPE GreenLake Selected by BMW Group to Unify Data Management Across Global Locations and the Cloud,https://www.wallstreet-online.de/nachricht/15216553-hpe-greenlake-selected-by-bmw-group-to-unify-data-management-across-global-locations-and-the-cloud,wallstreet-online.de,Germany
437,2022-03,20220322T204500Z,NVIDIA Jetson AGX Orin : The Next - Gen Platform That Will Power Our AI Robot Overlords Unveiled,https://hothardware.com/news/nvidia-jetson-agx-orin,hothardware.com,United States
438,2022-03,20220322T204500Z,"Copying of Unpatented Technology Permitted When Confidentiality Obligations Terminated | Manatt , Phelps & Phillips , LLP",https://www.jdsupra.com/legalnews/copying-of-unpatented-technology-4800695/,jdsupra.com,United States
439,2022-03,20220322T210000Z,"  5G was born in the cloud , says STL exec at MWC Barcelona",https://www.rcrwireless.com/20220322/5g/5g-was-born-in-the-cloud-says-stl-exec-at-mwc-barcelona,rcrwireless.com,United States
440,2022-03,20220322T210000Z,Nvidia presents grand unified theory of the Omniverse,https://www.rcrwireless.com/20220322/telco-cloud/nvidia-presents-grand-unified-theory-of-the-omniverse,rcrwireless.com,United States
441,2022-03,20220322T220000Z,Report : $3 - 5M in Ad Fraud Daily from  Methbot  – Krebs on Security,https://krebsonsecurity.com/2016/12/report-3-5m-in-ad-fraud-daily-from-methbot/,krebsonsecurity.com,United States
442,2022-03,20220322T220000Z,Meta plans to build Dutch data centre hit political glitch | WSAU News / Talk 550 AM · 99 . 9 FM,https://wsau.com/2022/03/22/metas-plans-to-build-dutch-data-centre-hit-political-glitch/,wsau.com,United States
443,2022-03,20220322T220000Z,Newswire & Press Release / GigeNET Meets Soaring Enterprise Cloud Demand with ADVA DCI Solution - Computer Hardware / Storage - ADVA Optical Networking,https://www.newswiretoday.com/news/177376/,newswiretoday.com,United States
444,2022-03,20220322T220000Z,Idaho Power and Micron Technology Partner to Advance Solar - Powered Renewable Energy in Idaho,https://www.nrtoday.com/ap/idaho-power-and-micron-technology-partner-to-advance-solar-powered-renewable-energy-in-idaho/article_361a4b36-f15d-5658-ab43-085a039197fe.html,nrtoday.com,United States
445,2022-03,20220322T221500Z,At GTC : NVIDIA Launches Hopper Architecture and 80 - billion Transistor GPU for AI Data Centers,https://insidehpc.com/2022/03/at-gtc-nvidia-launches-hopper-architecture-and-80-billion-transistor-gpu-for-ai-data-centers/,insidehpc.com,United States
446,2022-03,20220322T221500Z,NVIDIA Announces DGX H100  AI Infrastructure  Systems,https://insidehpc.com/2022/03/nvidia-announces-dgx-h100-ai-infrastructure-systems/,insidehpc.com,United States
447,2022-03,20220322T221500Z,"NVIDIA Introduces 144 - Core Grace CPU  Superchip  for AI , HPC",https://insidehpc.com/2022/03/nvidia-introduces-144-core-grace-cpu-superchip-for-ai-hpc/,insidehpc.com,United States
448,2022-03,20220322T221500Z,VAST Data Collaborates with NVIDIA to Build the Data Foundation for AI Superclusters with  Ceres  ,https://www.hpcwire.com/off-the-wire/vast-data-collaborates-with-nvidia-to-build-the-data-foundation-for-ai-superclusters-with-ceres/,hpcwire.com,United States
449,2022-03,20220322T223000Z,Partner Up ! grant program launches to address child care crisis,https://www.kenoshanews.com/news/local/partner-up-grant-program-launches-to-address-child-care-crisis/article_cf915d18-a92d-11ec-abd5-cb3aaa3c8a52.html,kenoshanews.com,United States
450,2022-03,20220322T231500Z,GTT launches SASE with Palo Alto Networks,https://www.lightreading.com/sd-wan/gtt-launches-sase-with-palo-alto-networks/d/d-id/776231,lightreading.com,United States
451,2022-04,20220405T001500Z,Micron Appoints Fran Dillard as Vice President and Chief Diversity Inclusion Officer,http://www.itnewsonline.com/GlobeNewswire/Micron-Appoints-Fran-Dillard-as-Vice-President-and-Chief-Diversity-Inclusion-Officer/39110,itnewsonline.com,United States
452,2022-04,20220405T001500Z,SK hynix and Solidigm Introduce First Collaborative Product,http://www.itnewsonline.com/PRNewswire/SK-hynix-and-Solidigm-Introduce-First-Collaborative-Product/830767,itnewsonline.com,United States
453,2022-04,20220405T010000Z,  Green oasi for Bitcoin mining : Norway has almost 1 % of global BTC hash rate,https://www.today.ng/business/cryptocurrency/green-oasis-bitcoin-mining-norway-1-global-btc-hash-rate-416984,today.ng,Nigeria
454,2022-04,20220405T020000Z,"Sphere 3D Corp . and Gryphon Digital Mining , Inc . Move Forward After Mutual Agreement Not to Proceed With Merger",https://www.eagletribune.com/region/sphere-3d-corp-and-gryphon-digital-mining-inc-move-forward-after-mutual-agreement-not-to/article_47f66ee8-0b17-56a9-b986-0385d09f869b.html,eagletribune.com,United States
455,2022-04,20220405T021500Z,AMD to buy John Chamber Pensando For US$1 . 9b,https://www.crn.com.au/news/amd-to-buy-john-chambers-pensando-for-us19b-578305,crn.com.au,Australia
456,2022-04,20220405T034500Z,"TMS Ep143 : Deepak Parekh , Covid - 19 cases , HDFC merger , edge data centres",https://www.business-standard.com/podcast/current-affairs/tms-ep143-deepak-parekh-covid-19-cases-hdfc-merger-edge-data-centres-122040500089_1.html,business-standard.com,India
457,2022-04,20220405T043000Z,Micron Appoints Fran Dillard as Vice President and Chief,https://www.globenewswire.com/news-release/2022/04/04/2416126/0/en/Micron-Appoints-Fran-Dillard-as-Vice-President-and-Chief-Diversity-Inclusion-Officer.html,globenewswire.com,United States
458,2022-04,20220405T043000Z,AMD grabs DPU maker Pensando for a cool $1 . 9B,https://www.networkworld.com/article/3655740/amd-grabs-dpu-maker-pensando-for-a-cool-19b.html,networkworld.com,United States
459,2022-04,20220405T044500Z,DVIDS - News - NRL develops photonic component library implementing first - of - its - kind Department of Navy trade secret license,https://www.dvidshub.net/news/417794/nrl-develops-photonic-component-library-implementing-first-its-kind-department-navy-trade-secret-license,dvidshub.net,United States
460,2022-04,20220405T050000Z,Stonepeak Successfully Completes $3 . 0 Billion Equity Recapitalization of Portfolio Company Cologix,https://www.businesswire.com/news/home/20220404005139/en/Stonepeak-Successfully-Completes-3.0-Billion-Equity-Recapitalization-of-Portfolio-Company-Cologix,businesswire.com,United States
461,2022-04,20220405T050000Z,markus röglsperger - All news and posts by Crowdfund Insider,https://www.crowdfundinsider.com/tag/markus-roglsperger/,crowdfundinsider.com,United Kingdom
462,2022-04,20220405T050000Z,relay network - All news and posts by Crowdfund Insider,https://www.crowdfundinsider.com/tag/relay-network/,crowdfundinsider.com,United Kingdom
463,2022-04,20220405T051500Z,The venerable mainframe rolls on at IBM with the release of the z16 – TechCrunch,https://techcrunch.com/2022/04/04/the-venerable-mainframe-rolls-on-at-ibm-with-the-release-of-the-z16/,techcrunch.com,United States
464,2022-04,20220405T051500Z,IBM Banks on Lingering Relevance of Mainframes With New Model,https://www.bnnbloomberg.ca/ibm-banks-on-lingering-relevance-of-mainframes-with-new-model-1.1747713,bnnbloomberg.ca,Canada
465,2022-04,20220405T051500Z,Airtel and Mavenir Conduct India First Open RAN Based 5G NSA Validation | National Business,https://www.joplinglobe.com/region/national_business/airtel-and-mavenir-conduct-india-s-first-open-ran-based-5g-nsa-validation/article_255a8336-5986-587c-b76c-8d445eaa9f85.html,joplinglobe.com,United States
466,2022-04,20220405T053000Z,"TraceLink Announces Multiple Achievements in the Development of Opus™ , the Operating Platform for Industry 4 . 0",https://www.prnewswire.com:443/news-releases/tracelink-announces-multiple-achievements-in-the-development-of-opus-the-operating-platform-for-industry-4-0--301516856.html,prnewswire.com,United States
467,2022-04,20220405T053000Z,TraceLink Delivers Major Enhancements to The Opus Digital Network Platform,https://www.prnewswire.com:443/news-releases/tracelink-delivers-major-enhancements-to-the-opus-digital-network-platform-301516268.html,prnewswire.com,United States
468,2022-04,20220405T060000Z,Companies express interest in ESG norms,http://thepeninsulaqatar.com/article/05/04/2022/companies-express-interest-in-esg-norms,thepeninsulaqatar.com,Qatar
469,2022-04,20220405T064500Z,AMD returns to deal making with $1 . 9 billion purchase of chip specialist Pensando,https://www.foxbusiness.com/technology/amd-deal-making-billion-purchase-chip-specialist-pensando,foxbusiness.com,United States
470,2022-04,20220405T071500Z,"Semiconductor Watchlist : Qualcomm , Micron , NXP",https://www.thestreet.com/investing/semiconductor-watchlist-qualcomm-micron-nxp,thestreet.com,United States
471,2022-04,20220405T074500Z,"SK hynix , Solidigm unveil 1st collaborative product",http://www.koreatimes.co.kr/www/tech/2022/04/133_326776.html,koreatimes.co.kr,South Korea
472,2022-04,20220405T083000Z,"SK hynix , Solidigm launch enterprise SSD for data centers",http://www.koreaherald.com/view.php?ud=20220405000674,koreaherald.com,South Korea
473,2022-04,20220405T083000Z,Dimon Praises DeFI and Blockchain - Traders Magazine,https://www.tradersmagazine.com/featured_articles/dimon-praises-defi-and-blockchain/,tradersmagazine.com,United States
474,2022-04,20220405T091500Z,Equinix closes $320m acquisition of MainOne Africa,https://africabusinesscommunities.com/tech/tech-news/equinix-closes-320m-acquisition-of-mainone-africa/,africabusinesscommunities.com,
475,2022-04,20220405T101500Z,Research and Markets : Switzerland Data Centre Market Landscape Report 2022 - 2026 : Data Centre Raised Floor Space is Forecast to Grow by Over 43 % with Revenues Seeing Growth of 49 % ,https://www.finanznachrichten.de/nachrichten-2022-04/55696697-research-and-markets-switzerland-data-centre-market-landscape-report-2022-2026-data-centre-raised-floor-space-is-forecast-to-grow-by-over-43-with-r-004.htm,finanznachrichten.de,Germany
476,2022-04,20220405T103000Z,Micron Is Set to Deliver Record Revenue in Fiscal 2022,https://www.fool.com/investing/2022/04/05/micron-is-set-to-deliver-record-revenue-in-fiscal/,fool.com,United States
477,2022-04,20220405T104500Z,China telecom sector sees stable growth in Jan .- Feb .- Xinhua,http://www.news.cn/english/20220405/14ca36495f794c6ba848e889c835e259/c.html,news.cn,China
478,2022-04,20220405T110000Z,Atempo Provides Seagate Lyve Portfolio for Mass Data Migration to the Cloud and Across Data Centers,https://www.prnewswire.com/news-releases/atempo-provides-seagates-lyve-portfolio-for-mass-data-migration-to-the-cloud-and-across-data-centers-301515120.html,prnewswire.com,United States
479,2022-04,20220405T111500Z,"Data center proposed on site of former waste management plant in Tuscany , Italy",https://www.datacenterdynamics.com/en/news/data-center-proposed-on-site-of-former-waste-management-plant-in-tuscany-italy/,datacenterdynamics.com,United States
480,2022-04,20220405T113000Z,"Amazon . com , Inc .: Amazon Secures Up to 83 Launches from Arianespace , Blue Origin , and United Launch Alliance for Project Kuiper",https://www.finanznachrichten.de/nachrichten-2022-04/55697852-amazon-com-inc-amazon-secures-up-to-83-launches-from-arianespace-blue-origin-and-united-launch-alliance-for-project-kuiper-004.htm,finanznachrichten.de,Germany
481,2022-04,20220405T114500Z,Data Center Stocks Deliver Strong Growth by Marrying Tech and Real Estate,https://www.fool.com/investing/2022/04/05/data-center-stocks-deliver-strong-growth-by-marryi/?source=iedfolrf0000001,fool.com,United States
482,2022-04,20220405T114500Z,ConnectiCare Farmington corporate HQ property for sale | Hartford Business Journal,https://www.hartfordbusiness.com/article/connecticares-farmington-corporate-hq-property-for-sale,hartfordbusiness.com,United States
483,2022-04,20220405T114500Z,F5 BIG - IP CNF solutions help customers accelerate and secure 5G deployment,https://www.helpnetsecurity.com/2022/04/05/f5-big-ip-cnf/,helpnetsecurity.com,
484,2022-04,20220405T120000Z,Daily Kickoff : Ron Dermer joins Jerusalem investment firm + Assessing Janice Winfrey chances vs . Rashida Tlaib,https://jewishinsider.com/2022/04/daily-kickoff-ron-dermer-joins-jerusalem-investment-firm-assessing-janice-winfreys-chances-vs-rashida-tlaib/,jewishinsider.com,Israel
485,2022-04,20220405T123000Z,Veleta Capital and Oaktree Form Joint Venture,https://www.joplinglobe.com/region/national_business/veleta-capital-and-oaktree-form-joint-venture/article_0ba3637d-66f2-568f-9885-88cf98b90fde.html,joplinglobe.com,United States
486,2022-04,20220405T123000Z,COMPASS DATACENTERS LAUNCHES COMPASS QUANTUM TO DELIVER WHITE SPACE AS A SERVICE™,https://www.prnewswire.com:443/news-releases/compass-datacenters-launches-compass-quantum-to-deliver-white-space-as-a-service-301517521.html,prnewswire.com,United States
487,2022-04,20220405T124500Z,NXT GEN TECHNOLOGIES NAMED TOP 30 BY INC . MAGAZINE,https://www.prnewswire.com:443/news-releases/nxt-gen-technologies-named-top-30-by-inc-magazine-301517225.html,prnewswire.com,United States
488,2022-04,20220405T130000Z,Aligned Advances ESG Strategy and Accelerates Supply Chain,https://www.globenewswire.com/news-release/2022/04/05/2416686/0/en/Aligned-Advances-ESG-Strategy-and-Accelerates-Supply-Chain-Decarbonization-Through-Circular-Asset-Management-and-Embodied-Carbon-Tracking.html,globenewswire.com,United States
489,2022-04,20220405T133000Z,Aligned Advances ESG Strategy and Accelerates Supply Chain Decarbonization Through Circular Asset Management and Embodied Carbon Tracking,https://forextv.com/top-news/aligned-advances-esg-strategy-and-accelerates-supply-chain-decarbonization-through-circular-asset-management-and-embodied-carbon-tracking/,forextv.com,United States
490,2022-04,20220405T134500Z,DCW 2022 : Non - technological Factors Are Set to Define the Future of IT,https://www.datacenterknowledge.com:443/business/dcw-2022-non-technological-factors-are-set-define-future-it,datacenterknowledge.com,United States
491,2022-04,20220405T140000Z,"AMD Stock Up 2 %, Advanced Micro Devices Acquires Pensando for $2B",https://www.coinspeaker.com/amd-acquires-pensando-2b/,coinspeaker.com,United States
492,2022-04,20220405T141500Z,11 Best REIT Stocks To Buy Right Now - Insider Monkey,https://www.insidermonkey.com/blog/11-best-reit-stocks-to-buy-right-now-1036095/,insidermonkey.com,United States
493,2022-04,20220405T141500Z,5 Best REIT Stocks To Buy Right Now - Insider Monkey,https://www.insidermonkey.com/blog/5-best-reit-stocks-to-buy-right-now-2-1036203/5/,insidermonkey.com,United States
494,2022-04,20220405T154500Z,AMD Is About as Hot as It Gets : Here How to Trade It,https://realmoney.thestreet.com/investing/amd-is-about-as-hot-as-it-gets-here-s-how-to-trade-it-15960987,realmoney.thestreet.com,United States
495,2022-04,20220405T160000Z,AMD Building Momentum in Data Centers With Acquisition of Pensando,https://www.fool.com/investing/2022/04/05/amd-building-momentum-data-centers-pensando/?source=iedfolrf0000001,fool.com,United States
496,2022-04,20220405T163000Z,Legrand : Total Number of Shares and Voting Rights,https://www.finanznachrichten.de/nachrichten-2022-04/55701637-legrand-total-number-of-shares-and-voting-rights-004.htm,finanznachrichten.de,Germany
497,2022-04,20220405T164500Z,"IBM Z16 – The Mainframe Is Dead , Long Live The Mainframe",https://www.forbes.com/sites/patrickmoorhead/2022/04/05/ibm-z16--the-mainframe-is-dead-long-live-the-mainframe/,forbes.com,United States
498,2022-04,20220405T170000Z,"NewEdge Wealth LLC Acquires New Shares in Cisco Systems , Inc . ( NASDAQ : CSCO ) ",https://www.etfdailynews.com/2022/04/05/newedge-wealth-llc-acquires-new-shares-in-cisco-systems-inc-nasdaqcsco/,etfdailynews.com,United States
499,2022-04,20220405T171500Z,Will Qualcomm Continue to Disappoint Traders ? ,https://realmoney.thestreet.com/investing/stocks/will-qualcomm-continue-to-disappoint-traders--15960391,realmoney.thestreet.com,United States
500,2022-04,20220405T173000Z,Micron names new executive vice president and chief financial office,https://www.ktvb.com/article/tech/micron-executive-vice-president-chief-financial-office-mark-murphy/277-4c242dfd-e08d-470a-833c-a60ef0f8748c,ktvb.com,United States
501,2022-04,20220405T183000Z,"Logistics Robots Market , Top Players , Size , Business Scenario , Share , Growth , Insights , Industry Analysis 2027",https://www.digitaljournal.com/pr/logistics-robots-market-top-players-size-business-scenario-share-growth-insights-industry-analysis-2027,digitaljournal.com,United States
502,2022-04,20220405T194500Z,Pamplin Media Group - Two local residents vying for treasurer seat,https://pamplinmedia.com/ceo/162-news/541476-433152-two-local-residents-vying-for-treasurer-seat,pamplinmedia.com,United States
503,2022-04,20220405T200000Z,"Engineered Energy Solutions , Inc . Celebrates 40 Years in Business",https://www.prweb.com/releases/engineered_energy_solutions_inc_celebrates_40_years_in_business/prweb18600281.htm,prweb.com,United States
504,2022-04,20220405T203000Z,This is such bullshit - Everything2 . com,https://everything2.com:443/title/This+is+such+bullshit?author_id=977360,everything2.com,United States
505,2022-04,20220405T203000Z,This is such bullshit ( fiction ) by Glowing Fish,https://everything2.com:443/user/Glowing+Fish/writeups/This+is+such+bullshit,everything2.com,United States
506,2022-04,20220405T203000Z,Grain buys LightRiver Technologies & Software entities,https://www.lightreading.com/opticalip-networks/grain-buys-lightrivers-technologies-and-software-entities/d/d-id/776570,lightreading.com,United States
507,2022-04,20220405T203000Z,Lawsuit filed for Investors in shares of Vertiv Holdings Co,https://www.openpr.com/news/2595813/lawsuit-filed-for-investors-in-shares-of-vertiv-holdings-co,openpr.com,United States
508,2022-04,20220405T210000Z,AWS Heroes Panel offers insight into data mesh and quantum for handling computational challenges,https://siliconangle.com/2022/04/05/aws-heroes-panel-offers-insight-into-data-mesh-and-quantum-for-handling-computational-challenges-awsshowcases2e2/,siliconangle.com,United States
509,2022-04,20220405T220000Z,Corporate Office Properties Trust ( NYSE : OFC ) Receives Average Rating of  Hold  from Brokerages,https://www.etfdailynews.com/2022/04/05/corporate-office-properties-trust-nyseofc-receives-average-rating-of-hold-from-brokerages/,etfdailynews.com,United States
510,2022-04,20220406T000000Z,Neighbors question amended application to build a data center,https://www.wusa9.com/article/news/local/virginia/neighbors-question-application-to-develop-data-centers-in-bristow-community-instead-of-homes/65-de493eba-0a47-4bc4-8c35-0883ca22c4ec,wusa9.com,United States
511,2022-04,20220406T011500Z,"Unified health code can bring more convenience , efficiency",http://usa.chinadaily.com.cn/a/202204/06/WS624ccc73a310fd2b29e55269.html,usa.chinadaily.com.cn,China
512,2022-04,20220406T013000Z,Micron names new CFO,https://www.idahopress.com/news/local/micron-names-new-cfo/article_52a2210f-59de-540c-aa72-2814ef37cf18.html,idahopress.com,United States
513,2022-04,20220406T020000Z,Huawei rising as a digital solutions provider,http://usa.chinadaily.com.cn/a/202204/06/WS624ce8e2a310fd2b29e55312.html,usa.chinadaily.com.cn,China
514,2022-04,20220406T020000Z,"SMART Global Holdings , Inc . ( SGH ) Q2 2022 Earnings Call Transcript",https://www.msn.com/en-us/money/companies/smart-global-holdings-inc-sgh-q2-2022-earnings-call-transcript/ar-AAVU1uD,msn.com,United States
515,2022-04,20220406T030000Z,"Analysts Expect Cisco Systems , Inc . ( NASDAQ : CSCO ) to Post $0 . 86 EPS",https://www.etfdailynews.com/2022/04/06/analysts-expect-cisco-systems-inc-nasdaqcsco-to-post-0-86-eps/,etfdailynews.com,United States
516,2022-04,20220406T051500Z,"Brokerages Set Cisco Systems , Inc . ( NASDAQ : CSCO ) Price Target at $63 . 63",https://www.etfdailynews.com/2022/04/06/brokerages-set-cisco-systems-inc-nasdaqcsco-price-target-at-63-63-2/,etfdailynews.com,United States
517,2022-04,20220406T054500Z,City University of Hong Kong Advances Scientific Research with Up to 10X Faster High Performance Computing Cluster from Hewlett Packard Enterprise,https://www.businesswire.com/news/home/20220405005105/en/City-University-of-Hong-Kong-Advances-Scientific-Research-with-Up-to-10X-Faster-High-Performance-Computing-Cluster-from-Hewlett-Packard-Enterprise,businesswire.com,United States
518,2022-04,20220406T061500Z,HIVE Blockchain Provides March 2022 Production and Intel Update,https://www.digitaljournal.com/pr/hive-blockchain-provides-march-2022-production-and-intel-update,digitaljournal.com,United States
519,2022-04,20220406T061500Z,HIVE Blockchain Technologies Ltd .: HIVE Blockchain Provides March 2022 Production and Intel Update,https://www.finanznachrichten.de/nachrichten-2022-04/55705615-hive-blockchain-technologies-ltd-hive-blockchain-provides-march-2022-production-and-intel-update-296.htm,finanznachrichten.de,Germany
520,2022-04,20220406T063000Z,Equinix acquires MainOne to accelerate digital transformation throughout the African continent,https://www.helpnetsecurity.com/2022/04/06/equinix-mainone/,helpnetsecurity.com,
521,2022-04,20220406T070000Z,"DGAP - News : Northern Data Hires Chief People Officer as Part of Its Business Expansion Strategy , Magyar Tőkepiac",http://www.magyartokepiac.hu/cikk?267403,magyartokepiac.hu,Hungary
522,2022-04,20220406T073000Z,Frederick County Council violated Open Meetings Act in December,https://www.fredericknewspost.com/news/politics_and_government/levels_of_government/county/council/frederick-county-council-violated-open-meetings-act-in-december/article_c85d2a6b-b2f2-5c97-b226-1f6631599ebb.html,fredericknewspost.com,United States
523,2022-04,20220406T083000Z,Veeam Press Office,http://itnewsafrica.com/pressoffices/veeam/,itnewsafrica.com,South Africa
524,2022-04,20220406T084500Z,"HPE : New Cluster at City University of Hong Kong Delivers 10X Speed Boost for HPC , AI",https://insidehpc.com/2022/04/hpe-new-cluster-at-city-university-of-hong-kong-delivers-10x-speed-boost-for-hpc-ai/,insidehpc.com,United States
525,2022-04,20220406T090000Z,Huawei Enterprise : Huawei commits to two - week delivery on flash storage solutions,https://www.finanznachrichten.de/nachrichten-2022-04/55708069-huawei-enterprise-huawei-commits-to-two-week-delivery-on-flash-storage-solutions-008.htm,finanznachrichten.de,Germany
526,2022-04,20220406T093000Z,Minister urges youth to become economy driving force,https://en.antaranews.com/news/223625/minister-urges-youth-to-become-economys-driving-force,en.antaranews.com,Indonesia
527,2022-04,20220406T094500Z,Hyper - Converged Infrastructure Market is Expected to Reach $33 . 16 Billion by 2026,https://www.digitaljournal.com/pr/hyper-converged-infrastructure-market-is-expected-to-reach-33-16-billion-by-2026,digitaljournal.com,United States
528,2022-04,20220406T101500Z,Vantage - occupied data center in Hong Kong sold to Nuveen APCF,https://www.datacenterdynamics.com/en/news/vantage-occupied-data-center-in-hong-kong-sold-to-nuveens-apcf/,datacenterdynamics.com,United States
529,2022-04,20220406T101500Z,Why the data center industry will continue to choose lead batteries,https://www.datacenterdynamics.com/en/opinions/why-the-data-center-industry-will-continue-to-choose-lead-batteries/,datacenterdynamics.com,United States
530,2022-04,20220406T104500Z,Ethereum Coming  Merge  Could Make or Break Crypto,https://www.bnnbloomberg.ca/ethereum-s-coming-merge-could-make-or-break-crypto-1.1748364,bnnbloomberg.ca,Canada
531,2022-04,20220406T104500Z,Contrasting Hong Kong and China Gas ( OTCMKTS : HOKCY ) & TETRA Technologies ( NYSE : TTI ) ,https://www.etfdailynews.com/2022/04/06/contrasting-hong-kong-and-china-gas-otcmktshokcy-tetra-technologies-nysetti/,etfdailynews.com,United States
532,2022-04,20220406T110000Z,Switch ( NYSE : SWCH ) Hits New 1 - Year High at $31 . 71,https://www.etfdailynews.com/2022/04/06/switch-nyseswch-hits-new-1-year-high-at-31-71/,etfdailynews.com,United States
533,2022-04,20220406T123000Z,Foxit eSign Gets The Mobile Treatment With Launch Of New iOS Mobile App,https://www.prnewswire.com:443/news-releases/foxit-esign-gets-the-mobile-treatment-with-launch-of-new-ios-mobile-app-301518616.html,prnewswire.com,United States
534,2022-04,20220406T124500Z,Huawei Middle East IT Day 2022 spotlights full - stack data centre solutions,https://www.khaleejtimes.com/tech/huawei-middle-east-it-day-2022-spotlights-full-stack-data-centre-solutions,khaleejtimes.com,United Arab Emirates
535,2022-04,20220406T130000Z,Horry County officials to sell 20 acres for South Carolina cable landing station at Myrtle Beach,https://www.datacenterdynamics.com/en/news/horry-county-officials-to-sell-20-acres-for-south-carolina-cable-landing-station-at-myrtle-beach/,datacenterdynamics.com,United States
536,2022-04,20220406T130000Z,Softchoice Named 2022 VMware Partner of the Year,https://www.joplinglobe.com/region/national_business/softchoice-named-2022-vmware-partner-of-the-year/article_eef9486c-46f5-51c4-bb17-a4b186782e7d.html,joplinglobe.com,United States
537,2022-04,20220406T134500Z,This Growth Stock Could 10X in 10 Years,https://www.fool.com/investing/2022/04/06/this-growth-stock-could-10x-in-10-years/?source=iedfolrf0000001,fool.com,United States
538,2022-04,20220406T134500Z,"United States Hyperscale Data Center Markets Report 2022 - 2027 : Rising Investments , IOT & Big Data Driving the Demand , Deployment Of 5G",https://www.prnewswire.com/news-releases/united-states-hyperscale-data-center-markets-report-2022-2027-rising-investments-iot--big-data-driving-the-demand-deployment-of-5g-301518816.html,prnewswire.com,United States
539,2022-04,20220406T143000Z,"Nextup . ai Launches Jira Integration+ for Microsoft Teams , Transforming the Software Development Process",https://www.prnewswire.com/news-releases/nextupai-launches-jira-integration-for-microsoft-teams-transforming-the-software-development-process-301517002.html,prnewswire.com,United States
540,2022-04,20220406T144500Z,BREAKING : Board approves Amazon data center rezoning in Culpeper County,https://starexponent.com/agriculture/breaking-board-approves-amazon-data-center-rezoning-in-culpeper-county/article_8fb908ad-3cf9-520d-aa7f-0559461f6bcf.html,starexponent.com,United States
541,2022-04,20220406T144500Z,"BFAR taps infotech for improved monitoring , control , surveillance",https://www.philippinetimes.com/news/272456370/bfar-taps-infotech-for-improved-monitoring-control-surveillance,philippinetimes.com,Philippines
542,2022-04,20220406T151500Z,"Boeing Partners With Microsoft , Amazon , Google in the Cloud",https://www.marketwatch.com/articles/boeing-cloud-microsoft-amazon-google-51649256106,marketwatch.com,United States
543,2022-04,20220406T151500Z,"FPI : Florida Families Continue to Struggle With Loss of Income , Food Insecurity",https://www.wqcs.org/wqcs-news/2022-04-06/florida-policy-institute-survey-finds-florida-families-continue-to-struggle-with-loss-of-income-food-insecurity,wqcs.org,United States
544,2022-04,20220406T153000Z,U of Michigan Warns Students of COVID - 19 Increases,https://www.insidehighered.com/quicktakes/2022/04/06/u-michigan-warns-students-covid-19-increases,insidehighered.com,United States
545,2022-04,20220406T154500Z,DesignCon Keynote : Silicon Photonics Chips Key for Data Centers,https://www.designnews.com/semiconductors-and-chips/designcon-keynote-silicon-photonics-chips-key-data-centers,designnews.com,United States
546,2022-04,20220406T154500Z,Call for Papers for the 2022 OCP Future Technologies Symposium,https://www.hpcwire.com/off-the-wire/call-for-papers-for-the-2022-ocp-future-technologies-symposium/,hpcwire.com,United States
547,2022-04,20220406T164500Z,"Voltus , Resideo , and Google Nest to Launch First Bring - Your - Own - Thermostat Program That Delivers Grid Support During Unplanned Power Plant Outages and",https://us.acrofan.com/detail.php?number=643156,us.acrofan.com,South Korea
548,2022-04,20220406T164500Z,"Bitcoin mining facility in Pend Oreille Co . draws questions about power use , zoning",https://www.spokanepublicradio.org/regional-news/2022-04-06/bitcoin-mining-facility-in-pend-oreille-co-draws-questions-about-power-use-zoning,spokanepublicradio.org,United States
549,2022-04,20220406T171500Z,SDIA opens working groups on the footprint of the cloud,https://www.datacenterdynamics.com/en/news/sdia-opens-working-groups-on-the-footprint-of-the-cloud/,datacenterdynamics.com,United States
550,2022-04,20220406T174500Z,New IBM Channel Chief Kate Woolley : We Need To Be  More Essential To Our Partners  ,https://www.crn.com/news/cloud/new-ibm-channel-chief-kate-woolley-we-need-to-be-more-essential-to-our-partners-,crn.com,United States
551,2022-04,20220406T174500Z,Plastic Pigment Market Size Estimated to Reach $18 . 6 Billion by 2027,https://www.digitaljournal.com/pr/plastic-pigment-market-size-estimated-to-reach-18-6-billion-by-2027,digitaljournal.com,United States
552,2022-04,20220406T180000Z,Tank Level Monitoring System Market Is Set To Surpass $1 Billion By 2026,https://energy.einnews.com/pr_news/567656137/tank-level-monitoring-system-market-is-set-to-surpass-1-billion-by-2026,energy.einnews.com,United States
553,2022-04,20220406T191500Z,SEMPRE FINDS SMARTPHONES SURVIVE A NUCLEAR EMP,https://www.prnewswire.com:443/news-releases/sempre-finds-smartphones-survive-a-nuclear-emp-301519349.html,prnewswire.com,United States
554,2022-04,20220406T200000Z,Compass launches modular data center as a service unit,https://www.datacenterdynamics.com/en/news/compass-launches-modular-data-center-as-a-service-unit/,datacenterdynamics.com,United States
555,2022-04,20220406T203000Z,"Nvidia Dominates MLPerf Inference , Qualcomm also Shines , Where Everybody Else ? ",https://www.hpcwire.com/2022/04/06/nvidia-dominates-mlperf-inference-qualcomm-also-shines-wheres-everybody-else/,hpcwire.com,United States
556,2022-04,20220406T203000Z,Lagos state fibre duct infrastructure project : Accelerating Lagos smart city with bold vision,https://www.pulse.ng/business/lagos-state-fibre-duct-infrastructure-project-accelerating-lagos-smart-city-with-bold/r257y59,pulse.ng,Nigeria
557,2022-04,20220406T204500Z,PW Digital Gateway water concerns acknowledged,https://www.insidenova.com/headlines/pw-digital-gateway-water-concerns-acknowledged/article_7b9679fc-b5c4-11ec-99c6-a38774031c15.html,insidenova.com,United States
558,2022-04,20220406T204500Z,The Day - Coast Guard follies indeed - News from southeastern Connecticut,https://www.theday.com/letters-to-the-editor/20220406/coast-guard-follies-indeed,theday.com,United States
559,2022-04,20220406T204500Z,The Day - Groton officials badly need a win - News from southeastern Connecticut,https://www.theday.com/letters-to-the-editor/20220406/groton-officials-badly-need-win,theday.com,United States
560,2022-04,20220406T230000Z,Connecting The Water Technology Community For Radical Impact,https://www.wateronline.com/doc/connecting-water-technology-community-for-radical-impact-0001,wateronline.com,United States
561,2022-04,20220406T233000Z,"Nord Security , the startup behind NordVPN , raises its first - ever funding , $100M at a $1 . 6B valuation – TechCrunch",https://techcrunch.com/2022/04/06/nord-security-the-startup-behind-nordvpn-raises-its-first-ever-funding-100m-at-a-1-6b-valuation/,techcrunch.com,United States
562,2022-04,20220406T234500Z,Eighth Circuit Holds Article III Standing Was Lacking for an Alleged Violation of the FCRA  Pre - Adverse Action  Notice Provision | Littler,https://www.jdsupra.com/legalnews/eighth-circuit-holds-article-iii-6279023/,jdsupra.com,United States
563,2022-04,20220406T234500Z,Safeguarding Cloud - Based Data & Mitigating the Cyber Risks Associated with a Remote Workforce | J . S . Held,https://www.jdsupra.com/legalnews/safeguarding-cloud-based-data-4440648/,jdsupra.com,United States
564,2022-04,20220418T014500Z,China copper industry got off to a good start in the first quarter _ SMM,https://news.metal.com/newscontent/101807675/Chinas-copper-industry-got-off-to-a-good-start-in-the-first-quarter/,news.metal.com,China
565,2022-04,20220418T023000Z,"Google to Invest $9 . 5 Billion in U . S . Offices , Data Centers",https://www.bangkokpost.com/business/2296158/google-to-invest-9-5-billion-in-u-s-offices-data-centers,bangkokpost.com,Thailand
566,2022-04,20220418T063000Z,ArkData completes disaster recovery system for Kyungpook Univ . ,http://www.koreaherald.com/view.php?ud=20220418000698,koreaherald.com,South Korea
567,2022-04,20220418T070000Z,Herefordshire man  ground breaking  polar challenge,https://www.herefordtimes.com/news/20065812.herefordshire-mans-ground-breaking-polar-challenge/,herefordtimes.com,United Kingdom
568,2022-04,20220418T073000Z,Caucus Shakeup Prompts Concern about Candidate Vetting,https://www.publicnewsservice.org/2022-04-18/civic-engagement/caucus-shakeup-prompts-concern-about-candidate-vetting/a78731-1,publicnewsservice.org,United States
569,2022-04,20220418T091500Z,IBM Reports Earnings Tuesday . Wall Street Is Watching for Software Growth . ,https://www.marketwatch.com/articles/ibm-stock-earnings-preview-51650042491,marketwatch.com,United States
570,2022-04,20220418T100000Z,Solar and water construction key in the future of data center sustainability,https://www.constructiondive.com/spons/solar-and-water-construction-key-in-the-future-of-data-center-sustainabilit/621619/,constructiondive.com,United States
571,2022-04,20220418T100000Z,"Alphabet , Amazon , Tesla , and Shopify Stock Splits : Which High - Flying Stocks Are Next to Split ? ",https://www.fool.com/investing/2022/04/18/alphabet-amazon-tesla-and-shopify-stock-splits/,fool.com,United States
572,2022-04,20220418T111500Z,Chindata Group Holdings Limited ( NASDAQ : CD ) Short Interest Down 23 . 0 % in March,https://www.etfdailynews.com/2022/04/18/chindata-group-holdings-limited-nasdaqcd-short-interest-down-23-0-in-march/,etfdailynews.com,United States
573,2022-04,20220418T121500Z,"Listen To Win $1 , 000 | KASI - AM",https://1430kasi.iheart.com/promotions/listen-to-win-1-000-1209302/,1430kasi.iheart.com,United States
574,2022-04,20220418T123000Z,DigitalBridge and Wafra Progress Strategic Partnership,https://www.galvnews.com/news_ap/business/article_450e23bb-7603-5068-8e32-a7de27d93c33.html,galvnews.com,United States
575,2022-04,20220418T130000Z,Middle Fayette draws closer to landing $1 billion data center and technology campus,https://thecitizen.com/2022/04/18/middle-fayette-draws-closer-to-landing-1-billion-data-center-and-technology-campus/,thecitizen.com,United States
576,2022-04,20220418T133000Z,IBM Reports Earnings Tuesday . What to Expect . ,https://www.marketwatch.com/articles/ibm-stock-price-earnings-preview-51650042491,marketwatch.com,United States
577,2022-04,20220418T134500Z,Evoque Expands Into Hyperscale With Build - to - Suit Green Data Centers,https://datacenterfrontier.com/evoque-expands-into-hyperscale-with-build-to-suit-green-data-centers/,datacenterfrontier.com,United States
578,2022-04,20220418T134500Z,Core Scientific Begins Reporting Daily Bitcoin Production,https://kdhnews.com/news/ap/core-scientific-begins-reporting-daily-bitcoin-production/article_2da5ec41-46fa-54a6-bf8d-8d4e06757415.html,kdhnews.com,United States
579,2022-04,20220418T141500Z,Kalaam officially takes over Kuwaiti telecom services group Zajil,http://www.tradearabia.com/news/IT_395512.html,tradearabia.com,United Arab Emirates
580,2022-04,20220418T144500Z,  Longest Subsea Cable Ever Deployed : 2Africa,http://www.oedigital.com/news/495831-longest-subsea-cable-ever-deployed-2africa-cable-lands-in-genoa,oedigital.com,Norway
581,2022-04,20220418T144500Z,States look to community colleges to fill labor gap,https://www.mdjonline.com/tribune/lifestyles/states-look-to-community-colleges-to-fill-labor-gap/article_bc1021e8-acee-5a21-bf0d-4df681ae9960.html,mdjonline.com,United States
582,2022-04,20220418T144500Z,"Colorado Company , netRelevance , Helps Bring Modern Network Speeds to Companies Amidst COVID - 19 Changes",https://www.prnewswire.com/news-releases/colorado-company-netrelevance-helps-bring-modern-network-speeds-to-companies-amidst-covid-19-changes-301526525.html,prnewswire.com,United States
583,2022-04,20220418T153000Z,10 Best Stocks to Buy According to Billionaire Prem Watsa,https://www.insidermonkey.com/blog/10-best-stocks-to-buy-according-to-billionaire-prem-watsa-1038297/,insidermonkey.com,United States
584,2022-04,20220418T153000Z,5 Best Stocks to Buy According to Billionaire Prem Watsa,https://www.insidermonkey.com/blog/5-best-stocks-to-buy-according-to-billionaire-prem-watsa-1038313/,insidermonkey.com,United States
585,2022-04,20220418T153000Z,OneDigital Hires Marcia Calleja - Matsko as Chief Information Officer - Press Release,https://www.wiredprnews.com/onedigital-hires-marcia-calleja-matsko-as-chief-information-officer-press-release/,wiredprnews.com,United States
586,2022-04,20220418T154500Z,"Singtel , Telkom to Build , Acquire SE Asia Data Centres",https://www.mingtiandi.com/real-estate/data-centres/singtel-telkom-to-build-acquire-se-asia-data-centres/,mingtiandi.com,China
587,2022-04,20220418T154500Z,"Google To Invest $9 . 5 Bln In U . S . Offices , Data Centers This Year",https://www.peacefmonline.com/pages/business/news/202204/464492.php,peacefmonline.com,Ghana
588,2022-04,20220418T163000Z,Microsoft shifts SONiC development to the Linux Foundation,https://www.networkworld.com/article/3657753/microsoft-shifts-sonic-development-to-the-linux-foundation.html,networkworld.com,United States
589,2022-04,20220418T183000Z,"One Controversial Loudoun Data Center Project Approved , Another Scaled Back After Opposition",https://www.bisnow.com/national/news/data-center/one-controversial-loudoun-data-center-project-approved-while-another-scales-back-after-opposition-112662,bisnow.com,United States
590,2022-04,20220418T183000Z,SFA Semicon net profit surges to $12 . 8 million on increased production,https://www.bworldonline.com/corporate/2022/04/19/442880/sfa-semicons-net-profit-surges-to-12-8-million-on-increased-production/,bworldonline.com,Philippines
591,2022-04,20220418T191500Z,WIN Technology : Expands broadband fiber network in Manitowoc,https://www.wisbusiness.com/2022/win-technology-expands-broadband-fiber-network-in-manitowoc/,wisbusiness.com,United States
592,2022-04,20220418T194500Z,"Globe names new CIO , CEO for new data center",https://www.philstar.com/business/2022/04/19/2175053/globe-names-new-cio-ceo-new-data-center,philstar.com,Philippines
593,2022-04,20220418T201500Z,Be future - ready and get the latest Nokia G50 5G thru Globe GPlan,https://www.ilonggotechblog.com/2022/04/get-the-latest-nokia-g50-5g-thru-globe-gplan.html,ilonggotechblog.com,Philippines
594,2022-04,20220418T210000Z,Drought has 2022 rainfall at Lafayette lowest in four decades,https://www.theadvertiser.com/story/news/local/2022/04/18/drought-has-2022-rainfall-lafayettes-lowest-four-decades/7323006001/,theadvertiser.com,United States
595,2022-04,20220418T214500Z,"Cybersecurity attack targets Unified Government of Wyandotte County , KCK",https://www.kmbc.com/article/cybersecurity-attack-targets-unified-government-of-wyandotte-county-kansas-city-kansas/39753928,kmbc.com,United States
596,2022-04,20220418T220000Z,Amazon projected to affect Culpeper rural landscape,https://www.insidenova.com/culpeper/amazon-projected-to-affect-culpepers-rural-landscape/article_fb8ed002-bf27-11ec-a810-ff57c7e725ec.html,insidenova.com,United States
597,2022-04,20220418T223000Z,"Data Center Construction Market Size , Share , Top Companies , New Technology , Demand and Forecast 2022 - 2027",https://www.newyorktelegraph.com/news/272493086/data-center-construction-market-size-share-top-companies-new-technology-demand-and-forecast-2022-2027,newyorktelegraph.com,United States
598,2022-04,20220418T223000Z,"Electric Toothbrush Market Size , Share , Top Companies , New Technology , Demand and Forecast 2022 - 2027",https://www.newyorktelegraph.com/news/272493087/electric-toothbrush-market-size-share-top-companies-new-technology-demand-and-forecast-2022-2027,newyorktelegraph.com,United States
599,2022-04,20220418T223000Z,How to deploy Mattermost to your data center in minutes,https://www.techrepublic.com/article/deploy-mattermost-data-center-minutes/,techrepublic.com,United States
600,2022-04,20220418T233000Z,Improving Application Environments in the Cloud,http://www.networkcomputing.com/cloud-infrastructure/improving-application-environments-cloud,networkcomputing.com,United States
601,2022-05,20220504T011500Z,"Aktion Associates , Inc ., Hires Manager to Lead Multi - Industry Division Sales",http://www.itnewsonline.com/PRNewswire/Aktion-Associates-Inc.-Hires-Manager-to-Lead-Multi-Industry-Division-Sales/837995,itnewsonline.com,United States
602,2022-05,20220504T011500Z,AMD Earnings Beat Expectations . The Stock is Rising . ,https://www.marketwatch.com/articles/amd-stock-price-earnings-51651595614,marketwatch.com,United States
603,2022-05,20220504T020000Z,"Supercharged IT , superclouds , and superpowered healthcare - what they can deliver",https://medcitynews.com/2022/05/supercharged-it-superclouds-and-superpowered-healthcare-what-they-can-deliver/,medcitynews.com,United States
604,2022-05,20220504T023000Z,Viavi Solutions ( VIAV ) Q3 2022 Earnings Call Transcript,https://www.fool.com/earnings/call-transcripts/2022/05/03/viavi-solutions-viav-q3-2022-earnings-call-transcr/?source=iedfolrf0000001,fool.com,United States
605,2022-05,20220504T030000Z,AMD says it made strong start toward 2025 energy target,https://www.theregister.com/2022/05/04/amd_power_goal/,theregister.com,
606,2022-05,20220504T033000Z,BNP Paribas SA ( BNPQF ) CEO Jean - Laurent Bonnafé on Q1 2022 Results - Earnings Call Transcript,https://seekingalpha.com/article/4506552-bnp-paribas-sas-bnpqf-ceo-jean-laurent-bonnafe-on-q1-2022-results-earnings-call-transcript,seekingalpha.com,United States
607,2022-05,20220504T040000Z,Lawmakers react after leaked Supreme Court draft opinion on Roe v . Wade,https://www.mcalesternews.com/news/local_news/lawmakers-react-after-leaked-supreme-court-draft-opinion-on-roe-v-wade/article_c6f0f142-8e31-5d9f-8828-1371f0271216.html,mcalesternews.com,United States
608,2022-05,20220504T043000Z,Skyworks Solutions ( SWKS ) Q2 2022 Earnings Call Transcript,https://www.fool.com/earnings/call-transcripts/2022/05/04/skyworks-solutions-swks-q2-2022-earnings-call-tran/?source=iedfolrf0000001,fool.com,United States
609,2022-05,20220504T050000Z,Regulations eased to boost property market -- China Economic Net,HTTP://en.ce.cn/main/latest/202205/04/t20220504_37550348.shtml,en.ce.cn,China
610,2022-05,20220504T051500Z,"AMD grows its revenue by 71 %, brushing aside concerns of a semiconductor slowdown",https://siliconangle.com/2022/05/03/amd-grows-revenue-71-brushing-aside-concerns-semiconductor-slowdown/,siliconangle.com,United States
611,2022-05,20220504T054500Z,Arcadis N . V .: Arcadis Trading Update Q1 2022,https://www.finanznachrichten.de/nachrichten-2022-05/55949562-arcadis-n-v-arcadis-trading-update-q1-2022-399.htm,finanznachrichten.de,Germany
612,2022-05,20220504T060000Z,"VPN Companies In India To Collect , Store User Data For Minimum 5 Years",https://www.gizchina.com/2022/05/04/vpn-companies-in-india-to-collect-store-user-data-for-minimum-5-years/,gizchina.com,China
613,2022-05,20220504T071500Z,Bitcoin Mining Stocks Have Been Slammed . The EPA Could Make It Worse . ,https://www.marketwatch.com/articles/bitcoin-mining-stocks-epa-regulation-51651610725,marketwatch.com,United States
614,2022-05,20220504T073000Z,Arcadis Trading Update Q1 2022,https://www.globenewswire.com/news-release/2022/05/04/2435216/0/en/Arcadis-Trading-Update-Q1-2022.html,globenewswire.com,United States
615,2022-05,20220504T074500Z,Regulations eased to boost Hong Kong property market,https://www.thestar.com.my/aseanplus/aseanplus-news/2022/05/04/regulations-eased-to-boost-hong-kong-property-market,thestar.com.my,Malaysia
616,2022-05,20220504T083000Z,"Nokia deploys data center edge routers to support team . blue Denmark rapid hosting and cloud services growth , Digital Platforms & Services",https://www.telecomtv.com/content/digital-platforms-services/nokia-deploys-data-center-edge-routers-to-support-team-blue-denmark-s-rapid-hosting-and-cloud-services-growth-44344/,telecomtv.com,United Kingdom
617,2022-05,20220504T084500Z,ECOWAS praises the opening of Togo Police Information Center,https://icilome.com/2022/05/ecowas-praises-the-opening-of-togos-police-information-center/,icilome.com,Togo
618,2022-05,20220504T103000Z,AMD : On Track to Improve Accelerated Datacenter Efficiency by 30x by 2025,https://www.tomshardware.com/news/amd-on-track-with-30x25-initiative,tomshardware.com,United States
619,2022-05,20220504T114500Z,Is It Time to Buy the S & P 500 3 Worst - Performing April Stocks ? ,https://www.fool.com/investing/2022/05/04/time-buy-sp-500-worst-performing-april-stocks/,fool.com,United States
620,2022-05,20220504T114500Z,N - able Cove Data Protection provides cloud - first backup and disaster recovery for businesses,https://www.helpnetsecurity.com/2022/05/04/n-able-cove-data-protection/,helpnetsecurity.com,
621,2022-05,20220504T114500Z,Lumentum Announces Fiscal Third Quarter 2022 Financial Results,https://www.prnewswire.com:443/news-releases/lumentum-announces-fiscal-third-quarter-2022-financial-results-301539280.html,prnewswire.com,United States
622,2022-05,20220504T120000Z,Editorial Roundup : Pennsylvania,https://www.thedailyreview.com/news/national/editorial-roundup-pennsylvania/article_6d66873d-21b1-54b9-9209-4dc233693a57.html,thedailyreview.com,United States
623,2022-05,20220504T123000Z,"Stocks Making the Biggest Moves Premarket : Uber , Brinker , Generac and More",https://www.nbcdfw.com/news/business/money-report/stocks-making-the-biggest-moves-premarket-uber-brinker-generac-and-more/2958160/,nbcdfw.com,United States
624,2022-05,20220504T123000Z,Futures Rise Ahead Of Biggest Fed Rate Hike Since The Dot Com Bubble Burst,https://www.zerohedge.com/markets/futures-rise-ahead-biggest-fed-rate-hike-dot-com-bubble-burst,zerohedge.com,United States
625,2022-05,20220504T124500Z,Adani airport business becomes the second - largest revenue generator for the group,https://www.thehindubusinessline.com/companies/adanis-airport-business-becomes-the-second-largest-revenue-generator-for-the-group/article65381487.ece,thehindubusinessline.com,India
626,2022-05,20220504T124500Z,Opus Interactive Announces  This Is How You Cloud  Marketing Campaign,https://www.wfmz.com/news/pr_newswire/pr_newswire_technology/opus-interactive-announces-this-is-how-you-cloud-marketing-campaign/article_b4a4d4e2-d538-5295-af40-f50a0ed5b759.html,wfmz.com,United States
627,2022-05,20220504T130000Z,AES Expands Renewable Energy Agreement with Microsoft to California Data Centers,https://finance.yahoo.com/news/aes-expands-renewable-energy-agreement-115800312.html,finance.yahoo.com,United States
628,2022-05,20220504T131500Z,"Intel Recovery Hits a Speed Bump , but It Too Early to Hit the Panic Button",https://www.fool.com/investing/2022/05/04/intels-recovery-hits-a-speed-bump-but-its-too-earl/,fool.com,United States
629,2022-05,20220504T131500Z,Robots Are The Key To Advancing Artificial Intelligence,https://www.forbes.com/sites/forbestechcouncil/2022/05/04/robots-are-the-key-to-advancing-artificial-intelligence/,forbes.com,United States
630,2022-05,20220504T134500Z,12 Best American Stocks To Buy in 2022 - Insider Monkey,https://www.insidermonkey.com/blog/12-best-american-stocks-to-buy-in-2022-1040498/,insidermonkey.com,United States
631,2022-05,20220504T140000Z,Situation Publishing Hires Tobias Mann as Systems Editor at The Register,https://www.prweb.com/releases/2022/5/prweb18658134.htm,prweb.com,United States
632,2022-05,20220504T141500Z,"International Money Express , Inc . Reports Strong First - Quarter Results",https://apnews.com/press-release/globe-newswire/technology-business-de50e0cbd17a5bc10471e8c034824050,apnews.com,United States
633,2022-05,20220504T141500Z,Advice for renting out your home during NFL Draft,https://www.kshb.com/news/local-news/kc-on-the-clock/experts-give-advice-for-renting-out-your-home-during-nfl-draft-in-kansas-city,kshb.com,United States
634,2022-05,20220504T141500Z,"High Availability Server Market Statistics , Growth , Trends and Will Generate New Growth Opportunities Status 2029",https://www.newyorktelegraph.com/news/272539421/high-availability-server-market-statistics-growth-trends-and-will-generate-new-growth-opportunities-status-2029,newyorktelegraph.com,United States
635,2022-05,20220504T143000Z,JLL names new CFO for Work Dynamics in the Americas – REJournals,https://rejournals.com/jll-names-new-cfo-for-work-dynamics-in-the-americas/,rejournals.com,United States
636,2022-05,20220504T144500Z,Panama to host data center for EU space program,https://newsroompanama.com/news/panama-to-host-data-center-for-eu-space-program,newsroompanama.com,Panama
637,2022-05,20220504T144500Z,"United States Data Center Power Market Outlook & Forecast Report 2022 - 2027 Featuring Leading Players - ABB , Eaton , Legrand , Schneider Electric , and Vertiv - ResearchAndMarkets . com",https://www.businesswire.com/news/home/20220504005747/en/United-States-Data-Center-Power-Market-Outlook-Forecast-Report-2022-2027-Featuring-Leading-Players---ABB-Eaton-Legrand-Schneider-Electric-and-Vertiv---ResearchAndMarkets.com,businesswire.com,United States
638,2022-05,20220504T144500Z,OUR VIEW : Port looks to city future,https://www.muskogeephoenix.com/opinion/editorials/our-view-port-looks-to-citys-future/article_d2b133a8-9366-557e-b6fb-43cc98e29b8d.html,muskogeephoenix.com,United States
639,2022-05,20220504T150000Z,"Nasdaq , S & P 500 slide ahead of Fed decision","https://www.streetinsider.com/Market+Check/Nasdaq,+S&P+500+slide+ahead+of+Fed+decision/20014394.html",streetinsider.com,United States
640,2022-05,20220504T153000Z,"AMD Crushed It , Lisa Su Crushed It : Here How to Trade It",https://realmoney.thestreet.com/investing/amd-crushed-it-lisa-su-crushed-it-here-s-how-to-trade-it-15988078,realmoney.thestreet.com,United States
641,2022-05,20220504T153000Z,"Wall St update : Nasdaq , S & P 500 slide ahead of Fed decision",https://www.businesstoday.in/markets/global-markets/story/wall-st-update-nasdaq-sp-500-slide-ahead-of-fed-decision-332351-2022-05-04,businesstoday.in,India
642,2022-05,20220504T153000Z,AVTECH Named A  Best Place To Work  For Second Year In A Row By Providence Business News,https://www.digitaljournal.com/pr/avtech-named-a-best-place-to-work-for-second-year-in-a-row-by-providence-business-news,digitaljournal.com,United States
643,2022-05,20220504T160000Z,Johnson Controls Stock Price Today | JCI Live Ticker,https://www.investing.com/equities/johnson-controls,investing.com,United States
644,2022-05,20220504T160000Z,$10 billion of subsea cables to enter service in next two years,https://www.totaltele.com/513159/10-billion-of-subsea-cables-to-enter-service-in-next-two-years,totaltele.com,United Kingdom
645,2022-05,20220504T163000Z,Live Nation Concert Week 2022 | Country 92 - 5,https://country925.iheart.com/promotions/live-nation-concert-week-2022-1232626/,country925.iheart.com,United States
646,2022-05,20220504T163000Z,Eurobites : BT takes a chance on Amazon cloud,https://www.lightreading.com/service-provider-cloud/eurobites-bt-takes-chance-on-amazons-cloud/d/d-id/777248,lightreading.com,United States
647,2022-05,20220504T164500Z,Datacenters in Ireland draw more power than all rural homes,https://www.theregister.com/2022/05/04/datacenters_in_ireland_energy_draw/,theregister.com,
648,2022-05,20220504T170000Z,"Dell Technologies World 2022 : Liqid , Samsung , and Tanzanite Silicon Solutions Deliver CXL Orchestration with Composable Memory Demo",http://ein.iconnect007.com/index.php/article/131865/dell-technologies-world-2022-liqid-samsung-and-tanzanite-silicon-solutions-deliver-cxl-orchestration-with-composable-memory-demo/131868/,ein.iconnect007.com,United States
649,2022-05,20220504T170000Z,VueNow conducts ground blessing ceremony on data center site in Hamirpur,https://www.datacenterdynamics.com/en/news/vuenow-conducts-ground-blessing-ceremony-on-data-center-site-in-hamirpur/,datacenterdynamics.com,United States
650,2022-05,20220504T174500Z,Brookfield Infrastructure Partners L . P . ( BIP ) CEO Sam Pollock on Q1 2022 Results - Earnings Call Transcript,https://seekingalpha.com/article/4506819-brookfield-infrastructure-partners-l-p-bip-ceo-sam-pollock-on-q1-2022-results-earnings-call,seekingalpha.com,United States
651,2022-05,20220504T174500Z,"Dell Has  The World Best Supply Chain , Top Execs Say",https://www.crn.com/news/data-center/dell-has-the-world-s-best-supply-chain-top-execs-say,crn.com,United States
652,2022-05,20220504T184500Z,Colleges where acceptance rates have decreased the most since 2001,https://tulsaworld.com/news/colleges-where-acceptance-rates-have-decreased-the-most-since-2001/collection_6a796ea6-b29a-5a0a-9bf1-e94ec44f31d9.html,tulsaworld.com,United States
653,2022-05,20220504T184500Z,Telecom Italia Earnings Decline on Stiff Domestic Competition,https://www.bnnbloomberg.ca/telecom-italia-earnings-decline-on-stiff-domestic-competition-1.1761119,bnnbloomberg.ca,Canada
654,2022-05,20220504T190000Z,Nvidia Stock : Headwinds Priced In - Buy On Weakness ( NASDAQ : NVDA ) ,https://seekingalpha.com/article/4506831-nvidia-headwinds-priced-in-buy-on-weakness,seekingalpha.com,United States
655,2022-05,20220504T204500Z,Google Announces $75M Oklahoma Investment At Mayes County Data Center,http://www.thebulltulsa.com/story/6272d8335c64ff762028a301/google-announces-75m-oklahoma-investment-at-mayes-county-data-center,thebulltulsa.com,
656,2022-05,20220504T210000Z,News On 6,http://www.newson6.com/story/62729d2d908fb40944d22d25/google-expected-to-announce-another-investment-into-mayes-county-data-center,newson6.com,United States
657,2022-05,20220504T211500Z,Bitcoin Miner Marathon Posts Loss After Impairment Charge,https://www.bnnbloomberg.ca/bitcoin-miner-marathon-posts-loss-after-impairment-charge-1.1761213,bnnbloomberg.ca,Canada
658,2022-05,20220504T211500Z,Hillstone Networks Expands Its Security Portfolio With CloudArmour,https://www.forbes.com/sites/moorinsights/2022/05/04/hillstone-networks-expands-its-security-portfolio-with-cloudarmour/,forbes.com,United States
659,2022-05,20220504T220000Z,The Semiconductor Bust . Still Coming ? ,https://asianometry.substack.com/p/the-semiconductor-bust-still-coming,asianometry.substack.com,
660,2022-05,20220504T220000Z,Charleston - area tech firm buys Florida cloud services provider,https://www.postandcourier.com/business/charleston-area-tech-firm-buys-florida-cloud-services-provider/article_ba633642-cb23-11ec-83aa-23503e8bdc5a.html,postandcourier.com,United States
661,2022-05,20220504T221500Z,Newsquawk US Market Wrap : SPX posts largest gain since May 2020 after Powell refutes 75bp move,https://www.zerohedge.com/markets/newsquawk-us-market-wrap-spx-posts-largest-gain-may-2020-after-powell-refutes-75bp-move,zerohedge.com,United States
662,2022-05,20220507T000000Z,BXH Appointed New Head of Risk Management and Security,https://www.globenewswire.com/news-release/2022/05/06/2438096/0/en/BXH-Appointed-New-Head-of-Risk-Management-and-Security.html,globenewswire.com,United States
663,2022-05,20220507T001500Z,South Sudan kicks off plans to nationalize oil industry,https://www.africaleader.com/news/272542086/south-sudan-kicks-off-plans-to-nationalize-oil-industry,africaleader.com,South Africa
664,2022-05,20220507T053000Z,Amazon seeks tax breaks for 5 new data centers in Morrow County,https://www.lagrandeobserver.com/business/amazon-seeks-tax-breaks-for-5-new-data-centers-in-morrow-county/article_45492a6a-56cd-5e49-8324-aa9f2f0d5086.html,lagrandeobserver.com,United States
665,2022-05,20220507T064500Z,Moving to S / 4HANA ? Why you should rethink your integration,https://bitpipe.computerweekly.com/detail/RES/1651683664_573.html,bitpipe.computerweekly.com,United Kingdom
666,2022-05,20220507T080000Z,The right attitude,https://www.datacenterdynamics.com/en/opinions/the-right-attitude/,datacenterdynamics.com,United States
667,2022-05,20220507T083000Z,"Fire in LIC suburban office , critical IT assets safe , no casualties ( Ld ) ",https://www.prokerala.com/news/articles/a1275639.html,prokerala.com,India
668,2022-05,20220507T094500Z,Fire breaks out at LIC building in suburban Mumbai,https://www.thehindu.com/business/fire-breaks-out-at-lic-building-in-suburban-mumbai/article65391150.ece,thehindu.com,India
669,2022-05,20220507T110000Z,Why a Successful Microsoft Is Good for All Investors -- Even If They Dont Own the Stock,https://www.fool.com/investing/2022/05/07/why-a-successful-microsoft-is-good-for-all-investo/,fool.com,United States
670,2022-05,20220507T114500Z,3 Monster Dividend Stocks That Can Outlast a Prolonged Bear Market,https://www.fool.com/investing/2022/05/07/3-dividend-stocks-that-can-outlast-a-prolonged-bea/?source=iedfolrf0000001,fool.com,United States
671,2022-05,20220507T133000Z,Better Buy : AMD vs . Intel | The Motley Fool,https://www.fool.com/investing/2022/05/07/better-buy-amd-vs-intel/?source=iedfolrf0000001,fool.com,United States
672,2022-05,20220507T134500Z,Micron : Outstanding Opportunity For A Data - Centric Inflationary Future ( NASDAQ : MU ) ,https://seekingalpha.com/article/4508388-micron-outstanding-opportunity-for-data-centric-inflationary-future,seekingalpha.com,United States
673,2022-05,20220507T134500Z,Backblaze Inc . ( BLZE ) CEO Gleb Budman on Q1 2022 Results - Earnings Call Transcript,https://seekingalpha.com/article/4508397-backblaze-inc-blze-ceo-gleb-budman-on-q1-2022-results-earnings-call-transcript,seekingalpha.com,United States
674,2022-05,20220507T154500Z,RISC - V CEO : Winning over giants like Intel key to growth,https://www.theregister.com/2022/05/07/riscv_ceo_seeks_world_domination/,theregister.com,
675,2022-05,20220507T170000Z,Tale of the tape,https://www.philstar.com/business/2022/05/08/2179457/tale-tape,philstar.com,Philippines
676,2022-05,20220507T190000Z,Dealmaking at Sovereign Wealth Funds Grows Despite Macro and Geopolitical Risks,https://www.swfinstitute.org/news/92480/dealmaking-at-sovereign-wealth-funds-grows-despite-macro-and-geopolitical-risks,swfinstitute.org,United States
677,2022-05,20220507T193000Z,"Casa Systems , Inc . ( CASA ) CEO Jerry Guo on Q1 2022 Results - Earnings Call Transcript",https://seekingalpha.com/article/4508481-casa-systems-inc-casa-ceo-jerry-guo-on-q1-2022-results-earnings-call-transcript,seekingalpha.com,United States
678,2022-05,20220507T200000Z,"Liberty Latin America ( NASDAQ : LILA ) Posts Earnings Results , Beats Estimates By $0 . 24 EPS",https://www.etfdailynews.com/2022/05/07/liberty-latin-america-nasdaqlila-posts-earnings-results-beats-estimates-by-0-24-eps/,etfdailynews.com,United States
679,2022-05,20220507T203000Z,Vantage and McLaren MX Extreme E Team launches Mother Day Campaign featuring McLaren first female driver - PRN India News,https://news.webindia123.com/news/press_showdetailsPR.asp?id=1252036&cat=PR%20News%20Wire,news.webindia123.com,India
680,2022-05,20220507T233000Z,Truly Secure : Keeping cyberattacks at bay for enterprises in the region,https://www.khaleejtimes.com/tech/truly-secure-keeping-cyberattacks-at-bay-for-enterprises-in-the-region,khaleejtimes.com,United Arab Emirates
681,2022-05,20220508T011500Z,Bitcoin cryptocurrency mining facility debuts in West Texas,https://www.lubbockonline.com/story/business/2022/05/07/bitcoin-cryptocurrency-mining-facility-debuts-west-texas/7401720001/,lubbockonline.com,United States
682,2022-05,20220508T013000Z,Neighbors sue Culpeper supervisors over data - centers rezoning,https://fredericksburg.com/news/local/govt-and-politics/neighbors-sue-culpeper-supervisors-over-data-centers-rezoning/article_f8fd1803-27ca-5370-9ada-d743de03ad73.html,fredericksburg.com,United States
683,2022-05,20220508T013000Z,How US tech is using a data center pact to lobby Brussels,https://www.politico.eu/article/us-tech-climate-neutral-data-center-pact-eu-lobbying-carbon-footprint-environment/,politico.eu,United States
684,2022-05,20220508T031500Z,VNET Group ( NASDAQ : VNET ) vs . Similarweb ( NYSE : SMWB ) Financial Survey,https://www.etfdailynews.com/2022/05/08/vnet-group-nasdaqvnet-vs-similarweb-nysesmwb-financial-survey/,etfdailynews.com,United States
685,2022-05,20220508T050000Z,Why a New York Bill Barring New Crypto Mines Would Be Bad for Business,https://finance.yahoo.com/news/why-york-bill-barring-crypto-223707843.html,finance.yahoo.com,United States
686,2022-05,20220508T054500Z,Truly Secure : Keeping Cyberattacks At Bay For Enterprises In ... ,https://menafn.com/1104175833/Truly-Secure-Keeping-Cyberattacks-At-Bay-For-Enterprises-In-The-Region&source=19,menafn.com,Qatar
687,2022-05,20220508T071500Z,Data sovereignty : The move toward localization,https://www.techradar.com/features/data-sovereignty-the-move-toward-localization,techradar.com,United Kingdom
688,2022-05,20220508T080000Z,SPX Corporation ( SPXC ) CEO Gene Lowe on Q1 2022 Results - Earnings Call Transcript,https://seekingalpha.com/article/4508630-spx-corporation-spxc-ceo-gene-lowe-on-q1-2022-results-earnings-call-transcript,seekingalpha.com,United States
689,2022-05,20220508T094500Z,"GSI Technology , Inc . ( GSIT ) CEO Lee - Lean Shu on Q4 2022 Results - Earnings Call Transcript",https://seekingalpha.com/article/4508683-gsi-technology-inc-gsit-ceo-lee-lean-shu-on-q4-2022-results-earnings-call-transcript,seekingalpha.com,United States
690,2022-05,20220508T094500Z,The growing threat of cyber - fraud,https://tribune.com.pk/story/2355657/the-growing-threat-of-cyber-fraud,tribune.com.pk,Pakistan
691,2022-05,20220508T101500Z,Telrad Networks sold for NIS 199m five years after IPO,https://en.globes.co.il/en/article-Telrad-Networks-sold-for-NIS-199m-five-years-after-IPO-1001411195,en.globes.co.il,Israel
692,2022-05,20220508T101500Z,Telecom Italia SpA ( TIIAY ) CEO Pietro Labriola on Q1 2022 Results - Earnings Call Transcript,https://seekingalpha.com/article/4508708-telecom-italia-spa-tiiay-ceo-pietro-labriola-on-q1-2022-results-earnings-call-transcript,seekingalpha.com,United States
693,2022-05,20220508T111500Z,Digi International Inc . ( DGII ) CEO Ron Konezny on Q2 2022 Results - Earnings Call Transcript,https://seekingalpha.com/article/4508719-digi-international-inc-dgii-ceo-ron-konezny-on-q2-2022-results-earnings-call-transcript,seekingalpha.com,United States
694,2022-05,20220508T154500Z,How the Cloud Can Reduce Emissions in the Financial Services Industry,https://www.webpronews.com/how-the-cloud-can-reduce-emissions-in-the-financial-services-industry/,webpronews.com,United States
695,2022-05,20220508T163000Z,Captain Future Professor Simon Wright - In your Raspberry Pi | by dck,https://dck-one.medium.com/professor-simon-wright-726a7003b226,dck-one.medium.com,United States
696,2022-05,20220508T170000Z,How Western Digital Rose 6 . 9 % During a Terrible April for the Markets,https://www.fool.com/investing/2022/05/08/how-western-digital-rose-69-during-terrible-april/?source=iedfolrf0000001,fool.com,United States
697,2022-05,20220508T174500Z,"TTM Technologies , Inc . ( TTMI ) CEO Tom Edman on Q1 2022 Results - Earnings Call Transcript",https://seekingalpha.com/article/4508833-ttm-technologies-inc-s-ttmi-ceo-tom-edman-on-q1-2022-results-earnings-call-transcript,seekingalpha.com,United States
698,2022-05,20220508T193000Z,Africa Lags behind the Rest of the World in Internet Adoption,https://www.africa.com/africa-lags-behind-the-rest-of-the-world-in-internet-adoption/,africa.com,South Africa
699,2022-05,20220508T220000Z,Peru Data Center Market to Hit $179 Million by 2027 . Green,https://www.globenewswire.com/en/news-release/2022/04/27/2430712/0/en/Peru-Data-Center-Market-to-Hit-179-Million-by-2027-Green-Field-Construction-to-Drive-the-Market-Arizton.html,globenewswire.com,United States
700,2022-05,20220516T020000Z,Micron Stock : PC And Mobile Headwinds Could Cause More Pain ( NASDAQ : MU ) ,https://seekingalpha.com/article/4511852-micron-stock-pc-mobile-headwinds-could-cause-more-pain,seekingalpha.com,United States
701,2022-05,20220516T024500Z,Intel partners with Scale Computing,https://www.crn.com.au/news/intel-partners-with-scale-computing-580017,crn.com.au,Australia
702,2022-05,20220516T031500Z,"Sunday Talks , Bartiromo Interviews Nunes and Patel About Musk and Twitter",https://theconservativetreehouse.com/blog/2022/05/15/sunday-talks-bartiromo-interviews-nunes-and-patel-about-musk-and-twitter/,theconservativetreehouse.com,United States
703,2022-05,20220516T054500Z,Companies Join to Create First Mass Manufacturing of Sodium - ion Batteries,https://www.thomasnet.com/insights/companies-join-to-create-first-mass-manufacturing-of-sodium-ion-batteries/,thomasnet.com,United States
704,2022-05,20220516T070000Z,Operational Technology Security Market Report With Executive ... ,https://menafn.com/1104217543/Operational-Technology-Security-Market-Report-With-Executive-Summary-Size-Analysis-And-Forecast-To-2022-2031,menafn.com,Qatar
705,2022-05,20220516T080000Z,"Gautam Adani , Asia richest man , forges $10 . 5 billion deal with Holcim",https://gulfnews.com/business/gautam-adani-asias-richest-man-forges-105-billion-deal-with-holcim-1.87894359,gulfnews.com,United Arab Emirates
706,2022-05,20220516T081500Z,"Microland Foundation Renovates and Modernizes the Out - Patient Department of Government Lawley Hospital , Coonoor",https://www.bignewsnetwork.com/news/272552787/microland-foundation-renovates-and-modernizes-the-out-patient-department-of-government-lawley-hospital-coonoor,bignewsnetwork.com,United States
707,2022-05,20220516T091500Z,POET loss rises in Q1 as product development and introduction programs expand,http://www.semiconductor-today.com/news_items/2022/may/poet-160522.shtml,semiconductor-today.com,United States
708,2022-05,20220516T093000Z,"AirTrunk announces second hyperscale campus in Tokyo , Japan",https://www.datacenterdynamics.com/en/news/airtrunk-announces-second-hyperscale-campus-in-tokyo-japan/,datacenterdynamics.com,United States
709,2022-05,20220516T094500Z,The Next Wave : Should Africa be worried about Chinese tech dominance ? ,https://techcabal.com/2022/05/16/the-next-wave-should-africa-be-worried-about-chinese-tech-dominance/,techcabal.com,Nigeria
710,2022-05,20220516T094500Z,We need long term energy storage ! ,https://www.datacenterdynamics.com/en/opinions/we-need-long-term-energy-storage/,datacenterdynamics.com,United States
711,2022-05,20220516T100000Z,SML Launches Its First RFID Technology Center In Hong Kong,https://www.datacollectiononline.com/doc/sml-launches-its-first-rfid-technology-center-in-hong-kong-0001,datacollectiononline.com,United States
712,2022-05,20220516T104500Z,Contrasting CTO Realty Growth ( NYSE : CTO ) and Iron Mountain ( NYSE : IRM ) ,https://www.etfdailynews.com/2022/05/16/contrasting-cto-realty-growth-nysecto-and-iron-mountain-nyseirm/,etfdailynews.com,United States
713,2022-05,20220516T110000Z,Habana Labs AI Deep Learning 2nd Gen processors,https://www.geeky-gadgets.com/ai-deep-learning-16-05-2022/,geeky-gadgets.com,United Kingdom
714,2022-05,20220516T120000Z,Bitech Technologies Provides Quarterly Shareholder Update with Growth Plan – Padovanews,http://www.padovanews.it/2022/05/16/bitech-technologies-provides-quarterly-shareholder-update-with-growth-plan/,padovanews.it,Italy
715,2022-05,20220516T120000Z,"Baidu releases 2021 ESG Report , pledging efforts towards a greener future",https://www.geospatialworld.net/news/baidu-releases-2021-esg-report-pledging-efforts-towards-a-greener-future/,geospatialworld.net,United States
716,2022-05,20220516T121500Z,How CXL may change the datacenter as we know it,https://www.theregister.com/2022/05/16/cxl_datacenter_memory/,theregister.com,
717,2022-05,20220516T131500Z,"Blaize and Innovatrics Provide Edge Ready , Low Power , Low Latency Facial Recognition Technology ! ",https://apnews.com/press-release/business-wire/technology-biometrics-2d73e50808434105a3414c36c87713b0,apnews.com,United States
718,2022-05,20220516T131500Z,Bluehost vs Hostinger : Which web host do experts recommend ? ,https://www.techradar.com/uk/versus/bluehost-vs-hostinger-which-web-host-do-experts-recommend,techradar.com,United Kingdom
719,2022-05,20220516T133000Z,3 REITs to Buy to Increase Your Global Exposure,https://www.fool.com/investing/2022/05/16/3-reits-to-buy-to-increase-your-global-exposure/,fool.com,United States
720,2022-05,20220516T133000Z,CITIC Telecom CPC launches  SmartCLOUD Container Service  to Empower Businesses for Application Development,https://www.jcnnewswire.com/pressrelease/75230/2/CITIC-Telecom-CPC-launches-SmartCLOUD-Container-Service-to-Empower-Businesses-for-Application-Develo,jcnnewswire.com,Japan
721,2022-05,20220516T134500Z,Report : New York Internet to take over space at 60 Hudson vacated by Equinix,https://www.datacenterdynamics.com/en/news/report-new-york-internet-to-take-over-space-at-60-hudson-vacated-by-equinix/,datacenterdynamics.com,United States
722,2022-05,20220516T134500Z,"Liberty Latin America Ltd . ( NASDAQ : LILAK ) Major Shareholder John C . Malone Purchases 567 , 151 Shares",https://www.etfdailynews.com/2022/05/16/liberty-latin-america-ltd-nasdaqlilak-major-shareholder-john-c-malone-purchases-567151-shares/,etfdailynews.com,United States
723,2022-05,20220516T134500Z,Stocks on Sale : Is AMD a Buy ? | The Motley Fool,https://www.fool.com/investing/2022/05/16/stocks-on-sale-is-amd-a-buy/?source=iedfolrf0000001,fool.com,United States
724,2022-05,20220516T134500Z,Global Telecom Power System Market Report 2022 : Increasing,https://www.globenewswire.com/news-release/2022/05/16/2443498/0/en/Global-Telecom-Power-System-Market-Report-2022-Increasing-Number-of-Telecom-Infrastructures-in-Remote-Areas-to-Create-Growth-Opportunities-for-Market-Forecasts-to-2027.html,globenewswire.com,United States
725,2022-05,20220516T134500Z,"OffsiteDataSync Introduces Recovery from Any Cloud , Any Platform for Veeam via BaaS and DRaaS",https://www.prweb.com/releases/offsitedatasync_introduces_recovery_from_any_cloud_any_platform_for_veeam_via_baas_and_draas/prweb18680246.htm,prweb.com,United States
726,2022-05,20220516T134500Z,Wanclouds Debuts VPC+ DRaaS with IBM Cloud Satellite Functionality at KubeCon + CloudNativeCon Europe 2022,https://www.prweb.com/releases/wanclouds_debuts_vpc_draas_with_ibm_cloud_satellite_functionality_at_kubecon_cloudnativecon_europe_2022/prweb18680301.htm,prweb.com,United States
727,2022-05,20220516T141500Z,Constellation Energy Corporation ( CEG ) Q1 2022 Earnings Call Transcript,https://www.fool.com/earnings/call-transcripts/2022/05/12/constellation-energy-corporation-ceg-q1-2022-earni/,fool.com,United States
728,2022-05,20220516T144500Z,"GitHub - PacktPublishing / Linux - for - Networking - Professionals : Linux for Networking Professionals , published by Packt",https://github.com/PacktPublishing/Linux-for-Networking-Professionals,github.com,United States
729,2022-05,20220516T144500Z,In - memory Data Grid Market Size to Grow by USD 1 . 51 Billion | Growth of Big Data to Drive Growth,https://www.prnewswire.com:443/news-releases/in-memory-data-grid-market-size-to-grow-by-usd-1-51-billion--growth-of-big-data-to-drive-growth-technavio-301547058.html,prnewswire.com,United States
730,2022-05,20220516T151500Z,Earthquakes shake Coachella Valley during lunar eclipse,https://www.desertsun.com/story/news/2022/05/16/earthquakes-shake-coachella-valley-during-lunar-eclipse/9790003002/,desertsun.com,United States
731,2022-05,20220516T153000Z,Schneider Electric Ranked 20th in the World Top 100 for Gender Equality by Equileap,https://apnews.com/press-release/business-wire/technology-fa5a6bc7cfe94c0ab70332a41ba59a67,apnews.com,United States
732,2022-05,20220516T153000Z,Red Hat CEO :  Open Hybrid Cloud Will Be Defined By Hardware Innovation At The Edge  ,https://www.crn.com/news/cloud/red-hat-ceo-open-hybrid-cloud-will-be-defined-by-hardware-innovation-at-the-edge-,crn.com,United States
733,2022-05,20220516T154500Z,How chip architectures are evolving to support embedded AI,https://electronics360.globalspec.com/article/18132/how-chip-architectures-are-evolving-to-support-embedded-ai,electronics360.globalspec.com,United States
734,2022-05,20220516T161500Z,Prince Mohammed Bin Salman City selects solutions by stc to implement Smart City strategy,https://www.arabnews.com/node/2083286,arabnews.com,Saudi Arabia
735,2022-05,20220516T170000Z,Orolia and Meta Collaborate On Accurate and Resilient Timing Network,https://insidegnss.com/orolia-and-meta-collaborate-on-accurate-and-resilient-timing-network/,insidegnss.com,United States
736,2022-05,20220516T174500Z,Monochrome Display Market Estimated To Garner USD 31 . 33 Bill ... ,https://menafn.com/1104222766/Monochrome-Display-Market-Estimated-To-Garner-USD-3133-Billion-By-2030-At-A-CAGR-Of-1251-Report-By-Market-Research-Future-MRFR,menafn.com,Qatar
737,2022-05,20220516T180000Z,"As Overdoses Sharply Increase , Spero Health Brings Lifesaving Addiction Treatment with Opening of Three New Clinics in Virginia",https://us.acrofan.com/detail.php?number=664531,us.acrofan.com,South Korea
738,2022-05,20220516T183000Z,Light Reading,https://www.lightreading.com/lg_redirect.asp?piddl_lgid_docid=777589&piddl_lg_pcode=wprightcolumn,lightreading.com,United States
739,2022-05,20220516T191500Z,Bitfarms Ltd . ( BITF ) CEO Emiliano Grodzki on Q1 2022 Results - Earnings Call Transcript,https://seekingalpha.com/article/4512163-bitfarms-ltd-bitf-ceo-emiliano-grodzki-on-q1-2022-results-earnings-call-transcript,seekingalpha.com,United States
740,2022-05,20220516T193000Z,Robust Technology Supports Higher Education Cybersecurity Training Programs,https://edtechmagazine.com/higher/article/2022/05/robust-technology-supports-higher-education-cybersecurity-training-programs,edtechmagazine.com,United States
741,2022-05,20220516T201500Z,"AAON , Inc . ( NASDAQ : AAON ) VP Rony D . Gadiwalla Sells 4 , 000 Shares",https://www.etfdailynews.com/2022/05/16/aaon-inc-nasdaqaaon-vp-rony-d-gadiwalla-sells-4000-shares/,etfdailynews.com,United States
742,2022-05,20220516T204500Z,AFCOM Potomac Launches Fifth Summer Internship Program,https://www.datacenterknowledge.com:443/data-center-jobs/afcom-potomac-launches-fifth-summer-internship-program,datacenterknowledge.com,United States
743,2022-05,20220516T204500Z,Red Hat Partnership With GM : From Edge to Data Center and Back Again,https://www.datacenterknowledge.com:443/edge-computing/red-hats-partnership-gm-edge-data-center-and-back-again,datacenterknowledge.com,United States
744,2022-05,20220516T204500Z,Greenidge Generation Reports First Quarter 2022 Results and Provides April 2022 Operational Update,https://www.prnewswire.com:443/news-releases/greenidge-generation-reports-first-quarter-2022-results-and-provides-april-2022-operational-update-301548129.html,prnewswire.com,United States
745,2022-05,20220516T210000Z,"Cloud Revenues Q1 , 2022 : Surfing an Ever Larger Wave",https://www.eweek.com/cloud/cloud-revenues-q1-2022/,eweek.com,United States
746,2022-05,20220516T213000Z,The Europe Hyperscale Data Center Market to Reach $36 . 5,https://www.globenewswire.com/news-release/2022/05/16/2444417/0/en/The-Europe-Hyperscale-Data-Center-Market-to-Reach-36-5-Billion-by-2027-Nordic-Region-to-Attract-Hyperscale-Investment-in-the-Next-3-Years-Arizton.html,globenewswire.com,United States
747,2022-05,20220516T220000Z,Twenty - Three Ingram Micro Executives Named to CRN 2022 Women of the Channel ; Three Celebrated on Power 100,https://apnews.com/press-release/business-wire/technology-ingram-micro-inc-9ed3b28fcac343859ec45df561f2276a,apnews.com,United States
748,2022-05,20220516T220000Z,Gilbert ranks No . 1 for office construction in U . S . ,https://azbigmedia.com/real-estate/gilbert-ranks-no-1-for-office-development-in-u-s/,azbigmedia.com,United States
749,2022-05,20220516T223000Z,"STRONGHOLD DIGITAL MINING , INC . Management Discussion and Analysis of Financial Condition and Results of Operations ( form 10 - Q ) ",https://www.marketscreener.com/quote/stock/STRONGHOLD-DIGITAL-MINING-128408809/news/STRONGHOLD-DIGITAL-MINING-INC-Management-s-Discussion-and-Analysis-of-Financial-Condition-and-Res-40448014/,marketscreener.com,
750,2022-05,20220516T234500Z,"Global 3D NAND Flash Memory Market to Garner $78 . 42 Billion by 2030 , States the Report by Allied Market Research",https://www.sandiegosun.com/news/272553903/global-3d-nand-flash-memory-market-to-garner-7842-billion-by-2030-states-the-report-by-allied-market-research,sandiegosun.com,United States
751,2022-06,20220615T000000Z,"Newswire & Press Release / Rocket Software Enhances Job Control Management Solution to Drive Efficiency in Mainframe Data Centers - Software - Rocket Software , Inc . ",https://www.newswiretoday.com/news/177921/,newswiretoday.com,United States
752,2022-06,20220615T001500Z,Yellowbrick 6 advances cloud data warehouse deployments,https://www.techtarget.com/searchdatamanagement/news/252521531/Yellowbrick-6-advances-cloud-data-warehouse-deployments,techtarget.com,United States
753,2022-06,20220615T010000Z,Fortinet Releases its Inaugural Sustainability Report,https://www.pressreleasepoint.com/fortinet-releases-its-inaugural-sustainability-report,pressreleasepoint.com,United States
754,2022-06,20220615T011500Z,Alibaba challenges AWS with a custom smartNIC of its own,https://www.theregister.com/2022/06/14/alibaba_dpu_cloud/,theregister.com,
755,2022-06,20220615T023000Z,"Caixin Global - Latest Business and Financial News on China , U . S . Trade War and Negotiations , Breaking News , Headlines and Developments",https://www.caixinglobal.com/?ywfrom=/www.caixinglobal.com/2022-06-15/did-henan-authorities-abuse-virus-controls-to-stymie-swindled-bank-depositors-101899149.html,caixinglobal.com,China
756,2022-06,20220615T031500Z,Vertiv Geist RTS makes redundant power backbone to distributed IT applications,http://www.voxy.co.nz/business/5/403573,voxy.co.nz,New Zealand
757,2022-06,20220615T050000Z,"Jeff Leblanc , AMAG VP Professional Services , Talks About  Cus ... ",https://menafn.com/1104376173/Jeff-Leblanc-AMAG-VP-Professional-Services-Talks-AboutCustomer-First-Focus-And-AMAGs-Unique-Value-Proposition,menafn.com,Qatar
758,2022-06,20220615T053000Z,"Moro Hub and PhishRod Collaborate to launch Waee , the Region ... ",https://menafn.com/1104375662/Moro-Hub-and-PhishRod-Collaborate-to-launch-Waee-the-Regions-First-Cloud-based-Managed-Cyber-Security-Awareness-and-Phishing-Incident-Response-Platform,menafn.com,Qatar
759,2022-06,20220615T060000Z,Apple reportedly testing more eco - friendly packaging for these iPhones,https://www.dnaindia.com/technology/report-apple-reportedly-testing-more-eco-friendly-packaging-for-these-iphones-2960685,dnaindia.com,India
760,2022-06,20220615T063000Z,Tribune editorial : Bitzero plans for state not without risk,https://bismarcktribune.com/opinion/editorial/tribune-editorial-bitzero-plans-for-state-not-without-risk/article_a05a3a1e-ebff-11ec-9d59-bb68d55c3ca6.html,bismarcktribune.com,United States
761,2022-06,20220615T084500Z,Hitachi Energy and Schneider Electric collaborate to speed up the energy transition,https://www.utilities-me.com/power/hitachi-energy-and-schneider-electric-collaborate-to-speed-up-the-energy-transition,utilities-me.com,United Arab Emirates
762,2022-06,20220615T091500Z,Cloud technology is at the heart of remote patient monitoring : Dozee,https://www.prokerala.com/news/articles/a1288287.html,prokerala.com,India
763,2022-06,20220615T091500Z,Simple Fiber cuts ribbon in Denton,https://www.stardem.com/business/simple-fiber-cuts-ribbon-in-denton/article_b33fdc28-6ba4-5f21-bc45-5bba20a01f54.html,stardem.com,United States
764,2022-06,20220615T094500Z,"Global and China Leading Tier1 Supplier Intelligent Cockpit Business Report 2022 : Mass Production of Innovative Cockpits Gathers Pace , and Penetration of New Technologies is on a Rapid Rise",https://finance.yahoo.com/news/global-china-leading-tier1-suppliers-081800730.html,finance.yahoo.com,United States
765,2022-06,20220615T103000Z,HPE Greenlake to power Taeknizon expansion in UAE,https://www.theregister.com/2022/06/15/hpe_greenlake_uae/,theregister.com,
766,2022-06,20220615T110000Z,10 top automation and orchestration tools,https://www.networkworld.com/article/3663441/10-top-automation-and-orchestration-tools.html,networkworld.com,United States
767,2022-06,20220615T111500Z,Business Benefits of Implementing Storage Area Network,https://business-review.eu/tech/business-benefits-of-implementing-storage-area-network-232033,business-review.eu,Romania
768,2022-06,20220615T111500Z,Enchanted Rock to Develop California Largest Renewable Microgrid to Ensure Resiliency of Microsoft Data Center,https://www.prnewswire.com:443/news-releases/enchanted-rock-to-develop-californias-largest-renewable-microgrid-to-ensure-resiliency-of-microsoft-data-center-301566995.html,prnewswire.com,United States
769,2022-06,20220615T114500Z,Sono Motors Cooperates With Logistics Provider Rhenus to,https://www.globenewswire.com/news-release/2022/06/15/2462980/0/en/Sono-Motors-Cooperates-With-Logistics-Provider-Rhenus-to-Optimize-Solar-Technology.html,globenewswire.com,United States
770,2022-06,20220615T121500Z,Heat Pumps Market Is Estimated To Expand At A CAGR Of 5 . 4 % B ... ,https://menafn.com/1104378847/Heat-Pumps-Market-Is-Estimated-To-Expand-At-A-CAGR-Of-54-By-2030-FMI,menafn.com,Qatar
771,2022-06,20220615T121500Z,Infinidat Celebrates Success at Storage Magazine united kingdom Storries Awards XIX,https://www.streetinsider.com/Globe+Newswire/Infinidat+Celebrates+Success+at+Storage+Magazine+UK+Storries+Awards+XIX/20216180.html,streetinsider.com,United States
772,2022-06,20220615T124500Z,"Microsoft to Use Microgrid , Biofuel for Backup Power at San Jose Data Center",https://datacenterfrontier.com/microsoft-to-use-microgrid-biofuel-for-backup-power-at-new-san-jose-data-center/,datacenterfrontier.com,United States
773,2022-06,20220615T130000Z,"Coviant Software Responds to Market Demand , Releases Diplomat MFT 9 . 1 with Replication , Synchronization Features",https://www.prnewswire.com:443/news-releases/coviant-software-responds-to-market-demand-releases-diplomat-mft-9-1-with-replication-synchronization-features-301567640.html,prnewswire.com,United States
774,2022-06,20220615T131500Z,San Diego resale home price drops for the first time this year . Sign of a cooling market ? ,https://www.sandiegouniontribune.com/business/story/2022-06-15/san-diego-resale-home-price-drops-for-the-first-time-this-year-sign-of-a-cooling-market,sandiegouniontribune.com,United States
775,2022-06,20220615T131500Z,Traefik Labs and HashiCorp Partner to Strengthen Ingress for Nomad,https://www.streetinsider.com/Globe+Newswire/Traefik+Labs+and+HashiCorp+Partner+to+Strengthen+Ingress+for+Nomad/20216761.html,streetinsider.com,United States
776,2022-06,20220615T133000Z,"Bit Origin Limited to Invest in a Mining Site in Cheyenne , Wyoming with 75 Megawatts of Mining Power",https://apnews.com/press-release/globe-newswire/cryptocurrency-technology-cheyenne-wyoming-business-e7ba06d9634b635443dba468a867d6c2,apnews.com,United States
777,2022-06,20220615T143000Z,"Renewable Innovations and Aicon Yachts Chart the Path Towards Greener , Sustainable Yachting with Hydrogen",https://energy.einnews.com/pr_news/576765616/renewable-innovations-and-aicon-yachts-chart-the-path-towards-greener-sustainable-yachting-with-hydrogen,energy.einnews.com,United States
778,2022-06,20220615T150000Z,"Vietnam Telecom Markets , Analysis , Competition , Forecasts & Opportunities , 2017 - 2021 & 2022 - 2027 : Market Trends & Developments , Policy & Regulatory Landscape , Competitive Landscape",https://www.prnewswire.com:443/news-releases/vietnam-telecom-markets-analysis-competition-forecasts--opportunities-2017-2021--2022-2027-market-trends--developments-policy--regulatory-landscape-competitive-landscape-301568521.html,prnewswire.com,United States
779,2022-06,20220615T151500Z,Solana blockchain buys bare metal servers through Edgevana aggregation service,https://www.datacenterdynamics.com/en/news/solana-blockchain-buys-bare-metal-servers-through-edgevanas-aggregation-service/,datacenterdynamics.com,United States
780,2022-06,20220615T153000Z,Cisco CEO : Navigating constant crisis is the new reality,https://www.lightreading.com/security/cisco-ceo-navigating-constant-crisis-is-new-reality-/d/d-id/778249,lightreading.com,United States
781,2022-06,20220615T153000Z,Horizon Media Named Among Fortune Magazine 2022 Best Workplaces in New York,https://www.prnewswire.com:443/news-releases/horizon-media-named-among-fortune-magazines-2022-best-workplaces-in-new-york-301568756.html,prnewswire.com,United States
782,2022-06,20220615T153000Z,NIAGARA NETWORKS DEBUTS INDUSTRY RECORD FOR IN - LINE CYBERSECURITY PROTECTION,https://www.prnewswire.com:443/news-releases/niagara-networks-debuts-industry-record-for-in-line-cybersecurity-protection-301564093.html,prnewswire.com,United States
783,2022-06,20220615T153000Z,"InvestorNewsBreaks – Blue Hat Interactive Entertainment Technology ( NASDAQ : BHAT ) Notified by NASDAQ , Regains Compliance","https://www.streetinsider.com/Investor+Brand+Network/InvestorNewsBreaks+%E2%80%93+Blue+Hat+Interactive+Entertainment+Technology+(NASDAQ:+BHAT)+Notified+by+NASDAQ,+Regains+Compliance/20217721.html",streetinsider.com,United States
784,2022-06,20220615T160000Z,Flowserve to Supply Pumps to Leading Provider of Immersion Cooling Technology – Consumer Electronics Net,http://www.consumerelectronicsnet.com/flowserve-to-supply-pumps-to-leading-provider-of-immersion-cooling-technology/,consumerelectronicsnet.com,United States
785,2022-06,20220615T160000Z,InfluxData Announces InfluxDB Edge Data Replication – Consumer Electronics Net,http://www.consumerelectronicsnet.com/influxdata-announces-influxdb-edge-data-replication/,consumerelectronicsnet.com,United States
786,2022-06,20220615T160000Z,Blue Hat Regains Compliance with Nasdaq Minimum Bid Price Requirement,https://www.marketscreener.com/quote/stock/FUJIAN-BLUE-HAT-INTERACTI-62745753/news/Blue-Hat-Regains-Compliance-with-Nasdaq-Minimum-Bid-Price-Requirement-40731074/,marketscreener.com,
787,2022-06,20220615T161500Z,Euronext completes data center migration from united kingdom to Italy,https://www.datacenterdynamics.com/en/news/euronext-completes-data-center-migration-from-uk-to-italy/,datacenterdynamics.com,United States
788,2022-06,20220615T164500Z,Couchbase Named One of the Best Workplaces in the Bay Area in 2022 by Great Place to Work® and Fortune Magazine,https://www.prnewswire.com/news-releases/couchbase-named-one-of-the-best-workplaces-in-the-bay-area-in-2022-by-great-place-to-work-and-fortune-magazine-301568804.html,prnewswire.com,United States
789,2022-06,20220615T170000Z,"IT News Online - GaN Systems Launches New Higher Performance , Low - Cost Transistor for Consumer , Industrial , and Data Center Applications",http://www.itnewsonline.com/news/GaN-Systems-Launches-New-Higher-Performance-Low-Cost-Transistor-for-Consumer-Industrial-and-Data-Center-Applications/10002,itnewsonline.com,United States
790,2022-06,20220615T170000Z,"Japan , US partner on 2nm chip R & D and manufacturing",https://www.techspot.com/news/94957-japan-us-partner-2nm-chip-rd-manufacturing.html,techspot.com,United States
791,2022-06,20220615T171500Z,Saddleback Communications Celebrates 25 Years Connecting the Community,https://www.prweb.com/releases/saddleback_communications_celebrates_25_years_connecting_the_community/prweb18735889.htm,prweb.com,United States
792,2022-06,20220615T171500Z,Service Objects Announces 20th Anniversary and Five Billionth Transaction,https://www.prweb.com/releases/service_objects_announces_20th_anniversary_and_five_billionth_transaction/prweb18738672.htm,prweb.com,United States
793,2022-06,20220615T173000Z,MarinHealth Receives Quality and Sustainability Award for Achieving Low Cesarean Birth Rate,https://apnews.com/press-release/business-wire/health-california-climate-and-environment-birth-rates-b69f7df8f99940a0ace9cf8e7f6f9aaa,apnews.com,United States
794,2022-06,20220615T174500Z,Missing Key : The challenge of cybersecurity and central bank digital currency,https://www.atlanticcouncil.org/in-depth-research-reports/report/missing-key/,atlanticcouncil.org,United States
795,2022-06,20220615T181500Z,"IES Holdings , Inc . ( NASDAQ : IESC ) Short Interest Up 35 . 7 % in May",https://www.etfdailynews.com/2022/06/15/ies-holdings-inc-nasdaqiesc-short-interest-up-35-7-in-may/,etfdailynews.com,United States
796,2022-06,20220615T183000Z,Internet search services : Europe ′ s quest for online privacy | Business | Economy and finance news from a German perspective | DW,https://www.dw.com/en/internet-search-services-europes-quest-for-online-privacy/a-54428309,dw.com,Germany
797,2022-06,20220615T183000Z,"Sprinklr , Inc . ( CXM ) Q1 2023 Earnings Call Transcript",https://www.fool.com/earnings/call-transcripts/2022/06/15/sprinklr-inc-cxm-q1-2023-earnings-call-transcript/?source=iedfolrf0000001,fool.com,United States
798,2022-06,20220615T190000Z,May 2022 among Earth top - 10 warmest | National Oceanic and Atmospheric Administration,https://www.noaa.gov/news/may-2022-among-earths-top-10-warmest,noaa.gov,United States
799,2022-06,20220615T193000Z,Calix Operations Cloud Awarded 2022 Cloud Computing Product of the Year As BSPs Benefit by Dramatically Reducing OPEX Up to 80 Percent,https://www.businesswire.com/news/home/20220615005293/en/Calix-Operations-Cloud-Awarded-2022-Cloud-Computing-Product-of-the-Year-As-BSPs-Benefit-by-Dramatically-Reducing-OPEX-Up-to-80-Percent,businesswire.com,United States
800,2022-06,20220615T200000Z,Microsoft to use a biofuel - powered microgrid for backup in San Jose,https://www.datacenterdynamics.com/en/news/microsoft-to-use-a-biofuel-powered-microgrid-for-backup-in-san-jose/,datacenterdynamics.com,United States
801,2022-06,20220615T200000Z,"India Surges in International Bandwidth Demand , Expects a 38 % Compound Annual Growth Rate Between 2021 to 2028 , According to TeleGeography",https://www.totaltele.com/513573/India-Surges-in-International-Bandwidth-Demand-Expects-a-38-Compound-Annual-Growth-Rate-Between-2021-to-2028-According-to-TeleGeography,totaltele.com,United Kingdom
802,2022-06,20220615T200000Z,Quickline selects Proximity to support rural network expansion,https://www.totaltele.com/513594/Quickline-selects-Proximity-to-support-rural-network-expansion,totaltele.com,United Kingdom
803,2022-06,20220615T210000Z,We Wanted Records on the Biggest Users of Water in Bend . One Major Supplier Sued Us Instead . ,https://www.bendsource.com/bend/we-wanted-records-on-the-biggest-users-of-water-in-bend-one-major-supplier-sued-us-instead/Content?oid=17011983,bendsource.com,United States
804,2022-06,20220615T220000Z,BIT Mining Limited ( NYSE : BTCM ) Short Interest Up 46 . 5 % in May,https://www.etfdailynews.com/2022/06/15/bit-mining-limited-nysebtcm-short-interest-up-46-5-in-may/,etfdailynews.com,United States
805,2022-06,20220615T221500Z,Enchanted Rock to Develop California Largest Renewable Microgrid | Manufacturing Business Technology,https://www.mbtmag.com:443/business-intelligence/news/22275961/enchanted-rock-to-develop-californias-largest-renewable-microgrid,mbtmag.com,United States
806,2022-06,20220615T224500Z,Cisco Introduces Nexus Cloud To Simplify Operations,https://www.eweek.com/networking/cisco-nexus-cloud/,eweek.com,United States
807,2022-06,20220615T233000Z,"Registration Open for Open Compute Project Summit , Oct . 18 - 20",https://insidehpc.com/2022/06/registration-open-for-open-compute-project-summit-oct-18-20/,insidehpc.com,United States
808,2022-06,20220615T233000Z,Internet of Things News | Latest News,https://www.newsnow.co.uk/h/Technology/Internet/Internet+of+Things,newsnow.co.uk,United Kingdom
809,2022-06,20220615T233000Z,"Zeta Appoints Williams - Sonoma Executive , Jeanine Barnett Silberblatt , to Board of Directors","https://www.streetinsider.com/Business+Wire/Zeta+Appoints+Williams-Sonoma+Executive,+Jeanine+Barnett+Silberblatt,+to+Board+of+Directors/20218986.html",streetinsider.com,United States
810,2022-06,20220616T001500Z,"Everspin Technologies , Inc .: Everspin to Showcase New STT - MRAM Products at Embedded World 2022 June 21 - 23 , CEO to present details on IoT and FPGA focused MRAM",https://www.finanznachrichten.de/nachrichten-2022-06/56322614-everspin-technologies-inc-everspin-to-showcase-new-stt-mram-products-at-embedded-world-2022-june-21-23-ceo-to-present-details-on-iot-and-fpga-focu-004.htm,finanznachrichten.de,Germany
811,2022-06,20220617T000000Z,"Shaky oasis for some polar bears found , but not for species",https://www.cp24.com/lifestyle/shaky-oasis-for-some-polar-bears-found-but-not-for-species-1.5950190,cp24.com,Canada
812,2022-06,20220617T014500Z,Asperitas Teams Up with Unica Datacenters for Immersion Cooling Deployments,https://www.hpcwire.com/off-the-wire/asperitas-teams-up-with-unica-datacenters-for-immersion-cooling-deployments/,hpcwire.com,United States
813,2022-06,20220617T024500Z,Newly documented polar bear population lives in a surprising place,https://localnews8.com/news/national-world/cnn-world/2022/06/16/newly-documented-polar-bear-population-lives-in-a-surprising-place/,localnews8.com,United States
814,2022-06,20220617T060000Z,DITO has 9 M subscribers,https://mb.com.ph/2022/06/17/dito-has-9-m-subscribers/,mb.com.ph,Philippines
815,2022-06,20220617T083000Z,PubMatic Achieves 100 % Renewable Energy Across Global Data Centers – Padovanews,http://www.padovanews.it/2022/06/17/pubmatic-achieves-100-renewable-energy-across-global-data-centers/,padovanews.it,Italy
816,2022-06,20220617T094500Z,"United States Copper Scrap Market Size , Share & Trends Analysis Report 2022 - 2030 - Demand for Recycled Copper in Foundries and Ingot - Making Applications Driving Growth - ResearchAndMarkets . com",https://www.businesswire.com/news/home/20220617005157/en/United-States-Copper-Scrap-Market-Size-Share-Trends-Analysis-Report-2022-2030---Demand-for-Recycled-Copper-in-Foundries-and-Ingot-Making-Applications-Driving-Growth---ResearchAndMarkets.com,businesswire.com,United States
817,2022-06,20220617T104500Z,"Nigeria Is Blessed With 44 Quality Commercial Minerals In 500 Locations , Says Minister Amid Country Reliance On Oil",http://saharareporters.com/2022/06/17/nigeria-blessed-44-quality-commercial-minerals-500-locations-says-minister-amid-countrys,saharareporters.com,Nigeria
818,2022-06,20220617T104500Z,"Cooling Towers Market To Power And Cross USD 3 , 557 Mn By The ... ",https://menafn.com/1104390239/Cooling-Towers-Market-To-Power-And-Cross-USD-3557-Mn-By-The-End-Of-2032-CAGR-Of-530,menafn.com,Qatar
819,2022-06,20220617T121500Z,"Jim Chanos Tears Into Crypto , Tesla , Warns Rate Hikes Will Hit Stocks",https://markets.businessinsider.com/news/stocks/jim-chanos-crypto-tesla-interest-rates-stock-market-bubble-crash-2022-6,markets.businessinsider.com,United States
820,2022-06,20220617T123000Z,"Plate , South Korean Minister discuss data center partnership",https://en.antaranews.com/news/234817/plate-south-korean-minister-discuss-data-center-partnership,en.antaranews.com,Indonesia
821,2022-06,20220617T131500Z,5 Stocks the World Top Investors Are Loading Up on Right Now,https://siouxcityjournal.com/business/investment/personal-finance/5-stocks-the-worlds-top-investors-are-loading-up-on-right-now/article_586a434e-0eb7-5190-b999-1878d05bd4e2.html,siouxcityjournal.com,United States
822,2022-06,20220617T133000Z,Databank Announces Major Recapitalization,https://www.prnewswire.com:443/news-releases/databank-announces-major-recapitalization-301570111.html,prnewswire.com,United States
823,2022-06,20220617T140000Z,Valens Semiconductor : An Overlooked Company With Incredible Potential ( NYSE : VLN ) ,https://seekingalpha.com/article/4518957-valens-semiconductor-overlooked-company-incredible-potential,seekingalpha.com,United States
824,2022-06,20220617T144500Z,Financial Comparison : Direct Digital ( NASDAQ : DRCT ) vs . Chindata Group ( NASDAQ : CD ) ,https://www.etfdailynews.com/2022/06/17/financial-comparison-direct-digital-nasdaqdrct-vs-chindata-group-nasdaqcd/,etfdailynews.com,United States
825,2022-06,20220617T153000Z,Spring 2022 Product Call Highlights,https://www.architectmagazine.com/technology/products/spring-2022-product-call-highlights_o,architectmagazine.com,United States
826,2022-06,20220617T153000Z,Customized One to Multi - Day Courses | IEEE Communications Society,https://www.comsoc.org/education-training/training-courses/customized-training/customized-one-multi-day-courses,comsoc.org,United States
827,2022-06,20220617T153000Z,IEEE TCN November 2019 | IEEE Communications Society,https://www.comsoc.org/publications/tcn/2019-nov,comsoc.org,United States
828,2022-06,20220617T154500Z,Calming Words for Investors in the Most Recent Bear Market,https://www.fool.com/investing/2022/06/17/calming-words-for-investors-in-the-most-recent-bea/?source=iedfolrf0000001,fool.com,United States
829,2022-06,20220617T170000Z,TikTok Says 100 % of U . S . User Traffic Being Routed to Oracle Cloud Infrastructure,https://www.marketwatch.com/story/tiktok-says-100-of-u-s-user-traffic-being-routed-to-oracle-cloud-infrastructure-271655483046,marketwatch.com,United States
830,2022-06,20220617T173000Z,Advanced Micro Devices ( NASDAQ : AMD ) Sets New 52 - Week Low at $79 . 43,https://www.etfdailynews.com/2022/06/17/advanced-micro-devices-nasdaqamd-sets-new-52-week-low-at-79-43/,etfdailynews.com,United States
831,2022-06,20220617T190000Z,"TikTok moves all US traffic to Oracle servers , amid new claims user data was accessed from China – TechCrunch",https://techcrunch.com/2022/06/17/tiktok-oracle-us-traffic-china-access/,techcrunch.com,United States
832,2022-06,20220617T194500Z,Liberty Latin America ( NASDAQ : LILAK ) Upgraded to Sector Perform by Scotiabank,https://www.etfdailynews.com/2022/06/17/liberty-latin-america-nasdaqlilak-upgraded-to-sector-perform-by-scotiabank/,etfdailynews.com,United States
833,2022-06,20220617T200000Z,"THAILAND DATA CENTER MARKET TO REACH $1 BILLION BY 2027 . CHINDATA GROUP , KT CORPORATION , ST TELEMEDIA GLOBAL DATA CENTERS AND TELEHOUSE ARE AMONG THE NEW ENTRANTS – Arizton",https://finance.yahoo.com/news/thailand-data-center-market-reach-191500096.html,finance.yahoo.com,United States
834,2022-06,20220617T200000Z,La Nina weather may be behind historic Montana floods,https://www.greatfallstribune.com/story/weather/2022/06/17/la-nina-weather-may-be-behind-historic-yellowstone-montana-floods-drought-deluge-climate-change/65361727007/,greatfallstribune.com,United States
835,2022-06,20220617T200000Z,DigitalBridge Ganzi hints at more M & A after DataBank transaction,https://www.lightreading.com/digital-infrastructure/digitalbridges-ganzi-hints-at-more-manda-after-databank-transaction/d/d-id/778344,lightreading.com,United States
836,2022-06,20220617T201500Z,"Fighting to survive as Arctic sea ice disappears , new group of polar bears finds area where they can  hang on  ",https://www.cbsnews.com/news/polar-bears-ice-oasis-greenland-climate-change/,cbsnews.com,United States
837,2022-06,20220617T210000Z,Leaked audio reveal China - based employees are accessing US user data,http://www.msn.com/en-us/news/technology/leaked-audio-reveal-china-based-employees-are-accessing-us-user-data/ar-AAYB5P8,msn.com,United States
838,2022-06,20220617T211500Z,"Q & A with Intel Jeff McVeigh , an HPCwire Person to Watch in 2022",https://www.hpcwire.com/2022/06/17/qa-with-intels-jeff-mcveigh-an-hpcwire-person-to-watch-in-2022/,hpcwire.com,United States
839,2022-06,20220617T211500Z,Embedded World Fair : Menta and Everspin Technologies will demonstrate an innovative collaboration with MRAM and eFPGA,https://www.streetinsider.com/Business+Wire/Embedded+World+Fair:+Menta+and+Everspin+Technologies+will+demonstrate+an+innovative+collaboration+with+MRAM+and+eFPGA/20230014.html,streetinsider.com,United States
840,2022-06,20220617T213000Z,Leaked audio of more than 80 TikTok meetings reveal China - based employees are accessing US user data,https://www.dailymail.co.uk/sciencetech/article-10928485/Leaked-audio-80-TikTok-meetings-reveal-China-based-employees-accessing-user-data.html,dailymail.co.uk,United Kingdom
841,2022-06,20220617T213000Z,TikTok says it storing US data domestically amid renewed security concerns,https://www.engadget.com/tiktok-user-data-us-200500287.html,engadget.com,Japan
842,2022-06,20220617T221500Z,"How Heavy Snow , Rain Flooded Yellowstone – NBC 5 Dallas - Fort Worth",https://www.nbcdfw.com/news/national-international/changing-climate/from-dry-to-deluge-how-heavy-snow-rain-flooded-yellowstone/2995243/,nbcdfw.com,United States
843,2022-06,20220617T223000Z,"Mayor Minute : Several developments to note , of financial and other kinds | Guest Column",https://www.wyomingnews.com/opinion/guest_column/mayor-s-minute-several-developments-to-note-of-financial-and-other-kinds/article_6e4f6e1e-d2d8-5ace-bf52-f5d4e2a5164a.html,wyomingnews.com,United States
844,2022-06,20220617T224500Z,"US TikTok user data accessed in China despite denials , report suggests",https://www.washingtonexaminer.com/policy/technology/us-tiktok-user-data-accessed-china-despite-denials-report,washingtonexaminer.com,United States
845,2022-06,20220617T234500Z,State exempts Google from plan to cut tax breaks,https://www.enidnews.com/news/state-exempts-google-from-plan-to-cut-tax-breaks/article_b9c8213a-ec1f-11ec-b84e-13cdf1ed2577.html,enidnews.com,United States
846,2022-06,20220629T023000Z,Racing to meet global chip demand | NHK WORLD - JAPAN News,https://www3.nhk.or.jp/nhkworld/en/news/backstories/2034/,nhk.or.jp,Japan
847,2022-06,20220629T024500Z,"Norwegian cruise hits iceberg near Alaska , no injuries reported",https://www.mycentraloregon.com/2022/06/28/norwegian-cruise-hits-iceberg-near-alaska-no-injuries-reported/,mycentraloregon.com,United States
848,2022-06,20220629T034500Z,China enjoys high - quality development in past decade - Xinhua,https://english.news.cn/20220629/d06fe5c6cb5a47aeac9ddc441174239c/c.html,english.news.cn,
849,2022-06,20220629T034500Z,HPE New Arm Server Signals Shift in x86 Mindset,https://www.hpcwire.com/2022/06/28/hpes-new-arm-server-signals-shift-in-x86-mindset/,hpcwire.com,United States
850,2022-06,20220629T040000Z,China enjoys high - quality development in past decade,https://www.bignewsnetwork.com/news/272603452/china-enjoys-high-quality-development-in-past-decade,bignewsnetwork.com,United States
851,2022-06,20220629T040000Z,WALLIX AND AXIANS FRANCE SIGN A PARTNERSHIP TO STRENGTHEN THE CYBERSECURITY OFFER IN THE INDUSTRIAL SECTOR,https://www.sharewise.com/us/news_articles/_WALLIX_AND_AXIANS_FRANCE_SIGN_A_PARTNERSHIP_TO_STRENGTHEN_THE_CYBERSECURITY_OFFER_IN_THE_INDUSTRIAL_Wallix_Group_Actusnews_20220628_0800,sharewise.com,Germany
852,2022-06,20220629T043000Z,NFR proposes $1 . 5B data center ahead of eminent domain hearing,https://www.niagara-gazette.com/news/local_news/nfr-proposes-1-5b-data-center-ahead-of-eminent-domain-hearing/article_d6efb782-f741-11ec-9149-1b9c7a8ec468.html,niagara-gazette.com,United States
853,2022-06,20220629T061500Z,"Vertiv Releases First Environmental , Social and Governance Report",https://apnews.com/press-release/BusinessWire/technology-ohio-columbus-climate-and-environment-597e7e156bde4fb793ee824be35d7dce,apnews.com,United States
854,2022-06,20220629T063000Z,$1 . 48B data center proposed in the Cataract City,https://www.lockportjournal.com/news/local_news/1-48b-data-center-proposed-in-the-cataract-city/article_5aca8a9c-e2ee-518b-9609-7ea181724496.html,lockportjournal.com,United States
855,2022-06,20220629T064500Z,"ION MarketFactory wins  Best connectivity , hosting , and co - location service  at FX Markets e - FX Awards",http://www.itnewsonline.com/PRNewswire/ION-MarketFactory-wins-Best-connectivity-hosting-and-co-location-service-at-FX-Markets-e-FX-Awards/851936,itnewsonline.com,United States
856,2022-06,20220629T064500Z,Hewlett Packard Stock : Still Has An Upside ( NYSE : HPE ) ,https://seekingalpha.com/article/4520876-hewlett-packard-stock-still-upside,seekingalpha.com,United States
857,2022-06,20220629T070000Z,Schneider Electric Recognized as the 2022 Microsoft Energy & Sustainability Partner of the Year,http://koreabizwire.com/schneider-electric-recognized-as-the-2022-microsoft-energy-sustainability-partner-of-the-year/222408,koreabizwire.com,South Korea
858,2022-06,20220629T070000Z,Schneider Electric SE : Schneider Electric recognized as the 2022 Microsoft Energy & Sustainability Partner of the Year,https://www.finanznachrichten.de/nachrichten-2022-06/56424470-schneider-electric-se-schneider-electric-recognized-as-the-2022-microsoft-energy-sustainability-partner-of-the-year-399.htm,finanznachrichten.de,Germany
859,2022-06,20220629T070000Z,Investors to Pour More Capital Into Thailand and Asia Pacific Data Centers in 2022,https://www.thaipr.net/en/finance_en/3207739,thaipr.net,Thailand
860,2022-06,20220629T071500Z,Data Center General Construction Market Size to Grow by USD 8 . 76 billion | Increase in Investment in Data Centers to Drive Growth,https://www.prnewswire.com:443/news-releases/data-center-general-construction-market-size-to-grow-by-usd-8-76-billion--increase-in-investment-in-data-centers-to-drive-growth--technavio-301576844.html,prnewswire.com,United States
861,2022-06,20220629T081500Z,Minister offers incentives to attract investment in essential industry,https://en.antaranews.com/news/236733/minister-offers-incentives-to-attract-investment-in-essential-industry,en.antaranews.com,Indonesia
862,2022-06,20220629T081500Z,  Silicon Heartland  boon for Ohio,https://www.arkansasonline.com/news/2022/jun/29/silicon-heartland-boon-for-ohio/,arkansasonline.com,United States
863,2022-06,20220629T081500Z,Intel Should Slash Its Dividend . Its Future May Depend on It . ,https://www.marketwatch.com/articles/intel-should-slash-its-dividend-51656450364,marketwatch.com,United States
864,2022-06,20220629T083000Z,Infinera and NEC to Modernize Neutral Network Mexico to United States Fiber Optic Network with Industry - leading ICE6 800G Solution,https://www.finanznachrichten.de/nachrichten-2022-06/56426021-infinera-and-nec-to-modernize-neutral-networks-mexico-to-united-states-fiber-optic-network-with-industry-leading-ice6-800g-solution-011.htm,finanznachrichten.de,Germany
865,2022-06,20220629T101500Z,Achronix Semiconductor : Enabling Data Acceleration Via High - Performance FPGAS And EFPGA IP,https://industry.siliconindia.com/magazine/july-2022-issue-special1-semiconductor-companies.html,industry.siliconindia.com,India
866,2022-06,20220629T103000Z,Nerds Unite 2022 : Highlighting The Power of Global Interconnection for Businesses in West Africa,https://african.business/2022/06/apo-newsfeed/nerds-unite-2022-highlighting-the-power-of-global-interconnection-for-businesses-in-west-africa/,african.business,
867,2022-06,20220629T103000Z,Time Dotcom AIMS data center finally has suitors ? ,https://techwireasia.com/2022/06/time-dotcoms-aims-data-center-finally-has-suitors/,techwireasia.com,China
868,2022-06,20220629T103000Z,How do microgrids support net - zero carbon data center objectives,https://www.datacenterdynamics.com/en/marketwatch/how-do-microgrids-support-net-zero-carbon-data-center-objectives/,datacenterdynamics.com,United States
869,2022-06,20220629T114500Z,STACK Infrastructure Achieves Industry - Leading Score From Uptime Institute Management and Operations Assessment,https://apnews.com/press-release/GlobeNewswire/e341d63d702ee9c52d327e2b421addf6,apnews.com,United States
870,2022-06,20220629T120000Z,VMware unveils vSphere+ and vSAN+,https://it-online.co.za/2022/06/29/vmware-unveils-vsphere-and-vsan/,it-online.co.za,South Africa
871,2022-06,20220629T120000Z,Industry says new Indian cyber regs go way too far,https://www.msn.com/en-us/news/politics/industry-says-new-indian-cyber-regs-go-way-too-far/ar-AAYZObz,msn.com,United States
872,2022-06,20220629T123000Z,DISA looks to install 10GB ethernet line from Equinix data center to DHS facility,https://www.datacenterdynamics.com/en/news/disa-looks-to-install-10gb-ethernet-line-from-equinix-data-center-to-dhs-facility/,datacenterdynamics.com,United States
873,2022-06,20220629T123000Z,NFR says partner track record makes Niagara Digital Campus plan different,https://www.northwestgeorgianews.com/tribune/regional/nfr-says-partners-track-record-makes-niagara-digital-campus-plan-different/article_1327cda6-990f-5dd8-8c9e-205875b64717.html,northwestgeorgianews.com,United States
874,2022-06,20220629T124500Z,"Amazon Web Services has big plans to support Indian edtech firms , NGOs , says top executive",https://www.businesstoday.in/technology/story/amazon-web-services-has-big-plans-to-support-indian-edtech-firms-ngos-says-top-executive-339739-2022-06-29,businesstoday.in,India
875,2022-06,20220629T130000Z,Iron net : Digital repression in the Middle East and North Africa,https://ecfr.eu/publication/iron-net-digital-repression-in-the-middle-east-and-north-africa/,ecfr.eu,Russia
876,2022-06,20220629T131500Z,United Arab Emirates ( UAE ) Data Center Market is Poised to Grow at a CAGR of 7 . 99 % during the Forecast Period of 2022 - 2031,https://www.digitaljournal.com/pr/united-arab-emirates-uae-data-center-market-is-poised-to-grow-at-a-cagr-of-7-99-during-the-forecast-period-of-2022-2031,digitaljournal.com,United States
877,2022-06,20220629T133000Z,Rural applications research at Iowa State University receives boost from Ericsson and NSF - Funded PAWR Project Office,https://markets.businessinsider.com/news/stocks/rural-applications-research-at-iowa-state-university-receives-boost-from-ericsson-and-nsf-funded-pawr-project-office-1031557638,markets.businessinsider.com,United States
878,2022-06,20220629T143000Z,Blaize and VSaaS to Collaborate on the Development and Deployment of AI Surveillance Applications,https://www.eejournal.com/industry_news/blaize-and-vsaas-to-collaborate-on-the-development-and-deployment-of-ai-surveillance-applications/,eejournal.com,United States
879,2022-06,20220629T150000Z,Intel Labs reports integrated photonics research advance,https://optics.org/news/13/6/48,optics.org,United States
880,2022-06,20220629T154500Z,Is it a Good Choice to Invest in Tyler Technologies ( TYL )? ,https://www.insidermonkey.com/blog/is-it-a-good-choice-to-invest-in-tyler-technologies-tyl-1049593/,insidermonkey.com,United States
881,2022-06,20220629T154500Z,Siemens and NVIDIA to enable industrial metaverse,https://www.prnewswire.com/news-releases/siemens-and-nvidia-to-enable-industrial-metaverse-301578040.html,prnewswire.com,United States
882,2022-06,20220629T160000Z,2 Reasons to Buy Nvidia and 1 Reason to Sell,https://www.fool.com/investing/2022/06/29/2-reasons-to-buy-nvidia-and-1-reason-to-sell/,fool.com,United States
883,2022-06,20220629T161500Z,Investing | Data Center Knowledge | News and analysis for the data center industry,https://www.datacenterknowledge.com:443/business/investing,datacenterknowledge.com,United States
884,2022-06,20220629T161500Z,Will Hydrogen Fuel the Data Center of the Future ? | Data Center Knowledge | News and analysis for the data center industry,https://www.datacenterknowledge.com:443/sustainability/will-hydrogen-power-data-center-future,datacenterknowledge.com,United States
885,2022-06,20220629T163000Z,Latin America Data Center Rack Market Report 2022 : Adoption of Cloud Services & Colocation Data Center Investments Driving Growth - ResearchAndMarkets . com,https://www.businesswire.com/news/home/20220629005602/en/Latin-America-Data-Center-Rack-Market-Report-2022-Adoption-of-Cloud-Services-Colocation-Data-Center-Investments-Driving-Growth---ResearchAndMarkets.com,businesswire.com,United States
886,2022-06,20220629T163000Z,HPE Discover 2022 : 5 Biggest News Announcements,https://www.crn.com/slide-shows/cloud/hpe-discover-2022-5-biggest-news-announcements,crn.com,United States
887,2022-06,20220629T163000Z,COVID - 19 BA . 4 and BA . 5 variants make up more than HALF of US cases,https://www.dailymail.co.uk/health/article-10965617/COVID-19-BA-4-BA-5-variants-make-HALF-cases.html,dailymail.co.uk,United Kingdom
888,2022-06,20220629T163000Z,Hybrid and Multi - Cloud Practicality,https://www.tvtechnology.com/opinion/hybrid-and-multi-cloud-practicality,tvtechnology.com,United States
889,2022-06,20220629T164500Z,Privacy Policy,https://www.cullmantimes.com/site/privacy.html,cullmantimes.com,United States
890,2022-06,20220629T164500Z,Why Nvidia Stock Slumped on Wednesday,https://www.fool.com/investing/2022/06/29/why-nvidia-stock-slumped-on-wednesday/,fool.com,United States
891,2022-06,20220629T171500Z,Bloomington fiber internet deal with Meridiam to bring fast speeds,https://www.heraldtimesonline.com/story/news/2022/06/29/internet-speed-fiber-optic-meridiam-paris-bloomington-indiana-isp-provider/7688184001/,heraldtimesonline.com,United States
892,2022-06,20220629T171500Z,"Semiconductor Stocks Downgraded , Chip Designers Upgraded | Investor Business Daily",https://www.investors.com/news/technology/semiconductor-stocks-downgraded-chip-designers-upgraded/,investors.com,United States
893,2022-06,20220629T171500Z,TRUECHIP ADDS USB 4 HUB MODEL & USB 4 RETIMER MODEL TO ITS VERIFICATION IP PORTFOLIO,https://www.prnewswire.com:443/news-releases/truechip-adds-usb-4-hub-model--usb-4-retimer-model-to-its-verification-ip-portfolio-301577814.html,prnewswire.com,United States
894,2022-06,20220629T174500Z,Youngkin meets with GOP megadonors and more Virginia headlines,https://www.virginiamercury.com/blog-va/youngkin-meets-with-gop-megadonors-in-manhattan-and-more-virginia-headlines/,virginiamercury.com,
895,2022-06,20220629T180000Z,Jim Chanos Is Raising Over $200 Million for  Big Short  Against REITs,https://markets.businessinsider.com/news/stocks/jim-chanos-big-short-seller-reit-data-centers-cloud-computing-2022-6,markets.businessinsider.com,United States
896,2022-06,20220629T180000Z,Intel Foundry Services Forms Alliance to Enable Design in the Cloud,https://www.hpcwire.com/off-the-wire/intel-foundry-services-forms-alliance-to-enable-design-in-the-cloud/,hpcwire.com,United States
897,2022-06,20220629T180000Z,Jim Chanos Goes Short Legacy Data Centers,https://www.streetinsider.com/Hedge+Funds/Jim+Chanos+Goes+Short+Legacy+Data+Centers/20273373.html,streetinsider.com,United States
898,2022-06,20220629T184500Z,Bill environmentalists say could keep Missouri coal plants open signed by governor • Missouri Independent,https://missouriindependent.com/2022/06/29/bill-environmentalists-say-could-keep-missouri-coal-plants-open-signed-by-governor/,missouriindependent.com,
899,2022-06,20220629T190000Z,FCC Commissioner Calls on Google and Apple to Ban TikTok,https://www.extremetech.com/mobile/337559-fcc-commissioner-calls-on-google-and-apple-to-ban-tiktok,extremetech.com,United States
900,2022-06,20220629T191500Z,"From dry to deluge , here how Yellowstone flooded",https://www.belgrade-news.com/news/state_regional/from-dry-to-deluge-heres-how-yellowstone-flooded/article_3be4df97-4f29-5a0f-b809-41fa03ea265b.html,belgrade-news.com,United States
901,2022-07,20220708T003000Z,Raxio set to construct Ethiopia first private data center – New Business Ethiopia,https://newbusinessethiopia.com/technology/raxio-set-to-construct-ethiopias-first-private-data-center/,newbusinessethiopia.com,Ethiopia
902,2022-07,20220708T003000Z,"Recommendation Engines Market Size is projected to reach USD 54 Billion by 2030 , grow at a CAGR of 37 %: Straits Research",https://sina.com.hk/news/article/20220708/0/2/99/Recommendation-Engines-Market-Size-is-projected-to-reach-USD-54-Billion-by-2030-grow-at-a-CAGR-of-37-Straits-Research-14523314.html,sina.com.hk,Hong Kong
903,2022-07,20220708T004500Z,Stock Market | FinancialContent Business Page,https://markets.financialcontent.com/stocks/article/bizwire-2022-7-8-stratcap-acquires-jacksonville-data-center,markets.financialcontent.com,United States
904,2022-07,20220708T014500Z,Billion - Euro Market Biotechnology : Exyte Builds mRNA Competence Center for WACKER in Halle,https://www.singaporestar.com/news/272613405/billion-euro-market-biotechnology-exyte-builds-mrna-competence-center-for-wacker-in-halle,singaporestar.com,Singapore
905,2022-07,20220708T020000Z,India Deadly Heatwave Will Soon Be a Global Reality,https://www.washingtonpost.com/business/energy/indias-deadly-heatwave-will-soon-be-a-global-reality/2022/07/07/ea1b7162-fe5c-11ec-b39d-71309168014b_story.html,washingtonpost.com,United States
906,2022-07,20220708T024500Z,Finfluencers face new reality ; Rajeev Misra steps back at SoftBank,https://economictimes.indiatimes.com/tech/newsletters/morning-dispatch/finfluencers-face-new-reality-rajeev-misra-steps-back-at-softbank/articleshow/92736331.cms,economictimes.indiatimes.com,India
907,2022-07,20220708T024500Z,Intel champions path of sustainability in enterprise computing,https://siliconangle.com/2022/07/07/intel-champions-path-sustainability-enterprise-computing-hpediscover/,siliconangle.com,United States
908,2022-07,20220708T024500Z,Gov . Ige vetoes federal funding in budget bill in part to give money to HTA,https://www.kitv.com/news/business/gov-ige-vetoes-federal-funding-in-budget-bill-in-part-to-give-money-to-hta/article_ceeda2fc-fe61-11ec-939d-ef3a5eb10dbf.html,kitv.com,United States
909,2022-07,20220708T033000Z,Ethio Telecom revenue up 18 percent – New Business Ethiopia,https://newbusinessethiopia.com/technology/ethio-telecom-revenue-up-18-percent/,newbusinessethiopia.com,Ethiopia
910,2022-07,20220708T034500Z,When the Weather Gets Hot Enough To Kill - The Washington Post,https://www.washingtonpost.com/business/energy/when-the-weather-gets-hot-enough-to-kill/2022/07/07/ea1b7162-fe5c-11ec-b39d-71309168014b_story.html,washingtonpost.com,United States
911,2022-07,20220708T061500Z,Leidos ( NYSE : LDOS ) and Arbe Robotics ( NASDAQ : ARBE ) Head to Head Review,https://www.etfdailynews.com/2022/07/08/leidos-nyseldos-and-arbe-robotics-nasdaqarbe-head-to-head-review/,etfdailynews.com,United States
912,2022-07,20220708T063000Z,Schneider Electric recognized as the 2022 Microsoft Energy & Sustainability Partner of the Year,https://harbourtimes.com/2022/07/07/schneider-electric-recognized-as-the-2022-microsoft-energy-sustainability-partner-of-the-year/,harbourtimes.com,Hong Kong
913,2022-07,20220708T070000Z,China infrastructure investment accelerates amid policy support,https://www.chinanationalnews.com/news/272613603/chinas-infrastructure-investment-accelerates-amid-policy-support,chinanationalnews.com,China
914,2022-07,20220708T071500Z,Economic Watch : China infrastructure investment accelerates amid policy support - Xinhua,https://english.news.cn/20220708/b3044e0ab55d43e7a1c85b5f16b8e0c5/c.html,english.news.cn,
915,2022-07,20220708T104500Z,"Quinbrook to build $1 . 7 billion data center , 2Gwh battery storage in Queensland , Australia",https://www.datacenterdynamics.com/en/news/quinbrook-to-build-17-billion-data-center-2gwh-battery-storage-in-queensland-australia/,datacenterdynamics.com,United States
916,2022-07,20220708T121500Z,FroXx Visual Assistance Offers Innovative New Support Solution for Equipment Installation and Maintenance,http://www.itnewsonline.com/PR.com/FroXx-Visual-Assistance-Offers-Innovative-New-Support-Solution-for-Equipment-Installation-and-Maintenance/24740,itnewsonline.com,United States
917,2022-07,20220708T121500Z,Samsung Electronics posts 77 trillion won in sales and 14 trillion won in operating profit in 2nd quarter,https://www.bignewsnetwork.com/news/272613904/samsung-electronics-posts-77-trillion-won-in-sales-and-14-trillion-won-in-operating-profit-in-2nd-quarter,bignewsnetwork.com,United States
918,2022-07,20220708T130000Z,Proton VPN Free review,https://www.techradar.com/reviews/proton-vpn-free,techradar.com,United Kingdom
919,2022-07,20220708T133000Z,"Caixin Global - Latest Business and Financial News on China , U . S . Trade War and Negotiations , Breaking News , Headlines and Developments",https://www.caixinglobal.com/?ywfrom=/www.caixinglobal.com/2022-07-08/beijing-launches-consumption-vouchers-scheme-to-stimulate-waning-spending-101910417.html,caixinglobal.com,China
920,2022-07,20220708T133000Z,American Real Estate Partners closes third real estate fund,https://www.datacenterdynamics.com/en/news/american-real-estate-partners-closes-third-real-estate-fund/,datacenterdynamics.com,United States
921,2022-07,20220708T133000Z,KT Cloud begins construction on new 26MW Seoul data center,https://www.datacenterdynamics.com/en/news/kt-cloud-begins-construction-of-new-26mw-seoul-data-center/,datacenterdynamics.com,United States
922,2022-07,20220708T140000Z,Bitech Technologies New Trading Symbol is BTTC,https://www.globenewswire.com/news-release/2022/07/08/2476547/0/en/Bitech-Technologies-New-Trading-Symbol-is-BTTC.html,globenewswire.com,United States
923,2022-07,20220708T143000Z,Quest Ranked on Channel Futures 2022 MSP 501 Tech Industry Most Prestigious List of Managed Service Providers Worldwide,https://apnews.com/press-release/business-wire/technology-147d45ebf7224bbda5bb0f7c4e463bc0,apnews.com,United States
924,2022-07,20220708T143000Z,MU Stock : Is the Super Cycle Over for Micron ? ,https://investorplace.com/2022/07/mu-stock-is-the-super-cycle-over-for-micron/,investorplace.com,United States
925,2022-07,20220708T150000Z,Tech Giants Brace for Legal Mess of Abortion Data Subpoenas,https://www.insurancejournal.com/news/national/2022/07/08/675165.htm,insurancejournal.com,United States
926,2022-07,20220708T151500Z,Tesla keeps U . S . luxury crown on strong California production,https://www.autonews.com/retail/tesla-keeps-us-luxury-crown-strong-california-production,autonews.com,United States
927,2022-07,20220708T153000Z,"Coma Diagnosis and Treatment Market 2022 - Key Strategy , ",https://www.openpr.com/news/2675464/coma-diagnosis-and-treatment-market-2022-key-strategy,openpr.com,United States
928,2022-07,20220708T161500Z,One Data Indonesia to improve govt programs in 2022 : Bappenas,https://en.antaranews.com/news/238445/one-data-indonesia-to-improve-govt-programs-in-2022-bappenas,en.antaranews.com,Indonesia
929,2022-07,20220708T164500Z,10 Cheap ETFs to Invest in For Beginners,https://www.insidermonkey.com/blog/10-cheap-etfs-to-invest-in-for-beginners-1050967/,insidermonkey.com,United States
930,2022-07,20220708T183000Z,Kohler HVO Fuel Capabilities provide data center customers with a pathway to zero carbon,https://www.datacenterdynamics.com/en/product-news/kohler-hvo-fuel-capabilities-provide-data-center-customers-with-a-pathway-to-zero-carbon/,datacenterdynamics.com,United States
931,2022-07,20220708T183000Z,Microsoft Grid - Interactive UPS Bolsters Renewable Energy,https://www.sdxcentral.com/articles/news/microsoft-grid-interactive-ups-bolsters-renewable-energy/2022/07/,sdxcentral.com,United States
932,2022-07,20220708T184500Z,Big Memory : The Evolution of New Memory Infrastructure,https://www.networkcomputing.com/data-centers/big-memory-evolution-new-memory-infrastructure,networkcomputing.com,United States
933,2022-07,20220708T190000Z,China Private Data Center Players Turn Their Eyes Abroad,https://www.datacenterknowledge.com:443/business/chinas-private-data-center-players-turn-their-eyes-abroad,datacenterknowledge.com,United States
934,2022-07,20220708T193000Z,AMD EPYC  Genoa  Zen 4 CPU Specs Leak : 96 Cores at 360W,https://www.tomshardware.com/news/specs-of-amd-epyc-genoa-cpu-leak,tomshardware.com,United States
935,2022-07,20220708T201500Z,Intel Stock : Market Gives Away Its Foundry Business ( NASDAQ : INTC ) ,https://seekingalpha.com/article/4522448-intel-market-gives-away-its-foundry-business,seekingalpha.com,United States
936,2022-07,20220708T210000Z,American Tower Plans Second Quarter 2022 Earnings Release and Conference Call,https://www.streetinsider.com/Business+Wire/American+Tower+Plans+Second+Quarter+2022+Earnings+Release+and+Conference+Call/20307587.html,streetinsider.com,United States
937,2022-07,20220708T213000Z,"Riot Blockchain , Inc . Announces $1 . 00 Charitable Donation in Bitcoin to No Kid Hungry on Behalf of Every Unique Stockholder That Votes",https://apnews.com/press-release/globe-newswire/technology-riots-united-states-blockchain-f80e871f681225e25d0c6bb15ec98d18,apnews.com,United States
938,2022-07,20220708T214500Z,Prince William staff report calls for stronger regulations for Digital Gateway data center project,https://www.insidenova.com/headlines/prince-william-staff-report-calls-for-stronger-regulations-for-digital-gateway-data-center-project/article_e8002adc-fefa-11ec-9bb6-471a07af6a3b.html,insidenova.com,United States
939,2022-07,20220708T224500Z,NC is rich in targets for cyber attack . Avoid being the next victim . :: WRAL . com,https://www.wral.com/nc-is-rich-in-targets-for-cyber-attack-avoid-being-the-next-victim/20365813/,wral.com,United States
940,2022-07,20220708T230000Z,China First Pure Solar - Powered Vehicle Reduces 25KG of Carbon Emission Per 100KM ! Here are Tianjin Solar Car Details,https://www.techtimes.com/articles/277809/20220708/chinas-first-pure-solar-powered-vehicle-reduces-25kg-carbon-emission.htm,techtimes.com,United States
941,2022-07,20220708T231500Z,Citizen Scientist Leads Discovery of 34 Ultracool Dwarf Binaries,https://www.infowars.com/posts/citizen-scientist-leads-discovery-of-34-ultracool-dwarf-binaries/,infowars.com,United States
942,2022-07,20220709T003000Z,Why NVIDIA Stock Got Beat by the Market Today,https://www.fool.com/investing/2022/07/08/why-nvidia-stock-got-beat-by-the-market-today/?source=iedfolrf0000001,fool.com,United States
943,2022-07,20220709T094500Z,Weekly Commentary : Revisiting The Bursting China Bubble,https://seekingalpha.com/article/4522513-weekly-commentary-revisiting-the-bursting-china-bubble,seekingalpha.com,United States
944,2022-07,20220709T100000Z,"Zurcher Kantonalbank Zurich Cantonalbank Purchases 3 , 800 Shares of GDS Holdings Limited ( NASDAQ : GDS ) ",https://www.etfdailynews.com/2022/07/09/zurcher-kantonalbank-zurich-cantonalbank-purchases-3800-shares-of-gds-holdings-limited-nasdaqgds/,etfdailynews.com,United States
945,2022-07,20220709T114500Z,Leaving VMware ? Consider these 5 FOSS hypervisors,https://www.theregister.com/2022/07/09/vmware_foss_hypervisor/,theregister.com,
946,2022-07,20220709T170000Z,"Adani , Asia Richest , Is Bidding for Indian 5G Phone Airwaves",https://www.bnnbloomberg.ca/adani-asia-s-richest-is-bidding-for-indian-5g-phone-airwaves-1.1789701,bnnbloomberg.ca,Canada
947,2022-07,20220709T171500Z,Ask HN : How would you bootstrap a telco ? ( re : Rogers outage ) ,https://news.ycombinator.com/item?id=32035633,news.ycombinator.com,United States
948,2022-07,20220709T200000Z,Arrowhead Regional Medical Center wins awards for maternity care,https://www.fontanaheraldnews.com/business/arrowhead-regional-medical-center-wins-awards-for-maternity-care/article_fb509aaa-ffad-11ec-9f1d-6f6f4dd185fe.html,fontanaheraldnews.com,United States
949,2022-07,20220710T021500Z,December 2015 - Ripon Advance,https://riponadvance.com/2015/12/,riponadvance.com,United States
950,2022-07,20220710T023000Z,Data centers being recommended as conditional use in Hall County,https://theindependent.com/news/local/data-centers-being-recommended-as-conditional-use-in-hall-county/article_1ab8caba-ff14-11ec-b909-c318c20d6b13.html,theindependent.com,United States
951,2022-07,20220710T050000Z,Firm invests $12 million for Culpeper data center site,https://roanoke.com/news/state-and-regional/firm-invests-12-million-for-culpeper-data-center-site/article_be5aed37-87eb-59b0-b5b9-f8c10ad087e3.html,roanoke.com,United States
952,2022-07,20220710T064500Z,Tag : conspiracy theories – NBC 5 Dallas - Fort Worth,https://www.nbcdfw.com/tag/conspiracy-theories/,nbcdfw.com,United States
953,2022-07,20220710T070000Z,"Helping people collect , organize and visualize data",https://www.jpost.com/special-content/helping-people-collect-organize-and-visualize-data-708672,jpost.com,Israel
954,2022-07,20220710T093000Z,Airlines are piloting a program to sell  zero carbon  flights Quartz,https://qz.com/2183885/airlines-are-piloting-a-program-to-sell-zero-carbon-flights/,qz.com,United States
955,2022-07,20220710T101500Z,Boyd Corporation buys thermal control systems manufacturer,http://www.magnoliareporter.com/news_and_business/local_business/article_e301d076-ff68-11ec-bf8e-670b4a7e5b41.html,magnoliareporter.com,United States
956,2022-07,20220710T103000Z,2 No - Brainer Warren Buffett Stocks to Buy Now and Hold Forever,https://www.fool.com/investing/2022/07/10/2-no-brainer-warren-buffett-stocks-to-buy-now-and/,fool.com,United States
957,2022-07,20220710T154500Z,C & D Technologies Launches Pure Lead Plus® UPS Battery for … ,https://www.huewire.com/cd-technologies-launches-pure-lead-plus-ups-battery-for/,huewire.com,United States
958,2022-07,20220716T013000Z,"HVAC Rental Equipment Market Size worth USD 1 . 34 Mn , Market Analysis Segmented by End User and Geography - Technavio",https://finance.yahoo.com/news/hvac-rental-equipment-market-size-010000783.html,finance.yahoo.com,United States
959,2022-07,20220716T080000Z,Check for frigid water before you jump in,https://lmtribune.com/northwest/check-for-frigid-water-before-you-jump-in/article_0b73fd98-d174-5450-b14f-c71a9fb369a9.html,lmtribune.com,United States
960,2022-07,20220716T150000Z,How the FSF Runs Using Nothing But Freedom - Respecting BIOS,https://news.slashdot.org/story/22/07/16/0038208/how-the-fsf-runs-using-nothing-but-freedom-respecting-bios,news.slashdot.org,United States
961,2022-07,20220716T164500Z,US lawmakers ask federal agencies to crack down on crypto mining,https://www.today.ng/business/cryptocurrency/lawmakers-federal-agencies-crypto-mining,today.ng,Nigeria
962,2022-07,20220716T173000Z,PLDT backs govt digitalization push | The Manila Times,https://www.manilatimes.net/2022/07/17/business/sunday-business-it/pldt-backs-govt-digitalization-push/1851168,manilatimes.net,Philippines
963,2022-07,20220717T004500Z,ComBank launches  Arunalu  Foreign Currency Savings Account for children – The Island,https://island.lk/combank-launches-arunalu-foreign-currency-savings-account-for-children-2/,island.lk,Sri Lanka
964,2022-07,20220717T113000Z,U . S . EV manufacturers should consider China battery - swapping model,https://www.autonews.com/commentary/us-ev-manufacturers-should-consider-chinas-battery-swapping-model,autonews.com,United States
965,2022-07,20220717T113000Z,3 High - Yield Tech Stocks to Buy in July,https://www.fool.com/investing/2022/07/17/3-high-yield-tech-stocks-to-buy-in-july/,fool.com,United States
966,2022-07,20220717T120000Z,"Data Protection Act will protect data , not exert control : Anisul",https://www.bssnews.net/news/72140,bssnews.net,Bangladesh
967,2022-07,20220717T134500Z,Inflation Vs . Recession,https://seekingalpha.com/article/4523818-inflation-vs-recession,seekingalpha.com,United States
968,2022-07,20220717T153000Z,New York State Teachers Retirement System Cuts Stake in Corporate Office Properties Trust ( NYSE : OFC ) ,https://www.etfdailynews.com/2022/07/17/new-york-state-teachers-retirement-system-cuts-stake-in-corporate-office-properties-trust-nyseofc/,etfdailynews.com,United States
969,2022-07,20220717T164500Z,Swedish Energy Minister Prefers Green Steel Over Bitcoin Mining,https://beincrypto.com/swedish-energy-minister-prefers-green-steel-over-bitcoin-mining/,beincrypto.com,
970,2022-07,20220717T191500Z,Basic issues in EV industry need to be addressed,https://www.msn.com/en-ph/news/national/basic-issues-in-ev-industry-need-to-be-addressed/ar-AAZFJUU,msn.com,United States
971,2022-07,20220718T044500Z,"In semiconductor industry , TSMC profits booms despite rising raw materials costs",https://techwireasia.com/2022/07/in-semiconductor-industry-tsmc-profits-booms-despite-rising-raw-materials-costs/,techwireasia.com,China
972,2022-07,20220718T063000Z,"Sweden Needs Power for More Useful Things Than Bitcoin Mining , Energy Minister Says – Mining Bitcoin News",https://news.bitcoin.com/sweden-needs-power-for-more-useful-things-than-bitcoin-mining-energy-minister-says/,news.bitcoin.com,United States
973,2022-07,20220718T080000Z,A Leadership Guide to Multi - Cloud Success for the Intelligence Community,https://wtop.com/sponsored-content/2022/07/a-leadership-guide-to-multi-cloud-success-for-the-intelligence-community/,wtop.com,United States
974,2022-07,20220718T101500Z,Phaidra Uses AI To Boost Industrial Profitability And Reduce Emissions,https://www.pollutiononline.com/doc/phaidra-uses-ai-to-boost-industrial-profitability-and-reduce-emissions-0001,pollutiononline.com,United States
975,2022-07,20220718T104500Z,Bryant district Valentin reaches out to Hispanics,https://www.arkansasonline.com/news/2022/jul/18/bryant-districts-valentin-reaches-out-to-hispanics/,arkansasonline.com,United States
976,2022-07,20220718T104500Z,2022 Power 25 Real Estate : Randy Salvatore,https://www.hartfordbusiness.com/article/2022-power-25-real-estate-randy-salvatore,hartfordbusiness.com,United States
977,2022-07,20220718T110000Z,Is Taiwan Semiconductor Manufacturing Stock a Buy Now ? ,https://www.fool.com/investing/2022/07/18/is-taiwan-semiconductor-manufacturing-tsmc-stock-a/,fool.com,United States
978,2022-07,20220718T111500Z,"Huawei David Wang : Innovation , Lighting up the 5 . 5G Era",https://www.huawei.com/en/news/2022/7/5-point-5g-huawei-innovation-winwin,huawei.com,China
979,2022-07,20220718T113000Z,"Intelligent Power Module ( IPM ) Market 2021 : Global Industry Size , Share , Trends , Growth and Forecast Till 2026",https://brazilbusiness.einnews.com/pr_news/581779219/intelligent-power-module-ipm-market-2021-global-industry-size-share-trends-growth-and-forecast-till-2026,brazilbusiness.einnews.com,United States
980,2022-07,20220718T113000Z,Karnataka to be the  data centre destination of choice : CBRE Report,https://economictimes.indiatimes.com/industry/services/property-/-cstruction/karnataka-to-be-the-data-centre-destination-of-choice-cbre-report/articleshow/92956438.cms,economictimes.indiatimes.com,India
981,2022-07,20220718T113000Z,Charge Enterprises Inc .: Charge Enterprise Subsidiary ANS Advanced Network Services Awarded Five Contracts Across Four States,https://www.finanznachrichten.de/nachrichten-2022-07/56575860-charge-enterprises-inc-charge-enterprises-subsidiary-ans-advanced-network-services-awarded-five-contracts-across-four-states-200.htm,finanznachrichten.de,Germany
982,2022-07,20220718T113000Z,Charge Enterprise ( CRGE ) Subsidiary ANS Advanced Network Services Awarded Five Contracts Across Four States,https://www.streetinsider.com/Corporate+News/Charge+Enterprises+(CRGE)+Subsidiary+ANS+Advanced+Network+Services+Awarded+Five+Contracts+Across+Four+States/20334252.html,streetinsider.com,United States
983,2022-07,20220718T131500Z,Economizer Market Global Opportunity Analysis And Industry Forecast by 2030,https://energy.einnews.com/pr_news/581785403/economizer-market-global-opportunity-analysis-and-industry-forecast-by-2030,energy.einnews.com,United States
984,2022-07,20220718T134500Z,IT News Online - CITIC Telecom CPC Shines at Global Awards in 1H 2022,http://www.itnewsonline.com/news/CITIC-Telecom-CPC-Shines-at-Global-Awards-in-1H-2022/10353,itnewsonline.com,United States
985,2022-07,20220718T150000Z,These Are the 10 States Leading America Cryptocurrency Industry,https://www.nbclosangeles.com/news/business/money-report/these-are-the-10-states-leading-americas-cryptocurrency-industry/2940194/,nbclosangeles.com,United States
986,2022-07,20220718T151500Z,New type of semiconductor may advance low - energy electronics,https://techxplore.com/news/2022-07-semiconductor-advance-low-energy-electronics.html,techxplore.com,United States
987,2022-07,20220718T151500Z,Berkshire Partners to acquire 49 percent of Israeli data center company MedOne for $215 million,https://www.datacenterdynamics.com/en/news/berkshire-partners-to-acquire-49-percent-of-israeli-data-center-company-medone-for-215-million/,datacenterdynamics.com,United States
988,2022-07,20220718T153000Z,Network as a Service Market Worth $46 . 6 Billion by 2027 - Exclusive Report by MarketsandMarkets™,https://www.prnewswire.com/news-releases/network-as-a-service-market-worth-46-6-billion-by-2027--exclusive-report-by-marketsandmarkets-301588083.html,prnewswire.com,United States
989,2022-07,20220718T160000Z,Your Sales Data Is Mission - Critical : Are You Protecting It ? ,https://www.forbes.com/sites/forbestechcouncil/2022/07/18/your-sales-data-is-mission-critical-are-you-protecting-it/,forbes.com,United States
990,2022-07,20220718T160000Z,DellOro : Private wireless forecast adjusted downward,https://www.lightreading.com/private-networks/delloro-private-wireless-forecast-adjusted-downward-/d/d-id/779035,lightreading.com,United States
991,2022-07,20220718T164500Z,ePlus Acquires Future Com,https://www.prnewswire.com/news-releases/eplus-acquires-future-com-301587731.html,prnewswire.com,United States
992,2022-07,20220718T164500Z,Sunbird® dcTrack® Facilitates Data Center Automation Via Integration,https://www.prweb.com/releases/2022/7/prweb18792581.htm,prweb.com,United States
993,2022-07,20220718T173000Z,Opinion : Prince William withholding data center info from public,https://www.potomaclocal.com/2022/07/18/opinion-prince-william-withholding-data-center-info-from-public/,potomaclocal.com,United States
994,2022-07,20220718T174500Z,Data Storage Corporation CEO to Participate in the Benzinga All Access Event on July 22nd,http://www.itnewsonline.com/GlobeNewswire/Data-Storage-Corporation-CEO-to-Participate-in-the-Benzinga-All-Access-Event-on-July-22nd/45532,itnewsonline.com,United States
995,2022-07,20220718T180000Z,Tycoon Masiyiwa to Raise $500 Million to Expand Digital Business,https://www.bnnbloomberg.ca/tycoon-masiyiwa-to-raise-500-million-to-expand-digital-business-1.1793527,bnnbloomberg.ca,Canada
996,2022-07,20220718T181500Z,"How well have CMIP3 , CMIP5 and CMIP6 future climate projections portrayed the recently observed warming",https://www.nature.com/articles/s41598-022-16264-6,nature.com,United States
997,2022-07,20220718T181500Z,White Paper on Operator Data Storage Power Index Released to Shape Future Data Infrastructure,https://www.totaltele.com/513862/White-Paper-on-Operator-Data-Storage-Power-Index-Released-to-Shape-Future-Data-Infrastructure,totaltele.com,United Kingdom
998,2022-07,20220718T183000Z,Academia Sinica trims GDP forecast - Taipei Times,https://www.taipeitimes.com/News/biz/archives/2022/07/19/2003781977,taipeitimes.com,Taiwan
999,2022-07,20220718T190000Z,"Iasi , major node in future national and European network of quantum communications , with TUIASI support",https://www.stiripesurse.ro/iasi-major-node-in-future-national-and-european-network-of-quantum-communications-with-tuiasi-support_2476010.html,stiripesurse.ro,Romania
1000,2022-07,20220718T193000Z,Modular Data Center Market to Reach $38 . 27 Billion by 2027 . ,https://www.globenewswire.com/news-release/2022/07/18/2481320/0/en/Modular-Data-Center-Market-to-Reach-38-27-Billion-by-2027-Adoption-of-Functional-Modules-Leading-the-Market-Growth-Arizton.html,globenewswire.com,United States
1001,2022-07,20220718T193000Z,"North Bay electric vehicle sales near California goals , but charger installs lag far behind",https://www.northbaybusinessjournal.com/article/article/power-to-the-electric-vehicles/,northbaybusinessjournal.com,United States
1002,2022-07,20220718T194500Z,"Morgan Stanley Sees Risk to AMD Gaming Business , Says NVIDIA Consensus  Too Cautiou By Investing . com",https://www.investing.com/news/stock-market-news/morgan-stanley-sees-risk-to-amds-gaming-business-says-nvidia-consensus-too-cautious-432SI-2848522,investing.com,United States
1003,2022-07,20220718T210000Z,Port Authorizes $1 Million Water Line Purchase for Microsoft Project,https://kpq.com/port-authorizes-1-million-water-line-purchase-for-microsoft-project/,kpq.com,United States
1004,2022-07,20220718T214500Z,Applied Blockchain Secures 200 - Megawatt Five - Year Hosting Contract with Marathon Digital Holdings,https://www.wallstreet-online.de/nachricht/15707248-applied-blockchain-secures-200-megawatt-five-year-hosting-contract-with-marathon-digital-holdings,wallstreet-online.de,Germany
1005,2022-07,20220718T231500Z,"Phaidra , which sells AI tech to industrial customers , raises $25M from DeepMind co - founder , others",https://www.geekwire.com/2022/seattle-startup-building-industrial-ai-tools-raises-25m-from-deepmind-co-founder-others/,geekwire.com,United States
1006,2022-07,20220719T000000Z,Environmental sustainability considerations for IT teams,https://www.techtarget.com/searchcio/feature/Environmental-sustainability-considerations-for-IT-teams,techtarget.com,United States
1007,2022-07,20220726T000000Z,United Rentals Partners With Turner Construction To Provide Sustainable Solutions,http://www.justmeans.com/press-release/united-rentals-partners-with-turner-construction-to-provide-sustainable-solutions,justmeans.com,United States
1008,2022-07,20220726T010000Z,Data company redeveloping iconic North Dakota landmark,https://www.kpvi.com/news/national_news/data-company-redeveloping-iconic-north-dakota-landmark/article_519f508b-bd9a-54ac-98c3-3815a3c8f011.html,kpvi.com,United States
1009,2022-07,20220726T013000Z,Hydrogene de France : HDF Energy signed a MoU with Saigon Asset Management to jointly develop Renewstable ( R ) power plants in Vietnam,https://www.marketscreener.com/quote/stock/HYDROGENE-DE-FRANCE-124047110/news/Hydrogene-de-France-HDF-Energy-signed-a-MoU-with-Saigon-Asset-Management-to-jointly-develop-Renews-41078289/,marketscreener.com,
1010,2022-07,20220726T020000Z,IBM Partner Nexion Buys New Zealand IT Provider Aiscorp and Silicon Systems - ChannelE2E : Technology News for MSPs & Channel Partners,https://www.channele2e.com/investors/mergers-acquisitions/ibm-nexion-buys-aiscorp-silicon-systems/,channele2e.com,United States
1011,2022-07,20220726T054500Z,Pensacola City Council District 2 race is a contest between neighbors,https://www.statesman.com/story/news/politics/elections/2022/07/25/pensacola-city-council-district-2-race-contest-between-neighbors/10126955002/,statesman.com,United States
1012,2022-07,20220726T081500Z,DGAP - News : Vectron Systems AG : Vectron presents preliminary figures for the 1st half - year 2022,https://markets.businessinsider.com/news/stocks/dgap-news-vectron-systems-ag-vectron-presents-preliminary-figures-for-the-1st-half-year-2022-1031614307,markets.businessinsider.com,United States
1013,2022-07,20220726T094500Z,NTT to study hydrogen transportation through existing pipelines,https://www.greencarcongress.com/2022/07/20220726-ntth2.html,greencarcongress.com,United States
1014,2022-07,20220726T103000Z,The Worldwide Micro Server IC Industry is Projected to Reach $2 . 3 Billion by 2027 - ResearchAndMarkets . com,https://www.businesswire.com/news/home/20220726005599/en/The-Worldwide-Micro-Server-IC-Industry-is-Projected-to-Reach-2.3-Billion-by-2027---ResearchAndMarkets.com,businesswire.com,United States
1015,2022-07,20220726T103000Z,EQS - News : Yandex N . V .: Yandex Announces Second Quarter 2022 Financial Results,https://www.finanznachrichten.de/nachrichten-2022-07/56641279-eqs-news-yandex-n-v-yandex-announces-second-quarter-2022-financial-results-023.htm,finanznachrichten.de,Germany
1016,2022-07,20220726T103000Z,Research and Markets : The Worldwide Micro Server IC Industry is Projected to Reach $2 . 3 Billion by 2027,https://www.finanznachrichten.de/nachrichten-2022-07/56641388-research-and-markets-the-worldwide-micro-server-ic-industry-is-projected-to-reach-dollar-2-3-billion-by-2027-researchandmarkets-com-004.htm,finanznachrichten.de,Germany
1017,2022-07,20220726T103000Z,Condensing Unit Global Market 2022 - 2027 : Growing Retail Sector in Emerging Economies & Increasing Demand for Air Conditioning Units and Refrigeration Fueling Expansion,https://www.prnewswire.com:443/news-releases/condensing-unit-global-market-2022-2027-growing-retail-sector-in-emerging-economies--increasing-demand-for-air-conditioning-units-and-refrigeration-fueling-expansion-301593130.html,prnewswire.com,United States
1018,2022-07,20220726T111500Z,ORNL deploys Cumulus - 2 supercomputer,https://www.datacenterdynamics.com/en/news/ornl-deploys-cumulus-2-supercomputer/,datacenterdynamics.com,United States
1019,2022-07,20220726T114500Z,Computecoin Joins Forces with Crust Network to Make Decentralized Cloud Services Easier to Use,https://www.prnewswire.com/news-releases/computecoin-joins-forces-with-crust-network-to-make-decentralized-cloud-services-easier-to-use-301592993.html,prnewswire.com,United States
1020,2022-07,20220726T114500Z,"KIOXIA CM7 Series enterprise PCIe 5 . 0 SSDs : up to 14GB / sec , up to 30TB",https://www.tweaktown.com/news/87587/kioxia-cm7-series-enterprise-pcie-5-0-ssds-up-to-14gb-sec-30tb/,tweaktown.com,United States
1021,2022-07,20220726T120000Z,"Transparency Market Research : Disaster Recovery as a Service Market to be Valued at US$ 47 . 06 Billion by 2031 , TMR Report",https://www.finanznachrichten.de/nachrichten-2022-07/56642475-transparency-market-research-disaster-recovery-as-a-service-market-to-be-valued-at-us-dollar-47-06-billion-by-2031-tmr-report-008.htm,finanznachrichten.de,Germany
1022,2022-07,20220726T121500Z,Paratus opens carrier neutral data centre in Namibia,https://it-online.co.za/2022/07/26/paratus-opens-carrier-neutral-data-centre-in-namibia/,it-online.co.za,South Africa
1023,2022-07,20220726T121500Z,MediaValet Inc .: MediaValet Selected by a Fortune 500 Manufacturer,https://www.finanznachrichten.de/nachrichten-2022-07/56642771-mediavalet-inc-mediavalet-selected-by-a-fortune-500-manufacturer-296.htm,finanznachrichten.de,Germany
1024,2022-07,20220726T131500Z,Aligned Data Centers Expands Presence in Northern Virginia with New Sterling Hyperscale Campus,https://apnews.com/press-release/globe-newswire/technology-virginia-climate-and-environment-656b735b4fa362f3a60321ba5a6ee667,apnews.com,United States
1025,2022-07,20220726T131500Z,"DRFortress Expands Channel Program , Partners with TBI - ChannelVision Magazine",https://channelvisionmag.com/drfortress-expands-channel-program-partners-with-tbi/,channelvisionmag.com,United States
1026,2022-07,20220726T131500Z,HPE Aruba unit debuts new AI features for automating network management,https://siliconangle.com/2022/07/26/hpes-aruba-unit-debuts-new-ai-features-automating-network-management/,siliconangle.com,United States
1027,2022-07,20220726T133000Z,"Dongfeng Motor , CEC to cooperate on auto chip , cybersecurity , auto electronics areas",https://autonews.gasgoo.com/icv/70020924.html,autonews.gasgoo.com,China
1028,2022-07,20220726T134500Z,"UPS Market Demand , In - depth Analysis and Estimated Revenue Forecast by 2027",https://energy.einnews.com/pr_news/583031542/ups-market-demand-in-depth-analysis-and-estimated-revenue-forecast-by-2027,energy.einnews.com,United States
1029,2022-07,20220726T150000Z,"L & T consolidated net profit jumps 45 per cent to Rs 1 , 702 crore in Q1",https://news.webindia123.com/news/Articles/Business/20220726/3966843.html,news.webindia123.com,India
1030,2022-07,20220726T150000Z,Fortinet ( FTNT ) Cloud - native Protection Offering is Now Available on AWS,https://www.streetinsider.com/Corporate+News/Fortinets+(FTNT)+Cloud-native+Protection+Offering+is+Now+Available+on+AWS/20367171.html,streetinsider.com,United States
1031,2022-07,20220726T153000Z,Modernization among industrial assets is crucial . Especially now – REJournals,https://rejournals.com/modernization-among-industrial-assets-is-crucial-especially-now/,rejournals.com,United States
1032,2022-07,20220726T153000Z,InvestChile Portfolio Closes the First Half - Year With a 22 % ,https://www.globenewswire.com/news-release/2022/07/26/2486168/0/en/InvestChile-Portfolio-Closes-the-First-Half-Year-With-a-22-Increase-in-the-Number-of-Projects.html,globenewswire.com,United States
1033,2022-07,20220726T154500Z,"Microsoft , Apple , Google , and Amazon linked to stolen Brazilian rainforest gold",https://www.pcworld.com/article/820211/microsoft-apple-google-and-amazon-linked-to-stolen-gold.html,pcworld.com,United States
1034,2022-07,20220726T160000Z,Data for better lives in Cameroon,https://blogs.worldbank.org/digital-development/data-better-lives-cameroon,blogs.worldbank.org,United States
1035,2022-07,20220726T161500Z,Hyperscale data centre launched in South Africa,https://techcabal.com/2022/07/26/vantage-data-centers-launches-hyperscale-data-centre-in-south-africa/,techcabal.com,Nigeria
1036,2022-07,20220726T161500Z,"Amsterdam Server Sleep State legislation : good in principle , but what about in practice ? ",https://www.datacenterdynamics.com/en/opinions/amsterdams-server-sleep-state-legislation-good-in-principle-but-what-about-in-practice/,datacenterdynamics.com,United States
1037,2022-07,20220726T171500Z,Internet firms vow more investments for network expansion,https://www.philstar.com/headlines/2022/07/27/2198221/internet-firms-vow-more-investments-network-expansion,philstar.com,Philippines
1038,2022-07,20220726T174500Z,10 Dividend Paying REIT Stocks To Buy Now,https://www.insidermonkey.com/blog/10-dividend-paying-reit-stocks-to-buy-now-1053198/,insidermonkey.com,United States
1039,2022-07,20220726T181500Z,Global Fluorescent Immunoassay Market Forecast to 2028 - COVID - 19 Impact and Analysis,https://www.prnewswire.com:443/news-releases/global-fluorescent-immunoassay-market-forecast-to-2028---covid-19-impact-and-analysis-301593494.html,prnewswire.com,United States
1040,2022-07,20220726T181500Z,"Nvidia Reportedly Readies 800W RTX 4090 Ti With 18 , 176 Cores , 48GB GDDR6X",https://www.tomshardware.com/news/nvidia-reportedly-readies-800w-rtx-4090-ti-graphics-card,tomshardware.com,United States
1041,2022-07,20220726T184500Z,Tweets suggest people consumed healthier foods during the pandemic,https://medicalxpress.com/news/2022-07-tweets-people-consumed-healthier-foods.html,medicalxpress.com,United States
1042,2022-07,20220726T190000Z,Adaptive Computing And Hongke Technology Co . In China Sign P ... ,https://menafn.com/1104595441/Adaptive-Computing-And-Hongke-Technology-Co-In-China-Sign-Partnership-Agreement,menafn.com,Qatar
1043,2022-07,20220726T190000Z,BAI buys ZenFi in pursuit of US expansion,https://www.lightreading.com/opticalip-networks/bai-buys-zenfi-in-pursuit-of-us-expansion/d/d-id/779269,lightreading.com,United States
1044,2022-07,20220726T191500Z,"Arlington , Virginia , Pushes Forward With Commercial Resiliency Strategy | McGuireWoods LLP",https://www.jdsupra.com/legalnews/arlington-virginia-pushes-forward-with-9241804/,jdsupra.com,United States
1045,2022-07,20220726T191500Z,Global Fiber Optics Market Report to 2030 - Increasing Demand for Internet Connectivity is Driving Growth,https://www.prnewswire.com:443/news-releases/global-fiber-optics-market-report-to-2030---increasing-demand-for-internet-connectivity-is-driving-growth-301593512.html,prnewswire.com,United States
1046,2022-07,20220726T204500Z,Micron Offers World First 232 - Layer 3D NAND Flash Memory,https://www.pcmag.com/news/micron-offers-worlds-first-232-layer-3d-nand-flash-memory,pcmag.com,United States
1047,2022-07,20220726T210000Z,Texas Instruments beats revenue estimates as chip demand holds strong,https://www.msn.com/en-ca/money/topstories/texas-instruments-beats-revenue-estimates-as-chip-demand-holds-strong/ar-AAZZQyI,msn.com,United States
1048,2022-07,20220726T213000Z,Data Centres : Upcoming Trends To Watch Out For,https://menafn.com/1104595236/Data-Centres-Upcoming-Trends-To-Watch-Out-For,menafn.com,Qatar
1049,2022-07,20220726T214500Z,Spectra7 Announces $8 . 0 Million Convertible Debenture Financing ; Closing of First Tranche,https://ca.finance.yahoo.com/news/spectra7-announces-8-0-million-211600725.html,ca.finance.yahoo.com,United States
1050,2022-07,20220726T220000Z,ACI Mechanical and HVAC Sales Announces New Partnership with Yaskawa,https://www.prnewswire.com:443/news-releases/aci-mechanical-and-hvac-sales-announces-new-partnership-with-yaskawa-301593809.html,prnewswire.com,United States
1051,2022-08,20220808T014500Z,Trumbull approves $1 . 6M tax refund on Merritt Blvd . properties,https://www.trumbulltimes.com/news/article/Trumbull-approves-1-6M-tax-refund-on-Merritt-17349123.php,trumbulltimes.com,United States
1052,2022-08,20220808T031500Z,"1 Semiconductor Stock With 104 % Upside , According to Wall Street",https://www.fool.com/investing/2022/08/07/1-semiconductor-stock-104-upside-says-wall-street/,fool.com,United States
1053,2022-08,20220808T034500Z,"Business . Scoop » Vertiv Announces Upgraded Data Centre Management Platform , Targeting Edge IT Spaces In Asia Pacific",https://business.scoop.co.nz/2022/08/08/vertiv-announces-upgraded-data-centre-management-platform-targeting-edge-it-spaces-in-asia-pacific/,business.scoop.co.nz,New Zealand
1054,2022-08,20220808T040000Z,"El Dorado bank moving into Murphy Oil building , contractor buys First Financial Centre",http://www.magnoliareporter.com/news_and_business/union_county/article_22546188-16c2-11ed-825d-5f23e8952075.html,magnoliareporter.com,United States
1055,2022-08,20220808T044500Z,Process and Control Today | Multiple Delta Uninterruptible Power Supplies ( UPS ) Help Greenergy Data Centers Complete Prestigious Project in the Baltics,https://www.pandct.com/news/multiple-delta-uninterruptible-power-supplies-ups-help-greenergy-data-centers-complete-prestigious-project-in-the-baltics,pandct.com,United Kingdom
1056,2022-08,20220808T050000Z,Google Equiano : Internet giant bets big on Africa with latest megaproject,https://www.cnn.com/2022/08/07/africa/google-equiano-subsea-internet-cable-west-africa-spc-intl/,cnn.com,United States
1057,2022-08,20220808T073000Z,Four key tech trends that will shape PH new normal,https://mb.com.ph/2022/08/08/four-key-tech-trends-that-will-shape-phs-new-normal/,mb.com.ph,Philippines
1058,2022-08,20220808T074500Z,"Virginia State , Virginia Union universities intend to open lab schools",https://starexponent.com/news/national/virginia-state-virginia-union-universities-intend-to-open-lab-schools/article_c5f7442a-0758-55e8-91cc-2a44e65370eb.html,starexponent.com,United States
1059,2022-08,20220808T074500Z,Supercharging Stack infrastructure,https://www.datacenterdynamics.com/en/product-news/supercharging-stack-infrastructure/,datacenterdynamics.com,United States
1060,2022-08,20220808T100000Z,"Mexico Data Center Market Investment Report 2022 - 2027 : Assessments by Colocation , Hyperscale , and Enterprise Operators",https://www.prnewswire.com/news-releases/mexico-data-center-market-investment-report-2022-2027-assessments-by-colocation-hyperscale-and-enterprise-operators-301601358.html,prnewswire.com,United States
1061,2022-08,20220808T103000Z,Radware Reports Second Quarter 2022 Financial Results,https://forextv.com/top-news/radware-reports-second-quarter-2022-financial-results/,forextv.com,United States
1062,2022-08,20220808T110000Z,UAE Tech Podcast : The Blockchain in Ukraine,https://www.albawaba.com/business/uae-tech-podcast-blockchain-ukraine-1486683,albawaba.com,Israel
1063,2022-08,20220808T111500Z,Digital Realty Announces Non - Core Disposition,https://www.prnewswire.com:443/news-releases/digital-realty-announces-non-core-disposition-301601214.html,prnewswire.com,United States
1064,2022-08,20220808T120000Z,"Indonesia Data Center Market Investment Analysis & Growth Report 2022 - 2027 : Focus on IT Infrastructure Providers , Construction Contractors , Support Infrastructure Providers , & Data Center Investors",https://www.prnewswire.com:443/news-releases/indonesia-data-center-market-investment-analysis--growth-report-2022-2027-focus-on-it-infrastructure-providers-construction-contractors-support-infrastructure-providers--data-center-investors-301601395.html,prnewswire.com,United States
1065,2022-08,20220808T123000Z,"DLT Resolution Inc .: Union Strategies Works Alongside a Non - profit Animal Sanctuary , Assisting in Keeping Wildlife , Wild",https://www.finanznachrichten.de/nachrichten-2022-08/56751560-dlt-resolution-inc-union-strategies-works-alongside-a-non-profit-animal-sanctuary-assisting-in-keeping-wildlife-wild-200.htm,finanznachrichten.de,Germany
1066,2022-08,20220808T130000Z,Tips For Arming Organizations With The People And Tools Needed To Manage Unstructured Data,https://www.varinsights.com/doc/tips-for-arming-organizations-with-the-people-and-tools-needed-to-manage-unstructured-data-0001,varinsights.com,
1067,2022-08,20220808T133000Z,MIPI in next generation of AI IoT devices at the edge,https://www.design-reuse.com/articles/52448/mipi-in-next-generation-of-ai-iot-devices-at-the-edge.html,design-reuse.com,China
1068,2022-08,20220808T133000Z,FPA Crescent Fund Expects Growth in Charter Communications ( CHTR ) FCF,https://www.insidermonkey.com/blog/fpa-crescent-fund-expects-growth-in-charter-communications-chtrs-fcf-1056310/,insidermonkey.com,United States
1069,2022-08,20220808T134500Z,Laser Technology Market worth $25 . 6 billion by 2027 - Exclusive Report by MarketsandMarkets™,https://www.prnewswire.com:443/news-releases/laser-technology-market-worth-25-6-billion-by-2027--exclusive-report-by-marketsandmarkets-301601370.html,prnewswire.com,United States
1070,2022-08,20220808T140000Z,Digital transformation is paving the way for a sustainable workplace,https://timesofindia.indiatimes.com/blogs/voices/digital-transformation-is-paving-the-way-for-a-sustainable-workplace/,timesofindia.indiatimes.com,India
1071,2022-08,20220808T140000Z,SAI . TECH Announces Major North American Distribution Center in Ohio,https://www.streetinsider.com/Globe+Newswire/SAI.TECH+Announces+Major+North+American+Distribution+Center+in+Ohio/20428716.html,streetinsider.com,United States
1072,2022-08,20220808T141500Z,USD 105 . 46 Mn growth opportunity in Dark Fiber Market in Malaysia -- Driven by increasing data traffic,https://finance.yahoo.com/news/usd-105-46-mn-growth-122000288.html,finance.yahoo.com,United States
1073,2022-08,20220808T141500Z,Breaking News : SAI . TECH Announces Major North American Distribution Center in Ohio,https://www.financialbuzz.com/breaking-news-sai-tech-announces-major-north-american-distribution-center-in-ohio/,financialbuzz.com,United States
1074,2022-08,20220808T144500Z,MIL - OSI : NVIDIA Announces Preliminary Financial Results for Second Quarter Fiscal 2023,https://foreignaffairs.co.nz/2022/08/09/mil-osi-nvidia-announces-preliminary-financial-results-for-second-quarter-fiscal-2023/,foreignaffairs.co.nz,New Zealand
1075,2022-08,20220808T150000Z,Blue Chip Stocks In Focus : MDU Resources Group,https://www.sharewise.com/us/news_articles/Blue_Chip_Stocks_In_Focus_MDU_Resources_Group_SureDividend_20220808_1618,sharewise.com,Germany
1076,2022-08,20220808T151500Z,LITEON Technology Reports Consolidated July Sales of NT$14 . 8 Billion,http://smt.iconnect007.com/index.php/article/132933/liteon-technology-reports-consolidated-july-sales-of-nt148-billion/132936/,smt.iconnect007.com,United States
1077,2022-08,20220808T151500Z,Nvidia stock tumbles after company says revenue fell way shy of expectations,https://www.marketwatch.com/story/nvidia-stock-tumbles-after-company-says-revenue-fell-way-shy-of-expectations-11659964849,marketwatch.com,United States
1078,2022-08,20220808T151500Z,"Nvidia Warns on Second Quarter Revenue , Shares Dip",https://www.nbcconnecticut.com/news/business/money-report/nvidia-warns-on-second-quarter-revenue-shares-dip/2847925/,nbcconnecticut.com,United States
1079,2022-08,20220808T154500Z,"Nvidia Stock Sinks as Revenue Estimate Misses , Gross Margin Outlook Slashed",https://www.marketwatch.com/articles/nvidia-stock-price-earnings-revenue-estimate-51659964494,marketwatch.com,United States
1080,2022-08,20220808T161500Z,Were Downgrading This Semiconductor Firm and Cutting Our Price Target,https://aap.thestreet.com/story/16071464/1/we-re-downgrading-this-semiconductor-firm-and-cutting-our-price-target.html,aap.thestreet.com,United States
1081,2022-08,20220808T161500Z,"Optane , We Hardly Knew Yeh",https://www.eejournal.com/article/optane-we-hardly-knew-yeh/,eejournal.com,United States
1082,2022-08,20220808T170000Z,Digital Realty To Sell Non - Core Mixed - use Data Center Property In $205 Mln Deal,https://www.finanznachrichten.de/nachrichten-2022-08/56751935-digital-realty-to-sell-non-core-mixed-use-data-center-property-in-dollar-205-mln-deal-020.htm,finanznachrichten.de,Germany
1083,2022-08,20220808T171500Z,Lincoln Rackhouse and Principal Real Estate Investors acquire Atlanta data center,https://www.datacenterdynamics.com/en/news/lincoln-rackhouse-and-principal-real-estate-investors-acquire-atlanta-data-center/,datacenterdynamics.com,United States
1084,2022-08,20220808T171500Z,"Nvidia Q2 Results Are Out , and Theyre Not Good",https://www.fool.com/investing/2022/08/08/nvidias-q2-results-are-out-and-theyre-not-good/?source=iedfolrf0000001,fool.com,United States
1085,2022-08,20220808T173000Z,Geo - Distributed Apps Architecture : How Different,https://dzone.com/articles/what-makes-the-architecture-of-geo-distributed-app,dzone.com,United States
1086,2022-08,20220808T183000Z,"CBRE , FM Global Take Advantage of Sustainable , Resiliency Financing Options",https://www.environmentalleader.com/2022/08/cbre-fm-global-take-advantage-of-sustainable-resiliency-financing-options/,environmentalleader.com,United States
1087,2022-08,20220808T184500Z,"Dominion Energy , Inc . ( D ) CEO Bob Blue on Q2 2022 Results - Earnings Call Transcript",https://seekingalpha.com/article/4531566-dominion-energy-inc-d-ceo-bob-blue-on-q2-2022-results-earnings-call-transcript,seekingalpha.com,United States
1088,2022-08,20220808T201500Z,IT News Online - African Union of Broadcasting ( AUB ) Appoints Managerial Staff for its Brand New Center of Content Exchange in Algeria,http://www.itnewsonline.com/news/African-Union-of-Broadcasting-AUB-Appoints-Managerial-Staff-for-its-Brand-New-Center-of-Content-Exchange-in-Algeria/10596,itnewsonline.com,United States
1089,2022-08,20220808T201500Z,"TSS , INC . TO REPORT SECOND QUARTER 2022 RESULTS ON MONDAY , AUGUST 15th , 2022",https://forextv.com/top-news/tss-inc-to-report-second-quarter-2022-results-on-monday-august-15th-2022/,forextv.com,United States
1090,2022-08,20220808T201500Z,SK Telecom Stock : Looking Beyond The Traditional Business Model ( NYSE : SKM ) ,https://seekingalpha.com/article/4531563-sk-telecom-looking-beyond-the-traditional-business-model,seekingalpha.com,United States
1091,2022-08,20220808T203000Z,PlanetScale takes MySQL to the next level with cloud - native capabilities and improved scalability,https://siliconangle.com/2022/08/08/planetscale-takes-mysql-next-level-cloud-native-capabilities-improved-scalability-kubecon/,siliconangle.com,United States
1092,2022-08,20220808T213000Z,"Soluna Holdings , Inc . Announces Monthly Dividend for Series A Preferred Stock","https://www.streetinsider.com/Globe+Newswire/Soluna+Holdings,+Inc.+Announces+Monthly+Dividend+for+Series+A+Preferred+Stock/20431485.html",streetinsider.com,United States
1093,2022-08,20220808T220000Z,"The Christian Science Monitor Daily for August 8 , 2022",https://www.csmonitor.com/Daily/2022/20220808?icid=web:hpddp:toc:1148202,csmonitor.com,United States
1094,2022-08,20220808T220000Z,Dodge Momentum Index Moves Higher In July,https://www.glassmagazine.com/news/dodge-momentum-index-moves-higher-july,glassmagazine.com,United States
1095,2022-08,20220808T220000Z,Switch : Q2 Earnings Snapshot,https://www.sfgate.com/business/article/Switch-Q2-Earnings-Snapshot-17360085.php,sfgate.com,United States
1096,2022-08,20220808T230000Z,Nvidia warns of lower second - quarter revenue on gaming weakness,https://www.oann.com/nvidia-warns-of-lower/,oann.com,United States
1097,2022-08,20220808T234500Z,"Dominion Energy , Inc ( D ) Q2 2022 Earnings Call Transcript",https://www.fool.com/earnings/call-transcripts/2022/08/08/dominion-energy-inc-d-q2-2022-earnings-call-transc/?source=iedfolrf0000001,fool.com,United States
1098,2022-08,20220808T234500Z,Stocks mixed with all eyes on CPI Wednesday - Newsquawk US Market Wrap,https://www.zerohedge.com/markets/stocks-mixed-all-eyes-cpi-wednesday-newsquawk-us-market-wrap,zerohedge.com,United States
1099,2022-08,20220808T234500Z,Semiconductors Emerge As Battleground In US - China Race,https://www.zerohedge.com/technology/semiconductors-emerge-battleground-us-china-race,zerohedge.com,United States
1100,2022-08,20220809T000000Z,"Soluna Holdings , Inc . Announces Monthly Dividend For Series ... ",https://menafn.com/1104665987/Soluna-Holdings-Inc-Announces-Monthly-Dividend-For-Series-A-Preferred-Stock,menafn.com,Qatar
1101,2022-08,20220809T000000Z,POET Technologies Reports Second Quarter 2022 Financial Results,https://www.streetinsider.com/Globe+Newswire/POET+Technologies+Reports+Second+Quarter+2022+Financial+Results/20433453.html,streetinsider.com,United States
1102,2022-08,20220809T000000Z,PubMatic Announces Second Quarter 2022 Financial Results,https://www.streetinsider.com/Globe+Newswire/PubMatic+Announces+Second+Quarter+2022+Financial+Results/20431743.html,streetinsider.com,United States
1103,2022-08,20220809T001500Z,The InfoQ eMag - The Cloud Operating Model,https://www.infoq.com/minibooks/cloud-operating-model/,infoq.com,United States
1104,2022-08,20220809T001500Z,  Electrical event  at Council Bluff Google Data Center critically injures 3,https://www.ketv.com/article/council-bluffs-google-data-center-electrical-event-three-people-critically-injured/40838924,ketv.com,United States
1105,2022-08,20220820T003000Z,What to expect during VMware Explore : Join theCUBE Aug . 30 - Sept . 1,https://siliconangle.com/2022/08/19/expect-vmware-explore-join-thecube-aug-30-sept-1-vmwareexplore/,siliconangle.com,United States
1106,2022-08,20220820T013000Z,"Stock Market Investing Action Plan : Jackson Hole , Nvidia , Toll Brothers , Chip Stocks",https://www.investors.com/research/investing-action-plan/stock-market-investing-action-plan-jackson-hole-nvidia-toll-brothers-chip-stocks/,investors.com,United States
1107,2022-08,20220820T033000Z,"Mesa election : Where City Council candidates stand on water , housing , job growth",https://www.yahoo.com/lifestyle/mesa-election-where-city-council-143005525.html,yahoo.com,United States
1108,2022-08,20220820T051500Z,Global Recreation Management Software Market Size To Cross U ... ,https://menafn.com/1104725533/Global-Recreation-Management-Software-Market-Size-To-Cross-USD-3654-Bn-By-2027-124-CAGR-Growth,menafn.com,Qatar
1109,2022-08,20220820T061500Z,Google awards $250K grant to support nutrient reduction and water quality,https://nonpareilonline.com/news/local/google-awards-250k-grant-to-support-nutrient-reduction-and-water-quality/article_f6991ae8-2003-11ed-b7dc-2f893a112a46.html,nonpareilonline.com,United States
1110,2022-08,20220820T110000Z,New incentives for clean energy arent enough . The Inflation Reduction Act was just a first step . ,https://kansasreflector.com/2022/08/20/new-incentives-for-clean-energy-arent-enough-the-inflation-reduction-act-was-just-a-first-step/,kansasreflector.com,
1111,2022-08,20220820T114500Z,University of Stirling puts out tender for new data center,https://www.datacenterdynamics.com/en/news/university-of-stirling-puts-out-tender-for-new-data-center/,datacenterdynamics.com,United States
1112,2022-08,20220820T114500Z,Evolving applications need evolving infrastructure,https://www.datacenterdynamics.com/en/opinions/evolving-applications-need-evolving-infrastructure/,datacenterdynamics.com,United States
1113,2022-08,20220820T114500Z,Kam Patel - DCD,https://www.datacenterdynamics.com/en/profile/kam-patel/,datacenterdynamics.com,United States
1114,2022-08,20220820T114500Z,Enterprise data centers : serious about sustainability,https://www.datacenterdynamics.com/en/whitepapers/enterprise-data-centers-serious-about-sustainability/,datacenterdynamics.com,United States
1115,2022-08,20220820T134500Z,Stocks To Watch : ,https://seekingalpha.com/article/4535941-stocks-to-watch-spotlight-on-nvidia-dollar-general-and-inflation-talk-at-jackson-hole,seekingalpha.com,United States
1116,2022-08,20220820T140000Z,Woodburn company speeds broadband development with waste plastic,https://www.statesmanjournal.com/story/money/business/2022/08/20/woodburn-company-speeds-broadband-development-with-waste-plastic-cascade-poly/65397743007/,statesmanjournal.com,United States
1117,2022-08,20220820T161500Z,Tesla in - house supercomputer is something special - but the next will be even better,https://www.techradar.com/news/teslas-in-house-supercomputer-is-something-special-but-the-next-will-be-even-better,techradar.com,United Kingdom
1118,2022-08,20220820T163000Z,Keysight Technologies ( NYSE : KEYS ) Price Target Raised to $193 . 00 at Deutsche Bank Aktiengesellschaft,https://www.etfdailynews.com/2022/08/20/keysight-technologies-nysekeys-price-target-raised-to-193-00-at-deutsche-bank-aktiengesellschaft/,etfdailynews.com,United States
1119,2022-08,20220820T163000Z,How realistic are the post - Roe abortion workarounds that are filling social media ? ,https://www.wfae.org/health/2022-08-19/how-realistic-are-the-post-roe-abortion-workarounds-that-are-filling-social-media,wfae.org,United States
1120,2022-08,20220820T164500Z,3 Hail Mary Plays to Bring Your Stock Portfolio Back From the Brink,https://www.stltoday.com/business/investment/personal-finance/3-hail-mary-plays-to-bring-your-stock-portfolio-back-from-the-brink/article_d9d14572-7600-5407-9cb1-7fdc1dacae4f.html,stltoday.com,United States
1121,2022-08,20220820T211500Z,Chipmakers Cut Investments After Subsidies - Shame On You ! ,https://cleantechnica.com/2022/08/20/chipmakers-cut-investments-after-subsidies-shame-on-you/,cleantechnica.com,United States
1122,2022-08,20220821T030000Z,"January 22 , 2013 Digital Edition",https://www.drdobbs.com/digital/012213/?cid=ddj_premium_February2013,drdobbs.com,United States
1123,2022-08,20220821T104500Z,7 Tech Stocks to Buy Before the Bull Market Returns,https://investorplace.com/tech-stocks-to-buy-before-bull-market-returns/,investorplace.com,United States
1124,2022-08,20220821T104500Z,"Canton Township - based Technibus expanding facility , adding workers",https://www.cantonrep.com/story/business/2022/08/21/canton-township-based-technibus-expanding-facility-adding-workers/65407316007/,cantonrep.com,United States
1125,2022-08,20220821T114500Z,"Got $3 , 000 ? 3 Top Growth Stocks to Buy That Could Double Your Money",https://www.fool.com/investing/2022/08/21/got-3000-3-top-growth-stocks-to-buy-that-could-dou/?source=iedfolrf0000001,fool.com,United States
1126,2022-08,20220821T114500Z,New Bull Market or Recession ? 3 Tech Stocks That Will Thrive Either Way,https://www.fool.com/investing/2022/08/21/new-bull-market-or-recession-3-tech-stocks-that-wi/?source=iedfolrf0000001,fool.com,United States
1127,2022-08,20220821T124500Z,Wall Street Top Analysts Say These Are Their Favorite Stocks Right Now,https://www.nbcsandiego.com/news/business/money-report/wall-streets-top-analysts-say-these-are-their-favorite-stocks-right-now-2/3028321/,nbcsandiego.com,United States
1128,2022-08,20220821T133000Z,Playing  Chicken  With The Fed,https://seekingalpha.com/article/4535988-playing-chicken-with-fed,seekingalpha.com,United States
1129,2022-08,20220821T174500Z,ECU Notes : STEM camp returns to campus,https://www.reflector.com/news/local/ecu-notes-stem-camp-returns-to-campus/article_0856f140-b9e6-5d2c-8986-69afb3e2e772.html,reflector.com,United States
1130,2022-08,20220821T190000Z,Tech firm Sterling blossoms in North Sioux City,https://siouxcityjournal.com/business/local/tech-firm-sterling-blossoms-in-north-sioux-city/article_23cc75a6-aaf0-5159-aad2-4aceb7406f13.html,siouxcityjournal.com,United States
1131,2022-08,20220821T221500Z,"Meta works with Kuna , fire district to soften blow of HB 389 , rapid growth ... ",https://www.idahopress.com/eyeonboise/meta-works-with-kuna-fire-district-to-soften-blow-of-hb-389-rapid-growth/article_4e17f909-a63a-5ac4-91d7-52737a2ab6f4.html,idahopress.com,United States
1132,2022-08,20220827T000000Z,CDC Cautiously Optimistic That Monkeypox Outbreak Might Be Slowing as Cases Fall in Major Cities,https://www.nbcdfw.com/news/business/money-report/cdc-cautiously-optimistic-that-monkeypox-outbreak-might-be-slowing-as-cases-fall-in-major-cities/3058232/,nbcdfw.com,United States
1133,2022-08,20220827T001500Z,Racial disparities return in monkeypox vaccine campaign,https://www.mdjonline.com/tribune/georgia/racial-disparities-return-in-monkeypox-vaccine-campaign/article_9b42e425-9dba-51a4-9eba-e0a0064f02ce.html,mdjonline.com,United States
1134,2022-08,20220827T011500Z,"Ivrnet Inc .: Ivrnet Announces Financial Results for Six - Months Ended June 30 , 2022 and Provides Update on Trading Halt",https://www.finanznachrichten.de/nachrichten-2022-08/56912603-ivrnet-inc-ivrnet-announces-financial-results-for-six-months-ended-june-30-2022-and-provides-update-on-trading-halt-200.htm,finanznachrichten.de,Germany
1135,2022-08,20220827T020000Z,Charting How Fast Cloud Use Has Grown in Government,https://www.govtech.com/biz/data/charting-how-fast-cloud-use-has-grown-in-government,govtech.com,United States
1136,2022-08,20220827T023000Z,"Dell Stock Retreats On Weaker Sales , Falls Into Value Terrirtory",https://www.valuewalk.com/dell-stock-retreats-on-weaker-sales-falls-into-value-terrirtory/,valuewalk.com,United States
1137,2022-08,20220827T030000Z,"IT News Online - Ivrnet Announces Financial Results for Six - Months Ended June 30 , 2022 and Provides Update on Trading Halt",http://www.itnewsonline.com/news/Ivrnet-Announces-Financial-Results-for-Six-Months-Ended-June-30-2022-and-Provides-Update-on-Trading-Halt/10871,itnewsonline.com,United States
1138,2022-08,20220827T043000Z,China telecom sector sees stable growth in Jan .- July,https://www.bignewsnetwork.com/news/272668750/chinas-telecom-sector-sees-stable-growth-in-jan-july,bignewsnetwork.com,United States
1139,2022-08,20220827T074500Z,DigitalBridge Group ( DBRG ) is Ave Maria New Addition,https://www.insidermonkey.com/blog/digitalbridge-group-dbrg-is-ave-marias-new-addition-1060565/,insidermonkey.com,United States
1140,2022-08,20220827T100000Z,What Are Managed Services in IT ? ,https://goodmenproject.com/business-ethics-2/what-are-managed-services-in-it/,goodmenproject.com,United States
1141,2022-08,20220827T110000Z,"Chesterfield , Henrico , 2 other Va . localities vie for semiconductor chip sites",https://starexponent.com/news/state-and-regional/chesterfield-henrico-2-other-va-localities-vie-for-semiconductor-chip-sites/article_a1ae14bd-4dd4-5ccf-956f-a27bef34d9a5.html,starexponent.com,United States
1142,2022-08,20220827T113000Z,3 Stocks That Are Screaming Buys Right Now,https://investorplace.com/2022/08/3-stocks-that-are-screaming-buys-right-now-lyft-ftnt-nvda/,investorplace.com,United States
1143,2022-08,20220827T114500Z,2 Mega - Growth Stocks That Billionaires Cant Stop Buying,https://www.fool.com/investing/2022/08/27/2-mega-growth-stocks-billionaires-cant-stop-buying/,fool.com,United States
1144,2022-08,20220827T123000Z,"Dell Stock Retreats On Weaker Sales , Falls Into Value Terrir ... ",https://menafn.com/1104765167/Dell-Stock-Retreats-On-Weaker-Sales-Falls-Into-Value-Terrirtory,menafn.com,Qatar
1145,2022-08,20220827T123000Z,2 Industrial Stocks to Buy Before the Bear Market Is Over,https://www.fool.com/investing/2022/08/27/2-industrial-stocks-to-buy-before-the-bear-market/?source=iedfolrf0000001,fool.com,United States
1146,2022-08,20220827T134500Z,Billionaire Investor Says  Buy REITs  ,https://seekingalpha.com/article/4536164-billionaire-investor-says-buy-reits,seekingalpha.com,United States
1147,2022-08,20220827T154500Z,2021 Gold & Silver Shovel Awards Recognize State and Local Economic Development Efforts,https://www.areadevelopment.com/Gold-Shovel-Econdev-Awards/Q2-2021/recognize-new-state-and-local-economic-development-efforts.shtml,areadevelopment.com,United States
1148,2022-08,20220827T170000Z,Warrenton boundary adjustment process delayed after tweaks to Fauquier Supervisors resolution,https://www.rappnews.com/news/government/warrenton-boundary-adjustment-process-delayed-after-tweaks-to-fauquier-supervisors-resolution/article_1404bbf6-260c-11ed-9e13-1baafe3afb3f.html,rappnews.com,United States
1149,2022-08,20220827T184500Z,Looking for Tech Stocks ? These 3 Are Great Buys,https://www.fool.com/investing/2022/08/27/looking-for-tech-stocks-these-3-are-great-buys/,fool.com,United States
1150,2022-08,20220827T204500Z,USD 20 . 57 billion in Telecom Market Size In Middle East due to Continuous Technology Enhancements,https://finance.yahoo.com/news/usd-20-57-billion-telecom-120000976.html,finance.yahoo.com,United States
1151,2022-08,20220827T210000Z,Utah Startup Making Treasure Map For Geothermal Energy,https://www.rigzone.com/news/wire/utah_startup_making_treasure_map_for_geothermal_energy-27-aug-2022-170128-article/,rigzone.com,United States
1152,2022-08,20220828T000000Z,PCI Express 4 . 0 PHY IP Core,https://www.design-reuse.com/sip/pci-express-4-0-phy-ip-51184/,design-reuse.com,China
1153,2022-08,20220828T001500Z,Alphawave IP Acquisition of OpenFive Approved by All Regulators – Padovanews,http://www.padovanews.it/2022/08/28/alphawave-ip-acquisition-of-openfive-approved-by-all-regulators/,padovanews.it,Italy
1154,2022-08,20220828T013000Z,"Houses are going for at least double the asking price in these metros , according to data",http://www.msn.com/en-us/money/realestate/houses-are-going-for-at-least-double-the-asking-price-in-these-metros-according-to-data/ss-AA11ay87,msn.com,United States
1155,2022-08,20220828T054500Z,Bali can become location for genomic data research center : Minister,https://en.antaranews.com/news/246789/bali-can-become-location-for-genomic-data-research-center-minister,en.antaranews.com,Indonesia
1156,2022-08,20220828T080000Z,Fire hits SSS central office,https://www.sunstar.com.ph/article/1939144/manila/local-news/fire-hits-sss-central-office,sunstar.com.ph,Philippines
1157,2022-08,20220828T083000Z,"Adani Group firm plans to build 1 , 000 - MW data centres in 10 years",https://www.business-standard.com/article/companies/adani-group-s-firm-plans-to-build-1-000-mw-data-centres-in-10-years-122082800255_1.html,business-standard.com,India
1158,2022-08,20220828T101500Z,Agencies approve Greenwood Solar site plan ; Culpeper planners hold off,https://starexponent.com/agriculture/agencies-approve-greenwood-solar-site-plan-culpeper-planners-hold-off/article_bd41595e-e8f9-56b3-9ed9-4d83050f7132.html,starexponent.com,United States
1159,2022-08,20220828T160000Z,3 Tech Stocks With More Potential Than Any Cryptocurrency,https://www.fool.com/investing/2022/08/28/3-tech-stocks-with-more-potential-than-any-cryptoc/?source=iedfolrf0000001,fool.com,United States
1160,2022-08,20220828T160000Z,3 Ultra - Growth Stocks That Simply Cannot Be Stopped,https://www.fool.com/investing/2022/08/28/3-ultra-growth-stocks-simply-cannot-be-stopped/?source=iedfolrf0000001,fool.com,United States
1161,2022-08,20220828T180000Z,IT GEEK TO ME : Weather app woes - Odessa American,https://www.oaoa.com/people/its-geek-to-me-weather-app-woes/,oaoa.com,United States
1162,2022-08,20220828T190000Z,Fire hits SSS main building,https://www.philstar.com/nation/2022/08/29/2205804/fire-hits-sss-main-building,philstar.com,Philippines
1163,2022-08,20220828T201500Z,Nutanix Named A 2022 Gartner Peer Insights Customer Choice ... ,https://menafn.com/1104770961/Nutanix-Named-A-2022-Gartner-Peer-Insights-Customers-Choice-For-Hyperconverged-Infrastructure-Software-And-Distributed-Files-And-Object-Storage,menafn.com,Qatar
1164,2022-08,20220828T231500Z,"The Global Power Optimizer Market size is expected to reach $5 . 2 billion by 2028 , rising at a market growth of 10 . 4 % CAGR during the forecast period",https://ca.finance.yahoo.com/news/global-power-optimizer-market-size-110700500.html,ca.finance.yahoo.com,United States
1165,2022-08,20220828T234500Z,"Adani Group plans to build 1 , 000 - MW data centres in 10 years - Jammu Kashmir Latest News | Tourism",https://www.dailyexcelsior.com/adani-group-plans-to-build-1000-mw-data-centres-in-10-years/,dailyexcelsior.com,India
1166,2022-08,20220829T000000Z,Controversy in Kuna : Meta data center draws mixed response,https://www.ktvb.com/article/news/local/idaho-press/controversy-kuna-metas-new-data-center-mixed-response/277-8d637f2d-5671-4a2e-bc4f-b7cef0538fd0,ktvb.com,United States
1167,2022-08,20220829T003000Z,"NextDC Beats FY Earnings Guidance , Signals More to Come -- Update",https://www.marketwatch.com/story/nextdc-beats-fy-earnings-guidance-signals-more-to-come-update-271661725693,marketwatch.com,United States
1168,2022-08,20220829T004500Z,stc launches first high - speed submarine cable in Red Sea,https://www.arabnews.com/node/2152131/corporate-news,arabnews.com,Saudi Arabia
1169,2022-08,20220829T011500Z,Indian services giants fight over moonlighting employees,https://www.theregister.com/2022/08/29/india_it_worker_moonlighting_debate/,theregister.com,
1170,2022-08,20220829T053000Z,"Transparency Market Research : Wide Band Gap Semiconductors Market to Attract Value of US$ 9 . 5 Billion by 2031 , States TMR Study",https://www.finanznachrichten.de/nachrichten-2022-08/56915902-transparency-market-research-wide-band-gap-semiconductors-market-to-attract-value-of-us-dollar-9-5-billion-by-2031-states-tmr-study-008.htm,finanznachrichten.de,Germany
1171,2022-08,20220829T063000Z,Semtech sampling CopperEdge 400G / 800G data centre interconnects,https://www.electronicsweekly.com/news/business/semtech-sampling-copperedge-2022-08/,electronicsweekly.com,United Kingdom
1172,2022-08,20220829T093000Z,Government designs Nongsa Digital Park to develop digital economy,https://en.antaranews.com/news/246873/government-designs-nongsa-digital-park-to-develop-digital-economy,en.antaranews.com,Indonesia
1173,2022-08,20220829T100000Z,Four Camarines Sur lawmakers push for OK of  Bangko sa Baryo Act  – Manila Bulletin,https://mb.com.ph/2022/08/29/four-camarines-sur-lawmakers-push-for-ok-of-bangko-sa-baryo-act/,mb.com.ph,Philippines
1174,2022-08,20220829T111500Z,Katalyst Continues Worldwide Growth by Acquiring Geopost Energy,https://www.streetinsider.com/Business+Wire/Katalyst+Continues+Worldwide+Growth+by+Acquiring+Geopost+Energy/20520844.html,streetinsider.com,United States
1175,2022-08,20220829T113000Z,1 Green Flag and 1 Red Flag for Nvidia After a Tough Earnings Report,https://www.fool.com/investing/2022/08/29/1-green-flag-and-1-red-flag-for-nvidia-after-a-tou/,fool.com,United States
1176,2022-08,20220829T131500Z,"Social Tech , Super App Innovator Bebuzee , Inc . ( OTC : ENGA ) Furthers Global Expansion with Launch of Fully Operational Data Centers in Amsterdam , Netherlands , and Frankfurt , Germany",https://finance.yahoo.com/news/social-tech-super-app-innovator-123000810.html,finance.yahoo.com,United States
1177,2022-08,20220829T133000Z,iDEAL Semiconductor Devices to expand Lehigh Valley facility - Pennsylvania Business Report,https://pennbizreport.com/news/24338-ideal-semiconductor-devices-to-expand-lehigh-valley-facility/,pennbizreport.com,
1178,2022-08,20220829T140000Z,"MDC Welcomes Hurricane Electric Global Network to McAllen , Texas Data Center",https://apnews.com/press-release/business-wire/technology-texas-mcallen-0cfc4343dd574ed881927de72732ebe4,apnews.com,United States
1179,2022-08,20220829T143000Z,Accelerating the Modern Data Center – Gear Up for AI - High - Performance Computing News Analysis,https://insidehpc.com/2022/08/accelerating-the-modern-data-center-gear-up-for-ai/,insidehpc.com,United States
1180,2022-08,20220829T144500Z,Semiconductor IP Market Size To Reach USD 12 . 3 Billion at a CAGR of 10 . 20 % by 2030 - Report by Market Research Future ( MRFR ) ,https://forextv.com/top-news/semiconductor-ip-market-size-to-reach-usd-12-3-billion-at-a-cagr-of-10-20-by-2030-report-by-market-research-future-mrfr/,forextv.com,United States
1181,2022-08,20220829T144500Z,Semico Research Concludes proteanTecs Deep Data Analytics Gives SoC Manufacturers a Six - Month Time - to - Market Advantage with Significant Savings,https://www.prnewswire.com:443/news-releases/semico-research-concludes-proteantecs-deep-data-analytics-gives-soc-manufacturers-a-six-month-time-to-market-advantage-with-significant-savings-301613722.html,prnewswire.com,United States
1182,2022-08,20220829T144500Z,Waferscale startup says it can stitch chips with light,https://www.theregister.com/2022/08/29/waferscale_photonics_interconnect/,theregister.com,
1183,2022-08,20220829T150000Z,Why Nvidia Didnt Really Have a Bad Quarter,https://www.fool.com/investing/2022/08/29/why-nvidia-didnt-really-have-a-bad-quarter/,fool.com,United States
1184,2022-08,20220829T150000Z,High Density Packaging User Group Announces Advanced Micro Devices ( AMD ) Membership,https://www.prweb.com/releases/2022/8/prweb18861749.htm,prweb.com,United States
1185,2022-08,20220829T151500Z,AMD and Nvidia GPUs could soon have their prices slashed,https://www.techradar.com/news/amd-and-nvidia-gpus-could-soon-have-their-prices-slashed,techradar.com,United Kingdom
1186,2022-08,20220829T160000Z,Thirsty for data storage knowledge ? Fill up here . ,https://www.theregister.com/2022/08/29/thirsty_for_data_storage_knowledge/,theregister.com,
1187,2022-08,20220829T161500Z,Meet national powerhouse SmithGroup : Your Next Employer ? ,https://archinect.com/news/article/150321998/meet-national-powerhouse-smithgroup-your-next-employer,archinect.com,United States
1188,2022-08,20220829T161500Z,Still growing Armenian mining operator increases power plant capacity,https://cointelegraph.com/news/still-growing-armenian-mining-operator-increases-power-plant-capacity,cointelegraph.com,China
1189,2022-08,20220829T161500Z,Cologix Expanding Data Center Campus in the Columbus,https://www.globenewswire.com/news-release/2022/08/29/2506136/0/en/Cologix-Expanding-Data-Center-Campus-in-the-Columbus-Region-Investing-More-Than-150-Million.html,globenewswire.com,United States
1190,2022-08,20220829T170000Z,"National Institutes of Health Awards Arkansas Children Research Institute , Children Hospital of Philadelphia $9 . 7 Million for Antifungal Therapy Study",https://www.prnewswire.com:443/news-releases/national-institutes-of-health-awards-arkansas-childrens-research-institute-childrens-hospital-of-philadelphia-9-7-million-for-antifungal-therapy-study-301613303.html,prnewswire.com,United States
1191,2022-08,20220829T181500Z,"Arm chips gaining in data centers , but still in single digits | Data Center Knowledge | News and analysis for the data center industry",https://www.datacenterknowledge.com:443/arm/arm-chips-gaining-data-centers-still-single-digits,datacenterknowledge.com,United States
1192,2022-08,20220829T183000Z,Microsoft launches Arm - based Azure VMs powered by Ampere chips,https://news.yahoo.com/microsoft-launches-arm-based-azure-174956388.html,news.yahoo.com,United States
1193,2022-08,20220829T200000Z,$9 . 7M Awarded for Antifungal Study Co - Led by Arkansas Children ,https://www.arkansasbusiness.com/article/141176/97m-awarded-for-antifungal-study-co-led-by-arkansas-childrens,arkansasbusiness.com,United States
1194,2022-08,20220829T200000Z,$4 million Comcast expansion brings internet to Northern Utah,https://www.utahbusiness.com/comcast-expansion-in-northern-utah-announced/,utahbusiness.com,United States
1195,2022-08,20220829T204500Z,"APPLIED BLOCKCHAIN , INC . – 10 - K – Management Discussion and Analysis of Financial Condition and Results of Operations",https://insurancenewsnet.com/oarticle/applied-blockchain-inc-10-k-managements-discussion-and-analysis-of-financial-condition-and-resultsof-operations,insurancenewsnet.com,United States
1196,2022-08,20220829T210000Z,Self - driving cars : A future with autonomous vehicles is not far away,https://www.usatoday.com/story/tech/2022/08/29/self-driving-cars-future-gm-tesla/7896389001/,usatoday.com,United States
1197,2022-08,20220829T223000Z,"Navitas Pure - Play , Next - Gen Semi Growth Highlighted at",https://www.globenewswire.com/news-release/2022/08/29/2506287/0/en/Navitas-Pure-Play-Next-Gen-Semi-Growth-Highlighted-at-Deutsche-Bank-2022-Technology-Conference.html,globenewswire.com,United States
1198,2022-08,20220829T224500Z,Marvell Technology Slides on Weaker - Than - Expected Sales Forecast,https://www.datacenterknowledge.com:443/business/marvell-technology-slides-weaker-expected-sales-forecast,datacenterknowledge.com,United States
1199,2022-08,20220829T230000Z,Effectively Managing and Securing Assets in A Hybrid IT Environment,https://www.networkcomputing.com/networking/effectively-managing-and-securing-assets-hybrid-it-environment,networkcomputing.com,United States
1200,2022-08,20220830T000000Z,Protestors chant outside Amazon Web Services Data Center,https://www.wusa9.com/article/news/local/amazon-data-center-prince-william-county-great-oak-community/65-abb14ad1-66a3-4f14-951b-9f6de39a7c64,wusa9.com,United States
1201,2022-09,20220904T000000Z,Noise from a neighborhood cryptocurrency mine : Like  a jet engine  ,https://finans.dk/global/washingtonpost/ECE14361974/noise-from-a-neighborhoods-cryptocurrency-mine-like-a-jet-engine/,finans.dk,Denmark
1202,2022-09,20220904T060000Z,"samsung : Slimmer hinge is key to Samsung foldable success : Top executive , Telecom News , ET Telecom",https://telecom.economictimes.indiatimes.com/news/slimmer-hinge-is-key-to-samsung-foldables-success-top-executive/93979984,telecom.economictimes.indiatimes.com,India
1203,2022-09,20220904T060000Z,Alpha and Omega Semiconductor ( NASDAQ : AOSL ) Shares Gap Up to $36 . 01,https://www.etfdailynews.com/2022/09/04/alpha-and-omega-semiconductor-nasdaqaosl-shares-gap-up-to-36-01/,etfdailynews.com,United States
1204,2022-09,20220904T073000Z,"Cloud Providers Target Middle East : AWS Adds Region in the United Arab Emirates , Microsoft in Qatar",https://www.infoq.com/news/2022/09/aws-azure-middle-east/,infoq.com,United States
1205,2022-09,20220904T123000Z,2 Growth Stocks Billionaire Hedge Fund Managers Are Buying in a Bear Market,https://www.fool.com/investing/2022/09/04/2-growth-stocks-hedge-fund-managers-are-buying/,fool.com,United States
1206,2022-09,20220904T154500Z,"cyrus mistry : Former Tata Sons head Cyrus Mistry dies in car crash near Mumbai , Telecom News , ET Telecom",https://telecom.economictimes.indiatimes.com/news/former-tata-sons-head-cyrus-mistry-dies-in-car-crash-near-mumbai/93985205,telecom.economictimes.indiatimes.com,India
1207,2022-09,20220904T154500Z,"google pixel buds pro : Google Pixel Buds Pro to make it easier to change ANC with new update , Telecom News , ET Telecom",https://telecom.economictimes.indiatimes.com/news/google-pixel-buds-pro-to-make-it-easier-to-change-anc-with-new-update/93985750,telecom.economictimes.indiatimes.com,India
1208,2022-09,20220904T154500Z,Wall Street Top Analysts Pick These Stocks as Safe Bets Right Now,https://www.nbcchicago.com/news/business/money-report/wall-streets-top-analysts-pick-these-stocks-as-safe-bets-right-now/2931145/,nbcchicago.com,United States
1209,2022-09,20220904T174500Z,Cloud Adoption for HPC : Trends and Opportunities - High - Performance Computing News Analysis,https://insidehpc.com/white-paper/cloud-adoption-for-hpc-trends-and-opportunities/,insidehpc.com,United States
1210,2022-09,20220904T194500Z,GAC given excellence award by Microsoft,https://www.gulf-times.com/story/723692/GAC-given-excellence-award-by-Microsoft,gulf-times.com,Qatar
1211,2022-09,20220904T223000Z,Leading tech professionals to virtually discuss cloud solutions and sustainable data centres in Qatar,https://www.finanznachrichten.de/nachrichten-2022-09/56973024-leading-tech-professionals-to-virtually-discuss-cloud-solutions-and-sustainable-data-centres-in-qatar-011.htm,finanznachrichten.de,Germany
1212,2022-09,20220905T023000Z,China orders tech companies to ID users who spread fake news,https://www.theregister.com/2022/09/05/asia_in_brief/,theregister.com,
1213,2022-09,20220905T051500Z,"Commercial HVAC Market Size to Grow by USD 22 . 09 billion , Carrier Global Corp . and Daikin Industries Ltd . Among Key Vendors",https://www.prnewswire.com:443/news-releases/commercial-hvac-market-size-to-grow-by-usd-22-09-billion-carrier-global-corp-and-daikin-industries-ltd-among-key-vendors---technavio-301617097.html,prnewswire.com,United States
1214,2022-09,20220905T054500Z,Three SK Group units work with Petronas subsidiary to cooperate in clean energy business,https://www.ajudaily.com/view/20220905102003343,ajudaily.com,
1215,2022-09,20220905T061500Z,"microsoft corp : Software superpower India to join world data capitals : Microsoft Corp president Brad Smith , Telecom News , ET Telecom",https://telecom.economictimes.indiatimes.com/news/software-superpower-india-to-join-world-data-capitals-microsoft-corp-president-brad-smith/93992252,telecom.economictimes.indiatimes.com,India
1216,2022-09,20220905T061500Z,"tata digital : Tata Digital tweaking Neu after complaints of glitches , Telecom News , ET Telecom",https://telecom.economictimes.indiatimes.com/news/tata-digital-tweaking-neu-after-complaints-of-glitches/93992427,telecom.economictimes.indiatimes.com,India
1217,2022-09,20220905T061500Z,"croma : Tatas infuse Rs 500 crore into Croma owner to expand ops , Telecom News , ET Telecom",https://telecom.economictimes.indiatimes.com/news/tatas-infuse-rs-500-crore-into-croma-owner-to-expand-ops/93992534,telecom.economictimes.indiatimes.com,India
1218,2022-09,20220905T063000Z,14 hot products from VMware Explore 2022,https://www.crn.com.au/news/14-hot-products-from-vmware-explore-2022-584822,crn.com.au,Australia
1219,2022-09,20220905T064500Z,Result of PeduliLindungi development brings trust from the G20,https://en.antaranews.com/news/248041/result-of-pedulilindungis-development-brings-trust-from-the-g20,en.antaranews.com,Indonesia
1220,2022-09,20220905T071500Z,What Is Web Hosting and How Does It Work : Learn Through Hostinger Web Hosting Services,https://www.techtimes.com/articles/280071/20220905/what-web-hosting-how-it-work-learn-through-hostinger-web-hosting-services.htm,techtimes.com,United States
1221,2022-09,20220905T083000Z,NetApp and VMware powers the multi - cloud era,https://www.itp.net/infrastructure/cloud/netapp-and-vmware-powers-the-multi-cloud-era,itp.net,United Arab Emirates
1222,2022-09,20220905T084500Z,"Keysight Technologies , Inc . ( NYSE : KEYS ) Given Average Recommendation of  Moderate Buy  by Brokerages",https://www.etfdailynews.com/2022/09/05/keysight-technologies-inc-nysekeys-given-average-recommendation-of-moderate-buy-by-brokerages/,etfdailynews.com,United States
1223,2022-09,20220905T094500Z,Delta Electronics Wins 2022 AUSTRALIA - TAIWAN Business Partnership Award from ANZCham Taipei,https://markets.businessinsider.com/news/stocks/delta-electronics-wins-2022-australia-taiwan-business-partnership-award-from-anzcham-taipei-1031723943,markets.businessinsider.com,United States
1224,2022-09,20220905T101500Z,AMD Pensando DPUs speed data centres with VMware vSphere 8,https://it-online.co.za/2022/09/05/amd-pensando-dpus-speed-data-centres-with-vmware-vsphere-8/,it-online.co.za,South Africa
1225,2022-09,20220905T101500Z,Cloud Computing on the Court ! – Sify,https://www.sify.com/data-centers/cloud-computing-on-the-court/,sify.com,India
1226,2022-09,20220905T103000Z,CATL Partners With Leading Solar PV Inverter Firm Sungrow,https://pandaily.com/catl-partners-with-leading-solar-pv-inverter-firm-sungrow/,pandaily.com,
1227,2022-09,20220905T103000Z,The cloud is coming for your mainframes,https://www.infoworld.com/article/3672149/the-cloud-is-coming-for-your-mainframes.html,infoworld.com,United States
1228,2022-09,20220905T110000Z,How to accelerate memory bandwidth by 50 % with ZeroPoint technology,https://www.design-reuse.com/articles/52588/how-to-accelerate-memory-bandwidth-by-50-with-zeropoint-technology.html,design-reuse.com,China
1229,2022-09,20220905T120000Z,Liguria Digitale data center in Genoa inaugurated after two years of renovations,https://www.datacenterdynamics.com/en/news/liguria-digitale-data-center-in-genoa-inaugurated-after-two-years-of-renovations/,datacenterdynamics.com,United States
1230,2022-09,20220905T124500Z,"With 7 . 8 % CAGR , Machine Vision Market Worth USD 14 . 18 Billio ... ",https://menafn.com/1104812345/With-78-CAGR-Machine-Vision-Market-Worth-USD-1418-Billion-By-2028,menafn.com,Qatar
1231,2022-09,20220905T130000Z,Big Data in Healthcare Market Size Worth USD 81 . 3 Billion by 2030 at 18 . 2 % CAGR - Report by Market Research Future ( MRFR ) ,https://forextv.com/top-news/big-data-in-healthcare-market-size-worth-usd-81-3-billion-by-2030-at-18-2-cagr-report-by-market-research-future-mrfr/,forextv.com,United States
1232,2022-09,20220905T131500Z,"iMasons Expand into LATAM , Building Momentum for Climate Accord | Data Center Knowledge | News and analysis for the data center industry",https://www.datacenterknowledge.com/sustainability/imasons-expands-latam-building-momentum-climate-accord,datacenterknowledge.com,United States
1233,2022-09,20220905T143000Z,"Rising Contract Pricing Offsets Falling Demand , Total 2Q22 NAND Flash Revenue Increases 1 . 1 % QoQ",http://ein.iconnect007.com/index.php/article/133246/rising-contract-pricing-offsets-falling-demand-total-2q22-nand-flash-revenue-increases-11-qoq/133249/,ein.iconnect007.com,United States
1234,2022-09,20220905T150000Z,The rise of Green Data Centers – Sify,https://www.sify.com/data-centers/the-rise-of-green-data-centers/,sify.com,India
1235,2022-09,20220905T160000Z,"India Australia : Australian and Indian commercial space links take flight , Telecom News , ET Telecom",https://telecom.economictimes.indiatimes.com/news/australian-and-indian-commercial-space-links-take-flight/94006983,telecom.economictimes.indiatimes.com,India
1236,2022-09,20220905T160000Z,"myanmar : Qatar Ooredoo to sell Myanmar unit to Singapore firm , Telecom News , ET Telecom",https://telecom.economictimes.indiatimes.com/news/qatars-ooredoo-to-sell-myanmar-unit-to-singapore-firm/94006408,telecom.economictimes.indiatimes.com,India
1237,2022-09,20220905T160000Z,"TikTok hacked : TikTok hacked , over 2 bn user database records stolen : Security researchers , Telecom News , ET Telecom",https://telecom.economictimes.indiatimes.com/news/tiktok-hacked-over-2-bn-user-database-records-stolen-security-researchers/94006708,telecom.economictimes.indiatimes.com,India
1238,2022-09,20220905T161500Z,Analysts Turn Cautious on Nvidia Stock amid Slowing Economy,https://www.economywatch.com/news/analysts-turn-cautious-on-nvidia-stock-amid-slowing-economy,economywatch.com,China
1239,2022-09,20220905T164500Z,Legrand : Total Number of Shares and Voting Rights,https://www.finanznachrichten.de/nachrichten-2022-09/56980480-legrand-total-number-of-shares-and-voting-rights-004.htm,finanznachrichten.de,Germany
1240,2022-09,20220905T170000Z,"Sustainability Initiatives Promoting Big Data and Analytics Adoption in A / NZ , Spending to Reach USD $8 . 9 Billion by 2026 , Says IDC",https://www.pressreleasepoint.com/sustainability-initiatives-promoting-big-data-and-analytics-adoption-anz-spending-reach-usd-89,pressreleasepoint.com,United States
1241,2022-09,20220905T174500Z,These 3  Strong Buy  Crypto Stocks Deserve Attention Right Now,https://markets.businessinsider.com/news/stocks/these-3-strong-buy-crypto-stocks-deserve-attention-right-now-1031724641,markets.businessinsider.com,United States
1242,2022-09,20220905T174500Z,Leak offers early taste of Intel Xeon Emerald Rapids CPUs,https://www.techradar.com/news/leak-offers-early-taste-of-intel-xeon-emerald-rapids-cpus,techradar.com,United Kingdom
1243,2022-09,20220905T230000Z,First Mover Asia : Ethereum Merge Starts to Hit Gaming Chip Prices,https://ca.finance.yahoo.com/news/first-mover-asia-ethereums-merge-222813668.html,ca.finance.yahoo.com,United States
1244,2022-09,20220913T001500Z,"Connecticut company promises 1 , 000 new jobs with $200 million expansion",https://www.milfordmirror.com/business/article/Connecticut-company-promises-1-000-news-with-200-17436372.php,milfordmirror.com,United States
1245,2022-09,20220913T030000Z,Indonesia Set to Pass New Data Privacy Law After Spate of Leaks,https://www.bnnbloomberg.ca/indonesia-set-to-pass-new-data-privacy-law-after-spate-of-leaks-1.1817939,bnnbloomberg.ca,Canada
1246,2022-09,20220913T043000Z,New IBM LinuxONE Servers Help Reduce Energy Consumption as Clients Increasingly Make Sustainability a Business Priority,https://www.prnewswire.com:443/news-releases/new-ibm-linuxone-servers-help-reduce-energy-consumption-as-clients-increasingly-make-sustainability-a-business-priority-301622564.html,prnewswire.com,United States
1247,2022-09,20220913T044500Z,Twitter Whistleblower To Testify About Social Media Cybersecurity Concerns in Congress,https://www.latinpost.com/articles/156729/20220912/twitter-whistleblower-testify-social-medias-cybersecurity-concerns-congress.htm,latinpost.com,United States
1248,2022-09,20220913T050000Z,IDC : Cloud businesses see a huge opportunity in the SEA market,https://techwireasia.com/2022/09/idc-cloud-businesses-see-a-huge-opportunity-in-the-sea-market/,techwireasia.com,China
1249,2022-09,20220913T070000Z,Open Forum : Offering a helping hand to form wildlife - friendly zoning code,https://www.winchesterstar.com/winchester_star/open-forum-offering-a-helping-hand-to-form-wildlife-friendly-zoning-code/article_0dc9ddc4-7d4e-56a9-9fcd-228c7e41a334.html,winchesterstar.com,United States
1250,2022-09,20220913T084500Z,Chip industry volatility a concern,https://www.arkansasonline.com/news/2022/sep/13/chip-industry-volatility-a-concern/,arkansasonline.com,United States
1251,2022-09,20220913T090000Z,Process and Control Today | Why and how should organizations adopt a hybrid IT strategy,https://www.pandct.com/news/why-and-how-should-organizations-adopt-a-hybrid-it-strategy,pandct.com,United Kingdom
1252,2022-09,20220913T093000Z,Service Express Acquires Third - Party Data Center Maintenance Provider Sherlock Services,https://www.prnewswire.com:443/news-releases/service-express-acquires-third-party-data-center-maintenance-provider-sherlock-services-301621413.html,prnewswire.com,United States
1253,2022-09,20220913T094500Z,Nasdaq Bear Market : 2 Supercharged Growth Stocks Youll Regret Not Buying on the Dip,https://www.fool.com/investing/2022/09/13/2-growth-stocks-youll-regret-not-buying-on-the-dip/,fool.com,United States
1254,2022-09,20220913T094500Z,Global IT Systems Integrator Rahi Further Invests in,https://www.globenewswire.com/news-release/2022/09/13/2514610/0/en/Global-IT-Systems-Integrator-Rahi-Further-Invests-in-Singapore.html,globenewswire.com,United States
1255,2022-09,20220913T101500Z,Fundraise for Henderson Park second European fund reaches €1 . 4bn | News,https://realassets.ipe.com/news/fundraise-for-henderson-parks-second-european-fund-reaches-14bn/10062039.article,realassets.ipe.com,United Kingdom
1256,2022-09,20220913T104500Z,2 Growth Stocks to Buy on the Dip | The Motley Fool,https://www.fool.com/investing/2022/09/13/2-growth-stocks-to-buy-on-the-dip/?source=iedfolrf0000001,fool.com,United States
1257,2022-09,20220913T110000Z,"The Global Mask Inspection Equipment Market is expected to grow by $ 319 . 02 mn during 2022 - 2026 , accelerating at a CAGR of 7 . 35 % during the forecast period",https://finance.yahoo.com/news/global-mask-inspection-equipment-market-102000663.html,finance.yahoo.com,United States
1258,2022-09,20220913T110000Z,Twitter whistleblower to tell Congress of company alleged corporate failings | Twitter,https://www.theguardian.com/technology/2022/sep/13/twitter-whistleblower-testimony-congress-peiter-zatko,theguardian.com,United Kingdom
1259,2022-09,20220913T111500Z,IT News Online - VMware Cloud on AWS Expands to Hong Kong,http://www.itnewsonline.com/news/VMware-Cloud-on-AWS-Expands-to-Hong-Kong/11075,itnewsonline.com,United States
1260,2022-09,20220913T113000Z,Spectra7 and Elka Achieve Production Status with JVCKENWOOD in Automotive Application,https://markets.businessinsider.com/news/stocks/spectra7-and-elka-achieve-production-status-with-jvckenwood-in-automotive-application-1031739405,markets.businessinsider.com,United States
1261,2022-09,20220913T113000Z,"Twitter data centre failed due to extreme heat , report",https://www.computing.co.uk/news/4056200/twitters-california-centre-failed-extreme-heat-report,computing.co.uk,United Kingdom
1262,2022-09,20220913T113000Z,"CHELSIO T7 DPU PROMOTES BROAD ETHERNET STORAGE NETWORKING , ENABLING HIGHLY FLEXIBLE , OPEX - OPTIMIZED ENTERPRISE AND CLOUD IMPLEMENTATIONS",https://www.prnewswire.com:443/news-releases/chelsio-t7-dpu-promotes-broad-ethernet-storage-networking-enabling-highly-flexible-opex-optimized-enterprise-and-cloud-implementations-301622737.html,prnewswire.com,United States
1263,2022-09,20220913T113000Z,Cyxtera Board of Directors Approves REIT Conversion,https://www.wallstreet-online.de/nachricht/15926298-cyxtera-board-of-directors-approves-reit-conversion,wallstreet-online.de,Germany
1264,2022-09,20220913T120000Z,ManpowerGroup announces 39 percent emissions reduction,https://www.wisbusiness.com/2022/manpowergroup-announces-39-percent-emissions-reduction/,wisbusiness.com,United States
1265,2022-09,20220913T121500Z,Intel assures us its Arc graphics cards are here to stay,https://www.techradar.com/news/intel-assures-us-its-arc-graphics-cards-are-here-to-stay,techradar.com,United Kingdom
1266,2022-09,20220913T123000Z,OTE Group undertook the digitization of the National Health System of Cyprus,https://www.in.gr/2022/09/13/english-edition/ote-group-undertook-digitization-national-health-system-cyprus/,in.gr,Greece
1267,2022-09,20220913T124500Z,Data center in Cape Verde to be completed by end of 2022,https://www.datacenterdynamics.com/en/news/data-center-in-cape-verde-to-be-completed-by-end-of-2022/,datacenterdynamics.com,United States
1268,2022-09,20220913T130000Z,VNET Announces Receipt of Preliminary Non - Binding Proposal to Acquire All of Its Shares and Formation of Special Committee to Review the Proposal,https://www.prnewswire.com:443/news-releases/vnet-announces-receipt-of-preliminary-non-binding-proposal-to-acquire-all-of-its-shares-and-formation-of-special-committee-to-review-the-proposal-301623081.html,prnewswire.com,United States
1269,2022-09,20220913T131500Z,General Motors will use NBCUniversal data platform to target and track ads,https://adage.com/article/media/general-motors-will-use-nbcuniversals-data-platform-target-and-track-ads/2428776,adage.com,United States
1270,2022-09,20220913T133000Z,"Super Micro Computer , Inc .: Supermicro Adds New 8U Universal GPU Server That Delivers Maximum Performance and Flexibility for Large Scale AI Training , NVIDIA Omniverse , and Metaverse",https://www.finanznachrichten.de/nachrichten-2022-09/57044992-super-micro-computer-inc-supermicro-adds-new-8u-universal-gpu-server-that-delivers-maximum-performance-and-flexibility-for-large-scale-ai-training-008.htm,finanznachrichten.de,Germany
1271,2022-09,20220913T133000Z,"Supermicro Adds New 8U Universal GPU Server That Delivers Maximum Performance and Flexibility for Large Scale AI Training , NVIDIA® Omniverse , and Metaverse",https://www.prnewswire.com:443/news-releases/supermicro-adds-new-8u-universal-gpu-server-that-delivers-maximum-performance-and-flexibility-for-large-scale-ai-training-nvidia-omniverse-and-metaverse-301622730.html,prnewswire.com,United States
1272,2022-09,20220913T133000Z,Nvidia H100  Hopper  Benchmark Results Published,https://www.tomshardware.com/news/nvidia-h100-hopper-benchmark-results-published,tomshardware.com,United States
1273,2022-09,20220913T133000Z,Racial justice group unveils  Black Tech Agenda  as roadmap for Congress,https://www.washingtonpost.com/politics/2022/09/13/racial-justice-group-unveils-black-tech-agenda-roadmap-congress/,washingtonpost.com,United States
1274,2022-09,20220913T134500Z,Oracle opens its newest cloud infrastructure region in Spain,https://siliconangle.com/2022/09/13/oracle-opens-newest-cloud-infrastructure-region-spain/,siliconangle.com,United States
1275,2022-09,20220913T134500Z,"Rackspace Technology , Inc .: Cybersecurity is Leading Business Concern for IT Leaders , Ahead of Inflation , Supply Chain and Talent , According to a Rackspace Technology Research",https://www.finanznachrichten.de/nachrichten-2022-09/57045099-rackspace-technology-inc-cybersecurity-is-leading-business-concern-for-it-leaders-ahead-of-inflation-supply-chain-and-talent-according-to-a-rack-399.htm,finanznachrichten.de,Germany
1276,2022-09,20220913T134500Z,Newsom goes on air,https://www.politico.com/newsletters/california-playbook/2022/09/13/newsom-goes-on-air-00056296,politico.com,United States
1277,2022-09,20220913T141500Z,Wall Street - Backed Crypto Exchange EDX Markets Is Set for November Debut,https://www.bnnbloomberg.ca/wall-street-backed-crypto-exchange-edx-markets-is-set-for-november-debut-1.1818151,bnnbloomberg.ca,Canada
1278,2022-09,20220913T143000Z,"Culture of consciousness : Unearthing fashion history , labor practices to design a better future · The Badger Herald",https://badgerherald.com/features/2022/09/13/culture-of-consciousness-unearthing-fashions-history-labor-practices-to-design-a-better-future/,badgerherald.com,United States
1279,2022-09,20220913T143000Z,OVHcloud rebuilds Strasbourg data center on site of 2021 fire,https://www.datacenterdynamics.com/en/news/ovhcloud-rebuilds-strasbourg-data-center-on-site-of-2021-fire/,datacenterdynamics.com,United States
1280,2022-09,20220913T144500Z,LAUSD Board Set to Consider Emergency Declaration After Cyber Attack,https://kfiam640.iheart.com/content/2022-09-13-lausd-board-set-to-consider-emergency-declaration-after-cyber-attack/,kfiam640.iheart.com,United States
1281,2022-09,20220913T144500Z,Enterprise Storage Solution Provider of Choice : The Case Studies,https://www.cio.com/article/406908/enterprise-storage-solution-provider-of-choice-the-case-studies.html,cio.com,United States
1282,2022-09,20220913T150000Z,Nutanix announces its participation at Gitex Global 2022,http://tradearabia.com/news/IT_400637.html,tradearabia.com,United Arab Emirates
1283,2022-09,20220913T150000Z,DE - CIX expands to Central and South - Eastern Europe,https://www.capacitymedia.com/article/2amaqc6b33sdf1rga0qgw/news/de-cix-expands-to-central-and-south-eastern-europe,capacitymedia.com,United States
1284,2022-09,20220913T151500Z,Where Will Micron Technology Be in 5 Years ? ,https://www.fool.com/investing/2022/09/13/where-will-micron-technology-be-in-5-years/,fool.com,United States
1285,2022-09,20220913T151500Z,IPA Qatar teams up with Microsoft to advance digital transformation,https://www.gulf-times.com/story/724165/IPA-Qatar-teams-up-with-Microsoft-to-advance-digital-transformation,gulf-times.com,Qatar
1286,2022-09,20220921T024500Z,Articles by Dennis Fassuliotis,https://bitcoinmagazine.com/authors/dennis-fassuliotis,bitcoinmagazine.com,United States
1287,2022-09,20220921T024500Z,Nvidia eyeing  AI factories  with H100 GPUs,https://www.crn.com.au/news/nvidia-eyeing-ai-factories-with-h100-gpus-585503,crn.com.au,Australia
1288,2022-09,20220921T040000Z,"City plans for lower property tax rate , although tax bills will go up",https://dentonrc.com/news/denton/city-plans-for-lower-property-tax-rate-although-tax-bills-will-go-up/article_cd1e612b-3bee-5734-b9b7-12b0f08d5cc7.html,dentonrc.com,United States
1289,2022-09,20220921T040000Z,Southeast Asia eyes on Chinese digital technology to boost recovery,https://www.hongkongherald.com/news/272780304/southeast-asia-eyes-on-chinese-digital-technology-to-boost-recovery,hongkongherald.com,China
1290,2022-09,20220921T054500Z,Investegate |Northern Data AG Announcements | Northern Data AG : Northern Data Becomes Preferred Cloud Service Provider in NVIDIA Partner Network,https://www.investegate.co.uk/northern-data-ag/eqs/northern-data-becomes-preferred-cloud-service-provider-in-nvidia-partner-network/20220921060011EIKCX/,investegate.co.uk,United Kingdom
1291,2022-09,20220921T060000Z,Rockwell Automation Secures RM150 Million Project from Exyte Group in Malaysia,https://en.prnasia.com/releases/apac/rockwell-automation-secures-rm150-million-project-from-exyte-group-in-malaysia-376213.shtml,en.prnasia.com,China
1292,2022-09,20220921T061500Z,Here Why You Should Consider Investing in Advanced Micro Devices ( AMD ) ,https://www.insidermonkey.com/blog/heres-why-you-should-consider-investing-in-advanced-micro-devices-amd-1068408/,insidermonkey.com,United States
1293,2022-09,20220921T073000Z,Southeast Asia eyes on Chinese digital technology to boost recovery _ Guangming Online,https://en.gmw.cn/2022-09/21/content_36039346.htm,en.gmw.cn,
1294,2022-09,20220921T081500Z,Power Over Ethernet Market Is Set To Grow At A CAGR of 16 . 20 % To Reach Valuation Of USD 3 . 2 Billion By 2030 - Report By Market Research Future ( MRFR ) ,https://finance.yahoo.com/news/power-over-ethernet-market-set-073000941.html,finance.yahoo.com,United States
1295,2022-09,20220921T083000Z,Samsung Electronics Announces New Environmental Strategy,https://www.kachwanya.com/2022/09/21/samsung-electronics-announces-new-environmental-strategy/,kachwanya.com,Kenya
1296,2022-09,20220921T084500Z,Options to reduce electricity use scarce for large consumers,https://news.err.ee/1608722887/options-to-reduce-electricity-use-scarce-for-large-consumers,news.err.ee,Estonia
1297,2022-09,20220921T093000Z,Data center migration,https://www.datacenterdynamics.com/en/whitepapers/data-center-migration/,datacenterdynamics.com,United States
1298,2022-09,20220921T094500Z,Morgan Stanley fined another $35 million over data center decommissioning SNAFU,https://www.datacenterdynamics.com/en/news/morgan-stanley-fined-another-35-million-over-data-center-decommissioning-snafu/,datacenterdynamics.com,United States
1299,2022-09,20220921T100000Z,SAS Analytics Using Direct Memory Access - High - Performance Computing News Analysis,https://insidehpc.com/white-paper/sas/,insidehpc.com,United States
1300,2022-09,20220921T100000Z,"Construction on hold at Meta data center in Sarpy County , as racist graffiti is once again found",https://www.datacenterdynamics.com/en/news/construction-on-hold-at-meta-data-center-in-sarpy-county-as-racist-graffiti-is-once-again-found/,datacenterdynamics.com,United States
1301,2022-09,20220921T101500Z,Physical Security Market To Reach USD 192 . 9 Billion By 2030 ... ,https://menafn.com/1104900055/Physical-Security-Market-To-Reach-USD-1929-Billion-By-2030-In-Depth-Analysis-Of-The-Current-Trends,menafn.com,Qatar
1302,2022-09,20220921T104500Z,"Amazon Announces 71 New Renewable Energy Projects Globally , Including Firsts in Brazil , India , and Poland",https://ca.news.yahoo.com/amazon-announces-71-renewable-energy-100000264.html,ca.news.yahoo.com,United States
1303,2022-09,20220921T111500Z,Opinion | Are There Better Places to Put Large Solar Farms Than These Forests ? ,https://www.nytimes.com/2022/09/21/opinion/environment/solar-panels-virginia-climate-change.html,nytimes.com,United States
1304,2022-09,20220921T113000Z,Has AMD Stock Stock Fallen Too Far ? ,https://menafn.com/1104899349/Has-AMD-Stock-Stock-Fallen-Too-Far,menafn.com,Qatar
1305,2022-09,20220921T113000Z,"Huawei Asia Pacific ISP Summit : Shaping an All - Optical , Intelligent Internet for 2030",https://www.huawei.com/en/news/2022/9/isp-all-optical-intelligent-internet,huawei.com,China
1306,2022-09,20220921T114500Z,"Upgraded Version of Antbox – Minerbase , the Immersion Cooling Mining Container",http://www.itnewsonline.com/BusinessWire/Upgraded-Version-of-AntboxMinerbase-the-Immersion-Cooling-Mining-Container/29428,itnewsonline.com,United States
1307,2022-09,20220921T114500Z,New Radware Report : Organizations Admit They are Unprepared to Achieve Application Protection Across Multi - Cloud Environments,http://www.itnewsonline.com/GlobeNewswire/New-Radware-Report-Organizations-Admit-They-are-Unprepared-to-Achieve-Application-Protection-Across-Multi-Cloud-Environments/49164,itnewsonline.com,United States
1308,2022-09,20220921T114500Z,Stack shares heat from Oslo data center,https://www.datacenterdynamics.com/en/news/stack-shares-heat-from-oslo-data-center/,datacenterdynamics.com,United States
1309,2022-09,20220921T121500Z,"NVIDIA unveils DRIVE Thor ; 2 , 000 Teraflop centralized car computer ; Geely ZEEKR first to adopt",https://www.greencarcongress.com/2022/09/20220921-thor.html,greencarcongress.com,United States
1310,2022-09,20220921T130000Z,Adani Ports Secures $3 . 1 Billion Port Project in Eastern India State,https://www.bnnbloomberg.ca/adani-ports-secures-3-1-billion-port-project-in-eastern-india-state-1.1821643,bnnbloomberg.ca,Canada
1311,2022-09,20220921T130000Z,"Wedmont Private Capital Takes $238 , 000 Position in Keysight Technologies , Inc . ( NYSE : KEYS ) ",https://www.etfdailynews.com/2022/09/21/wedmont-private-capital-takes-238000-position-in-keysight-technologies-inc-nysekeys/,etfdailynews.com,United States
1312,2022-09,20220921T131500Z,Contract extended for Ionia Public Schools Superintendent Ben Gurk,https://www.sentinel-standard.com/story/news/education/2022/09/21/contract-extended-for-ionia-public-schools-superintendent-ben-gurk/69507063007/,sentinel-standard.com,United States
1313,2022-09,20220921T133000Z,"Adani Ports secures Rs 25 , 000 - cr port project in West Bengal",https://www.business-standard.com/article/companies/adani-ports-secures-rs-25-000-cr-port-project-in-west-bengal-122092100929_1.html,business-standard.com,India
1314,2022-09,20220921T134500Z,Jabil Photonics Announces Availability Of Next - Gen Coherent Optical Products Featuring Nokia Silicon Photonics Optical Engine For Best - In - Class Performance,https://www.photonicsonline.com/doc/jabil-photonics-announces-availability-of-next-gen-optical-engine-for-best-in-class-performance-0001,photonicsonline.com,United States
1315,2022-09,20220921T141500Z,Equinix to test hydrogen fuel cell power for data centers in Singapore,https://www.datacenterdynamics.com/en/news/equinix-to-test-hydrogen-fuel-cell-power-for-data-centers-in-singapore/,datacenterdynamics.com,United States
1316,2022-09,20220921T144500Z,"Gas Infrastructure , Renewable Energy Integration Vital to Accelerating Asia Energy Transition : Black & Veatch",http://www.justmeans.com/press-release/gas-infrastructure-renewable-energy-integration-vital-to-accelerating-asias-energy,justmeans.com,United States
1317,2022-09,20220921T144500Z,Juniper Networks announces additional versatility and flexibility for data centre operations with expansion to apstra software | VanillaPlus,https://www.vanillaplus.com/2022/09/21/72890-juniper-networks-announces-additional-versatility-and-flexibility-for-data-centre-operations-with-expansion-to-apstra-software/,vanillaplus.com,United Kingdom
1318,2022-09,20220921T151500Z,MENA Project Tracker ADSSC tenders Scada and data center contracts ; Dubai investments to start $272m community project,https://www.arabnews.com/node/2166931/business-economy,arabnews.com,Saudi Arabia
1319,2022-09,20220921T151500Z,Communication Platform - as - a - Service ( CPaaS ) Market to observe USD 10 . 19 Bn incremental growth -- North America to have the largest market share,https://www.prnewswire.com/news-releases/communication-platform-as-a-service-cpaas-market-to-observe-usd-10-19-bn-incremental-growth--north-america-to-have-the-largest-market-share-301628555.html,prnewswire.com,United States
1320,2022-09,20220921T153000Z,Arm Continues Its Datacenter Drive With Neoverse 2,https://www.forbes.com/sites/moorinsights/2022/09/21/arm-continues-its-datacenter-drive-with-neoverse-2/,forbes.com,United States
1321,2022-09,20220921T160000Z,Cockroach Labs debuts serverless edition of its popular CockroachDB database,https://siliconangle.com/2022/09/21/cockroach-labs-debuts-serverless-edition-popular-cockroachdb-database/,siliconangle.com,United States
1322,2022-09,20220921T160000Z,Lenovo Celebrates 30th Anniversary of ThinkSystem Innovation with Broadest Portfolio Enhancement in Its History,https://www.hpcwire.com/off-the-wire/lenovo-celebrates-30th-anniversary-of-thinksystem-innovation-with-broadest-portfolio-enhancement-in-its-history/,hpcwire.com,United States
1323,2022-09,20220921T160000Z,Product Comparison Test : SASE Solutions for Hybrid Work,https://www.informationweek.com/palo-alto-networks/understanding-sase-security-efficacy-in-a-complex-world,informationweek.com,United States
1324,2022-09,20220921T163000Z,Amazon invests in more clean energy to meet green pledges,https://www.theregister.com/2022/09/21/amazon_27gw_renewable_energy/,theregister.com,
1325,2022-09,20220921T164500Z,Printing the future : New factory tech reshapes the U . S . industrial economy,https://wsau.com/2022/09/21/printing-the-future-new-factory-tech-reshapes-the-u-s-industrial-economy/,wsau.com,United States
1326,2022-09,20220921T164500Z,PsiQuantum Has A Goal For Its Million Qubit Photonic Quantum Computer To Outperform Every Supercomputer On The Planet,https://www.forbes.com/sites/moorinsights/2022/09/21/psiquantum-has-a-goal-for-its-million-qubit-photonic-quantum-computer-to-outperform-every-supercomputer-on-the-planet/,forbes.com,United States
1327,2022-09,20220921T170000Z,Nvidia CEO sees  large space  for China sales despite U . S . restrictions,https://www.streetinsider.com/Corporate+News/Nvidia+CEO+sees+large+space+for+China+sales+despite+U.S.+restrictions/20610533.html,streetinsider.com,United States
1328,2022-09,20220921T174500Z,Cloud - Powered Digital Transformation with AWS,https://guardian.ng/features/cloud-powered-digital-transformation-with-aws/,guardian.ng,Nigeria
1329,2022-09,20220921T181500Z,"City proposes lower property tax rate , but homeowners may still pay more",https://dentonrc.com/news/denton/city-proposes-lower-property-tax-rate-but-homeowners-may-still-pay-more/article_cd1e612b-3bee-5734-b9b7-12b0f08d5cc7.html,dentonrc.com,United States
1330,2022-09,20220921T183000Z,Intel Executive With Industry Toughest Job Plots Comeback,https://news.yahoo.com/intel-executive-chip-industry-toughest-120000213.html,news.yahoo.com,United States
1331,2022-09,20220921T183000Z,GTT and Caliber Financial Services to Bring Broadband to the Otoe - Missouria Reservation,https://www.bbcmag.com/breaking-news/gtt-to-bring-broadband-service-to-otoe-missouria-reservation,bbcmag.com,
1332,2022-09,20220921T190000Z,State reviewing massive Fayetteville data center plans,https://thecitizen.com/2022/09/21/state-reviewing-massive-fayetteville-data-center-plans/,thecitizen.com,United States
1333,2022-09,20220921T193000Z,Equinix Partners with NUS Centre for Energy on Hydrogen - powered Data Centers - High - Performance Computing News Analysis,https://insidehpc.com/2022/09/equinix-partners-with-nus-centre-for-energy-on-hydrogen-powered-data-centers/,insidehpc.com,United States
1334,2022-09,20220921T194500Z,"Phoenix metro drives data center growth , leasing in the US",https://www.abc15.com/news/business/phoenix-metro-drives-data-center-growth-leasing-in-the-us,abc15.com,United States
1335,2022-09,20220921T201500Z,Intel Stock : Beijing Invasion Of Taiwan Wouldnt Save The Stock ( NASDAQ : INTC ) ,https://seekingalpha.com/article/4542340-intel-beijings-invasion-of-taiwan-wouldnt-save-the-stock,seekingalpha.com,United States
1336,2022-09,20220921T201500Z,"Climate change and what you need to know , an East Coast investigation",https://www.providencejournal.com/story/news/environment/2022/09/21/what-is-climate-change-heat-waves-rain-storms-sea-level-rise/10412839002/,providencejournal.com,United States
1337,2022-09,20220921T203000Z,Assessing the Quantum - Computing Landscape,https://cacm.acm.org/magazines/2022/10/264854-assessing-the-quantum-computing-landscape/fulltext,cacm.acm.org,United States
1338,2022-09,20220921T203000Z,Northern Data Becomes Preferred Cloud Service Provider In NV ... ,https://menafn.com/1104898265/Northern-Data-Becomes-Preferred-Cloud-Service-Provider-In-NVIDIA-Partner-Network,menafn.com,Qatar
1339,2022-09,20220921T203000Z,Next Generation Cooling Technology,https://www.datacenterknowledge.com:443/industry-perspectives/next-generation-cooling-technology,datacenterknowledge.com,United States
1340,2022-09,20220921T203000Z,"Newswire & Press Release / Leviton Introduces New Data Acquisition Server for the VerifEye™ Submetering Solutions Line - Tools / Hardware - Leviton Manufacturing Co ., Inc . ",https://www.newswiretoday.com/news/178535/,newswiretoday.com,United States
1341,2022-09,20220921T203000Z,Sterling Construction ( STRL ) Awarded $45 Million Site Development Contract for Rivian New EV Facility in Georgia,https://www.streetinsider.com/Corporate+News/Sterling+Construction+(STRL)+Awarded+$45+Million+Site+Development+Contract+for+Rivian%E2%80%99s+New+EV+Facility+in+Georgia/20611420.html,streetinsider.com,United States
1342,2022-09,20220921T203000Z,Amazon plans two Louisiana solar farms as part of effort to be 100 % dependent on renewables,https://www.theadvocate.com/baton_rouge/news/business/article_cb616404-39e7-11ed-b7e3-c73d80e432fa.html,theadvocate.com,United States
1343,2022-09,20220921T204500Z,Computing Grand Challenge for Sustainability,https://cacm.acm.org/magazines/2022/10/264841-computings-grand-challenge-for-sustainability/fulltext,cacm.acm.org,United States
1344,2022-09,20220921T204500Z,"Bitcoin Miner Selling Georgia Facility And Moving To Pennsylvania , Citing Energy Costs",https://www.bisnow.com/atlanta/news/data-center-bisnow-national/bitcoin-miner-sells-georgia-facility-moves-to-pennsylvania-citing-cheaper-energy-115517,bisnow.com,United States
1345,2022-09,20220921T204500Z,Altair announces release of Simulation 2022 . 1 software update,https://www.compositesworld.com:443/products/altair-announces-release-of-simulation-20221-software-update,compositesworld.com,United States
1346,2022-09,20220921T204500Z,"Next - gen GPUs Thrust Nvidia Ahead in World of Simulation , Games",https://www.designnews.com/simulation/next-gen-gpus-thrust-nvidia-ahead-world-simulation-games,designnews.com,United States
1347,2022-09,20220921T213000Z,A Change Is Coming,https://www.itnonline.com/article/change-coming,itnonline.com,United States
1348,2022-09,20220921T214500Z,Digital - twin tech at crux of Schneider Electric $10 . 7B deal for Aveva,https://www.networkworld.com/article/3674669/digital-twin-tech-at-crux-of-schneider-electrics-107b-deal-for-aveva.html,networkworld.com,United States
1349,2022-09,20220921T220000Z,LAUSD Receives Unspecified Ransom Demand Over Cyber Attack,https://kfiam640.iheart.com/content/2022-09-21-lausd-receives-unspecified-ransom-demand-over-cyber-attack/,kfiam640.iheart.com,United States
1350,2022-09,20220921T231500Z,"Supermicro Delivers Second - Generation NVIDIA® OVX™ Computing System for 3D Collaboration , Metaverse , and Digital Twin Simulation , Powered by the New NVIDIA L40 GPU",https://www.prnewswire.com:443/news-releases/supermicro-delivers-second-generation-nvidia-ovx-computing-system-for-3d-collaboration-metaverse-and-digital-twin-simulation-powered-by-the-new-nvidia-l40-gpu-301630347.html,prnewswire.com,United States
1351,2022-10,20221005T004500Z,Lagos provides 6000km fibre optic cables for improved internet services,https://pmnewsnigeria.com/2022/10/05/lagos-provides-6000km-fibre-optic-cables-for-improved-internet-services/,pmnewsnigeria.com,Nigeria
1352,2022-10,20221005T004500Z,"SMART Global Holdings , Inc . ( SGH ) Q4 2022 Earnings Conference Call",https://seekingalpha.com/article/4544706-smart-global-holdings-inc-sgh-q4-2022-earnings-conference-call,seekingalpha.com,United States
1353,2022-10,20221005T034500Z,HPCwire : Global News on High Performance Computing ( HPC ) ,https://www.hpcwire.com/?blackhole=f701756712,hpcwire.com,United States
1354,2022-10,20221005T040000Z,"Why Shares of Coinbase , Silvergate Capital , and Hut 8 Mining Corp Are Rising Today",https://www.fool.com/investing/2022/10/04/why-shares-of-coinbase-silvergate-capital-and-hut/?source=iedfolrf0000001,fool.com,United States
1355,2022-10,20221005T043000Z,ANZCO moves to hybrid cloud with Datacom,https://www.reseller.co.nz/article/702090/anzco-moves-hybrid-cloud-datacom/,reseller.co.nz,New Zealand
1356,2022-10,20221005T061500Z,"Arcadis to acquire DPS Group : creating a leading global position in consultancy , engineering and construction management for the Life Sciences and Semiconductor manufacturing market",https://finance.yahoo.com/news/arcadis-acquire-dps-group-creating-050000224.html,finance.yahoo.com,United States
1357,2022-10,20221005T070000Z,Aboitiz Group diversifies into data centers,https://mb.com.ph/2022/10/05/aboitiz-group-diversifies-into-data-centers/,mb.com.ph,Philippines
1358,2022-10,20221005T071500Z,Orange outlines plan to cut energy use 5 - 10 percent amid energy crisis,https://www.datacenterdynamics.com/en/news/orange-outlines-plan-to-cut-energy-use-5-10-percent-amid-energy-crisis/,datacenterdynamics.com,United States
1359,2022-10,20221005T080000Z,Blog Review : Oct . 5,https://semiengineering.com/blog-review-oct-5-2/,semiengineering.com,China
1360,2022-10,20221005T080000Z,District Court Rejects Asetek Patent Claims And Determines CoolIT Systems Non - Infringing,https://www.prweb.com/releases/district_court_rejects_asetek_patent_claims_and_determines_coolit_systems_non_infringing/prweb18939282.htm,prweb.com,United States
1361,2022-10,20221005T080000Z,transcosmos and NTT Com launch a demonstration test of a virtual contact center in metaverse,https://www.prweb.com/releases/transcosmos_and_ntt_com_launch_a_demonstration_test_of_a_virtual_contact_center_in_metaverse/prweb18939275.htm,prweb.com,United States
1362,2022-10,20221005T080000Z,transcosmos and NTT Com launch a demonstration test of customer services in a virtual space in the metaverse,https://www.prweb.com/releases/transcosmos_and_ntt_com_launch_a_demonstration_test_of_customer_services_in_a_virtual_space_in_the_metaverse/prweb18939248.htm,prweb.com,United States
1363,2022-10,20221005T084500Z,Lookout provides freedom of control at GITEX,https://www.itp.net/gitex/lookout-provides-freedom-of-control-at-gitex,itp.net,United Arab Emirates
1364,2022-10,20221005T093000Z,Wax worm saliva breaks down plastic bags within hours at room temperature,https://www.dailymail.co.uk/sciencetech/article-11282373/Wax-worm-saliva-breaks-plastic-bags-hours-room-temperature.html,dailymail.co.uk,United Kingdom
1365,2022-10,20221005T100000Z,Can a completely sustainable data center truly ever exist ? ,https://www.techradar.com/features/can-a-completely-sustainable-data-center-truly-ever-exist,techradar.com,United Kingdom
1366,2022-10,20221005T103000Z,A Billion - Dollar Investment,https://www.valdostadailytimes.com/ap/business/a-billion-dollar-investment/article_64377ad7-8251-5b05-b91b-088055ebb863.html,valdostadailytimes.com,United States
1367,2022-10,20221005T110000Z,Missouri Latino population has boomed . So why did the state Hispanic commission disappear ? ,https://www.kcur.org/news/2022-10-05/missouris-latino-population-has-boomed-so-why-did-the-states-hispanic-commission-disappear,kcur.org,United States
1368,2022-10,20221005T114500Z,Disaster Recovery as a Service Market Size to Reach USD,https://www.globenewswire.com/news-release/2022/10/05/2528431/0/en/Disaster-Recovery-as-a-Service-Market-Size-to-Reach-USD-41-26-Billion-With-a-CAGR-of-42-3-CAGR-by-2030-Report-by-Market-Research-Future-MRFR.html,globenewswire.com,United States
1369,2022-10,20221005T121500Z,Does DigitalOcean Stand a Chance Against the Biggest Cloud Providers ? ,https://www.fool.com/investing/2022/10/05/does-digital-ocean-stand-a-chance-against-the-bigg/?source=iedfolrf0000001,fool.com,United States
1370,2022-10,20221005T123000Z,EdgeConneX and Aboitiz InfraCapital Form Joint Venture to Address Enormous Data Usage Growth in Philippines,https://markets.businessinsider.com/news/stocks/edgeconnex-and-aboitiz-infracapital-form-joint-venture-to-address-enormous-data-usage-growth-in-philippines-1031784343,markets.businessinsider.com,United States
1371,2022-10,20221005T123000Z,Jazz Reinforces its Data Security with ISO / IEC 27001 : 2013 Certification,https://propakistani.pk/2022/10/05/jazz-reinforces-its-data-security-with-iso-iec-270012013-certification/,propakistani.pk,Pakistan
1372,2022-10,20221005T123000Z,PAG Flow and Ayala Land sign agreement for Philippines data center campus,https://www.datacenterdynamics.com/en/news/pags-flow-and-ayala-land-sign-agreement-for-philippines-data-center-campus/,datacenterdynamics.com,United States
1373,2022-10,20221005T124500Z,The advantages of investing in industrial logistics as an asset class,https://www.biznews.com/wealth-advisors/2022/10/05/different-types-industrial-assets,biznews.com,South Africa
1374,2022-10,20221005T124500Z,Fujitsu Spain receives 9th award of the  Fundación Consejo España - Japón  ( Spain - Japan Foundation ) : Fujitsu Global,https://www.fujitsu.com/global/about/resources/news/press-releases/2022/1005-01.html,fujitsu.com,Japan
1375,2022-10,20221005T130000Z,"UC Berkeley Haas School of Business , Google Challenge Students To Develop Business Strategies for Mental Healthcare",https://goodmenproject.com/featured-content/uc-berkeleys-haas-school-of-business-google-challenge-students-to-develop-business-strategies-for-mental-healthcare-2/,goodmenproject.com,United States
1376,2022-10,20221005T133000Z,Intercontinental Exchange : ICE Global Network Expands Wireless Service in Europe,https://www.finanznachrichten.de/nachrichten-2022-10/57227408-intercontinental-exchange-ice-global-network-expands-wireless-service-in-europe-004.htm,finanznachrichten.de,Germany
1377,2022-10,20221005T133000Z,"In Villa Grove , railroad roundhouse to make way for solar array",https://www.news-gazette.com/news/in-villa-grove-railroad-roundhouse-to-make-way-for-solar-array/article_4bf6d608-f50a-5d30-8ea0-14b208bfb0a0.html,news-gazette.com,United States
1378,2022-10,20221005T133000Z,"Synopsys Unveils Breakthrough Golden Signoff ECO Solution , Delivering 10x Productivity Improvement",https://www.prnewswire.com/news-releases/synopsys-unveils-breakthrough-golden-signoff-eco-solution-delivering-10x-productivity-improvement-301641269.html,prnewswire.com,United States
1379,2022-10,20221005T140000Z,Sensormatic Solutions by Johnson Controls Survey Shows U . S . Consumers Will Shop Earlier this Holiday Season,https://www.finanznachrichten.de/nachrichten-2022-10/57227817-sensormatic-solutions-by-johnson-controls-survey-shows-u-s-consumers-will-shop-earlier-this-holiday-season-004.htm,finanznachrichten.de,Germany
1380,2022-10,20221005T141500Z,Canonical unveils free personal Ubuntu Pro subscriptions,https://www.techradar.com/news/canonical-unveils-free-personal-ubuntu-pro-subscriptions,techradar.com,United Kingdom
1381,2022-10,20221005T143000Z,"Cryptocurrency miners line up to come to Texas , and rural counties are welcoming them",https://www.hppr.org/hppr-news/2022-10-05/cryptocurrency-miners-line-up-to-come-to-texas-and-rural-counties-are-welcoming-them,hppr.org,United States
1382,2022-10,20221005T143000Z,"Data Monetization Market is expected to generate a revenue of USD 5 . 50 Billion by 2027 , Globally , at 16 . 7 % CAGR : Verified Market Research®",https://www.prnewswire.com:443/news-releases/data-monetization-market-is-expected-to-generate-a-revenue-of-usd-5-50-billion-by-2027--globally-at-16-7-cagr-verified-market-research-301641218.html,prnewswire.com,United States
1383,2022-10,20221005T144500Z,Jio in talks to supply global telcos with its 5G kit,https://www.datacenterdynamics.com/en/news/jio-in-talks-to-supply-global-telcos-with-its-5g-kit/,datacenterdynamics.com,United States
1384,2022-10,20221005T151500Z,Intel will not prohibit gaming Arc GPU use in data centers,https://videocardz.com/newz/intel-will-not-prohibit-gaming-arc-gpu-use-in-data-centers,videocardz.com,
1385,2022-10,20221005T151500Z,ICE Global Network Expands Wireless Service in Europe,https://www.businesswire.com/news/home/20221005005258/en/ICE-Global-Network-Expands-Wireless-Service-in-Europe,businesswire.com,United States
1386,2022-10,20221005T151500Z,Rolls - Royce and SOWITEC cooperate on power - to - X projects,https://www.greencarcongress.com/2022/10/20221005-sowitec.html,greencarcongress.com,United States
1387,2022-10,20221005T153000Z,"Fiaz Mohamed Joins Crusoe Energy Systems as VP , Business Development , CrusoeCloud™","https://www.streetinsider.com/Business+Wire/Fiaz+Mohamed+Joins+Crusoe+Energy+Systems+as+VP,+Business+Development,+CrusoeCloud%E2%84%A2/20669087.html",streetinsider.com,United States
1388,2022-10,20221005T154500Z,EMA Webinar to Examine How an Enterprise - Grade Linux Subscription Model Can Deliver More Value,https://www.prweb.com/releases/ema_webinar_to_examine_how_an_enterprise_grade_linux_subscription_model_can_deliver_more_value/prweb18938963.htm,prweb.com,United States
1389,2022-10,20221005T154500Z,Prancer Enterprise has achieved SOC 2 Type I compliance in accordance with American Institute of Certified Public Accountants ( AICPA ) standards,https://www.prweb.com/releases/prancer_enterprise_has_achieved_soc_2_type_i_compliance_in_accordance_with_american_institute_of_certified_public_accountants_aicpa_standards/prweb18939318.htm,prweb.com,United States
1390,2022-10,20221005T154500Z,"The End of the Alphabet , The Beginning of a New Era : OpenStack Zed Release Arrives as OpenStack Deployments Surge Beyond 40M Cores",https://www.prweb.com/releases/the_end_of_the_alphabet_the_beginning_of_a_new_era_openstack_zed_release_arrives_as_openstack_deployments_surge_beyond_40m_cores/prweb18935918.htm,prweb.com,United States
1391,2022-10,20221005T160000Z,IDrive Cloud Backup Rebrands Sync to Cloud Drive - Giving Users Access to all their Files in one Place from any Device,https://www.prnewswire.com:443/news-releases/idrive-cloud-backup-rebrands-sync-to-cloud-drive---giving-users-access-to-all-their-files-in-one-place-from-any-device-301641721.html,prnewswire.com,United States
1392,2022-10,20221005T160000Z,Atlassian is being actively exploited to compromise corporate networks,https://www.techradar.com/news/atlassian-is-being-actively-exploited-to-compromise-corporate-networks,techradar.com,United Kingdom
1393,2022-10,20221005T161500Z,RISC - V greatest ally in the datacenter might be China,https://www.theregister.com/2022/10/05/china_riscvv_arm_datacenter/,theregister.com,
1394,2022-10,20221005T163000Z,"BBM seeks formula , finds it in Grand Prix",https://www.philstar.com/opinion/2022/10/06/2214545/bbm-seeks-formula-finds-it-grand-prix,philstar.com,Philippines
1395,2022-10,20221005T163000Z,Douglas County PUD commissioner candidates face off,https://www.wenatcheeworld.com/news/douglas-county-pud-commissioner-candidates-face-off/article_1da5424a-4441-11ed-8a34-3b33b06fd0b5.html,wenatcheeworld.com,United States
1396,2022-10,20221005T170000Z,HashiCorp Extends its Zero Trust Security Solution with Secure Remote Access Delivered in the Cloud,https://forextv.com/top-news/hashicorp-extends-its-zero-trust-security-solution-with-secure-remote-access-delivered-in-the-cloud/,forextv.com,United States
1397,2022-10,20221005T170000Z,GitHub - maxwellpeterson / kafka - worker : Kafka 0 . 8 . 0 broker implementation on top of Cloudflare Workers,https://github.com/maxwellpeterson/kafka-worker,github.com,United States
1398,2022-10,20221005T180000Z,How Materials Degrade in Lithium - Ion Batteries,https://www.azom.com/news.aspx?newsID=60154,azom.com,United States
1399,2022-10,20221005T181500Z,Synopsys Unveils Breakthrough Golden Signoff ECO Solution,https://www.hpcwire.com/off-the-wire/synopsys-unveils-breakthrough-golden-signoff-eco-solution/,hpcwire.com,United States
1400,2022-10,20221005T181500Z,Anritsu Enhances Signal Quality Analyzer - R MP1900A to Support PCI Express® 6 . 0 Base Specification Rx Test,https://www.prnewswire.com:443/news-releases/anritsu-enhances-signal-quality-analyzer-r-mp1900a-to-support-pci-express-6-0-base-specification-rx-test-301641842.html,prnewswire.com,United States
1401,2022-10,20221005T183000Z,Myrtle Beach to get state first subsea fiber connection with DC Blox expansion,https://www.postandcourier.com/myrtle-beach/news/myrtle-beach-to-get-states-first-subsea-fiber-connection-with-dc-blox-expansion/article_92d829b0-44c3-11ed-b3bc-a7af7bf83add.html,postandcourier.com,United States
1402,2022-10,20221005T190000Z,Microchip Technology contemplates major factory expansion in Gresham,https://www.bendbulletin.com/business/microchip-technology-contemplates-major-factory-expansion-in-gresham/article_a6f3dff6-44d8-11ed-a64f-bbe0d91b91af.html,bendbulletin.com,United States
1403,2022-10,20221005T190000Z,Iron Mountain files to expand Manassas campus in Virginia,https://www.datacenterdynamics.com/en/news/iron-mountain-files-to-expand-manassas-campus-in-virginia/,datacenterdynamics.com,United States
1404,2022-10,20221005T191500Z,"The Data Behind the Drops in Reading , Math Scores During COVID",http://www.msn.com/en-us/health/other/the-data-behind-the-drops-in-reading-math-scores-during-covid/ar-AA12DhqC,msn.com,United States
1405,2022-10,20221005T193000Z,Walmart blazes trails with its enterprise  supercloud  ,https://siliconangle.com/2022/10/05/walmart-blazes-trails-enterprise-supercloud/,siliconangle.com,United States
1406,2022-10,20221005T193000Z,"As Iran throttles its internet , activists fight to get online",https://techcrunch.com/2022/10/05/iran-internet-protests-censorship/,techcrunch.com,United States
1407,2022-10,20221005T193000Z,Why AMD Stock Fell Before Recovering Earlier Today,https://www.fool.com/investing/2022/10/05/why-advanced-micro-devices-stock-was-falling-today/?source=iedfolrf0000001,fool.com,United States
1408,2022-10,20221005T194500Z,DCD>Academy,https://www.datacenterdynamics.com/en/dcd-academy/,datacenterdynamics.com,United States
1409,2022-10,20221005T194500Z,Data Center Knowledge 2022 Salary Survey Report | Data Center Knowledge | News and analysis for the data center industry,https://www.datacenterknowledge.com:443/manage/data-center-knowledge-s-2022-salary-survey-report,datacenterknowledge.com,United States
1410,2022-10,20221005T203000Z,"Cloud migration now underway will strengthen , enhance State IT systems",https://www.peninsulaclarion.com/opinion/cloud-migration-now-underway-will-strengthen-enhance-state-it-systems/,peninsulaclarion.com,United States
1411,2022-10,20221005T210000Z,IGT Wins 10 - Year Scratch Ticket Manufacturing Contract with the Texas Lottery Commission,https://www.prnewswire.com/news-releases/igt-wins-10-year-scratch-ticket-manufacturing-contract-with-the-texas-lottery-commission-301641728.html,prnewswire.com,United States
1412,2022-10,20221005T214500Z,Bourne Schools Moving Forward With ARPA - Funded IT Upgrades,https://www.capenews.net/bourne/news/bourne-schools-moving-forward-with-arpa-funded-it-upgrades/article_cb8c8100-d316-5290-8830-c67e40a16867.html,capenews.net,United States
1413,2022-10,20221005T214500Z,"Availability , Performance , and Security , Oh My ! ",https://www.csoonline.com/article/3675889/availability-performance-and-security-oh-my.html,csoonline.com,United States
1414,2022-10,20221005T220000Z,The Chips That Make Taiwan the Center of the World | American Enterprise Institute,https://www.aei.org/op-eds/the-chips-that-make-taiwan-the-center-of-the-world/,aei.org,United States
1415,2022-10,20221005T231500Z,LRZ Chosen by EuroHPC to Host Quantum Computer,https://www.hpcwire.com/off-the-wire/lrz-chosen-by-eurohpc-to-host-quantum-computer/,hpcwire.com,United States
1416,2022-10,20221006T001500Z,Samsung Electronics Envisions Hyper - Growth in Memory and Logic Semiconductors through Intensified Industry Collaborations at Samsung Tech Day 2022,https://www.streetinsider.com/Business+Wire/Samsung+Electronics+Envisions+Hyper-Growth+in+Memory+and+Logic+Semiconductors+through+Intensified+Industry+Collaborations+at+Samsung+Tech+Day+2022/20671464.html,streetinsider.com,United States
1417,2022-10,20221016T024500Z,How does cloud mining make daily passive income ? ,https://africa.businessinsider.com/local/how-does-cloud-mining-make-daily-passive-income/0f42l3y,africa.businessinsider.com,United States
1418,2022-10,20221016T044500Z,"South Korea Orders Support for Outage - Hit Messenger App , Portal",https://www.bloomberg.com/news/articles/2022-10-16/top-korean-messenger-app-partly-restored-after-hours-long-outage,bloomberg.com,United States
1419,2022-10,20221016T053000Z,"Yoon Orders Swift Resumption of Kakao , Naver Services",http://world.kbs.co.kr/service/news_view.htm?lang=e&Seq_Code=173090,world.kbs.co.kr,South Korea
1420,2022-10,20221016T060000Z,Triad weathers corporate headquarters departures with manufacturing revival,https://greensboro.com/news/local/triad-weathers-corporate-headquarters-departures-with-manufacturing-revival/article_67441e9d-b8fd-5537-b4af-be25271953ba.html,greensboro.com,United States
1421,2022-10,20221016T064500Z,"US Export Restrictions , Intel Layoffs , Applied Materials , and TSMC",https://www.fabricatedknowledge.com/p/us-export-restrictions-intel-layoffs,fabricatedknowledge.com,
1422,2022-10,20221016T071500Z,Google to provide free Wi - Fi in Purcellville by end of year,https://www.loudountimes.com/news/google-to-provide-free-wi-fi-in-purcellville-by-end-of-year/article_18ebd05c-4667-11ed-85d5-af986cb5dec7.html,loudountimes.com,United States
1423,2022-10,20221016T074500Z,"After server outage , users search out Kakao alternatives",http://www.koreaherald.com/view.php?ud=20221016000099,koreaherald.com,South Korea
1424,2022-10,20221016T083000Z,Most Undervalued Stocks of 2022 | The Motley Fool,https://www.fool.com/investing/stock-market/types-of-stocks/value-stocks/undervalued-stocks/?source=iedfolrf0000001,fool.com,United States
1425,2022-10,20221016T090000Z,Vulnerable to disruptions,http://www.koreatimes.co.kr/www/opinion/2022/10/202_337980.html,koreatimes.co.kr,South Korea
1426,2022-10,20221016T090000Z,Korea and Kakao :  503 service temporarily unavailable  ,http://www.koreatimes.co.kr/www/opinion/2022/10/352_337964.html,koreatimes.co.kr,South Korea
1427,2022-10,20221016T090000Z,Skepticism rises over Korea heavy reliance on Kakao,http://www.koreatimes.co.kr/www/tech/2022/10/419_337968.html,koreatimes.co.kr,South Korea
1428,2022-10,20221016T090000Z,Mubadala buys minority stake in EQT GlobalConnect,https://gulfbusiness.com/uaes-mubadala-buys-minority-stake-in-eqt-infrastructures-globalconnect/,gulfbusiness.com,Saudi Arabia
1429,2022-10,20221016T091500Z,Dell transforms edge with Project Frontier software platform,http://tradearabia.com/news/IT_401934.html,tradearabia.com,United Arab Emirates
1430,2022-10,20221016T110000Z,OT Wireless Network Architect - 2022 - 87 - Gauteng Johannesburg North,https://it-online.co.za/2022/10/14/ot-wireless-network-architect-2022-87-gauteng-johannesburg-north/,it-online.co.za,South Africa
1431,2022-10,20221016T111500Z,"Kakao , Naver malfunctions leave investors shuddering",http://nwww.koreaherald.com/view.php?ud=20221016000094,nwww.koreaherald.com,South Korea
1432,2022-10,20221016T111500Z,"Kakao suffers worst server outage , with no complete recovery in sight",http://nwww.koreaherald.com/view.php?ud=20221016000104,nwww.koreaherald.com,South Korea
1433,2022-10,20221016T123000Z,OT Wireless Network Architect - 2022 - 87,https://it-online.co.za/2022/10/14/ot-wireless-network-architect-2022-87/,it-online.co.za,South Africa
1434,2022-10,20221016T130000Z,2022 Arctic Summer Sea Ice Tied for 10th - Lowest on Record – Climate Change : Vital Signs of the Planet,https://climate.nasa.gov/news/3213/2022-arctic-summer-sea-ice-tied-for-10th-lowest-on-record/,climate.nasa.gov,United States
1435,2022-10,20221016T130000Z,2 Stock - Split Stocks That Could Double Your Money,https://www.fool.com/investing/2022/10/16/2-stock-split-stocks-that-could-double-your-money/?source=iedfolrf0000001,fool.com,United States
1436,2022-10,20221016T134500Z,"Strategic partnership between Saudi Arabia , S . Africa to back digital economy growth",https://www.saudigazette.com.sa/article/626012/SAUDI-ARABIA/Strategic-partnership-between-Saudi-Arabia-S-Africa-to-back-digital-economy-growth,saudigazette.com.sa,Saudi Arabia
1437,2022-10,20221016T141500Z,ASML Stock : Bear vs . Bull | The Motley Fool,https://www.fool.com/investing/2022/10/16/asml-stock-bear-vs-bull/?source=iedfolrf0000001,fool.com,United States
1438,2022-10,20221016T151500Z,Is AMD a Buy ? | The Motley Fool,https://www.fool.com/investing/2022/10/16/is-amd-a-buy/?source=iedfolrf0000001,fool.com,United States
1439,2022-10,20221016T151500Z,Nasdaq Bear Market : 3 Unstoppable Growth Stocks Down 35 % + Youll Likely Regret Not Buying,https://www.fool.com/investing/2022/10/16/nasdaq-bear-market-3-unstoppable-growth-stocks-dow/?source=iedfolrf0000001,fool.com,United States
1440,2022-10,20221016T160000Z,Is Bitcoin The Ultimate Energy Waste Reduction Tool ? ,https://oilprice.com/Energy/Energy-General/Is-Bitcoin-The-Ultimate-Energy-Waste-Reduction-Tool.html,oilprice.com,United States
1441,2022-10,20221016T171500Z,Controller ballot features 3 candidates,https://www.postregister.com/messenger/news/controllers-ballot-features-3-candidates/article_9afaca4e-3f4b-11ed-a42a-23a571d44048.html,postregister.com,United States
1442,2022-10,20221016T183000Z,Lafayette Jeff honors alumni with 2022 Hall of Fame induction,https://www.jconline.com/story/news/local/lafayette/2022/10/16/lafayette-jeff-honors-alumni-with-2022-hall-of-fame-induction/69562283007/,jconline.com,United States
1443,2022-10,20221017T001500Z,"Microsoft CEO talks AI , security , teams , Azure at Ignite 2022",https://www.crn.com.au/news/microsoft-ceo-talks-ai-security-teams-azure-at-ignite-2022-586522,crn.com.au,Australia
1444,2022-10,20221017T160000Z,Kanye West to buy conservative social media platform Parler | iNFOnews | Thompson - Okanagan News Source,https://infotel.ca/newsitem/us-kanye-west-parler/cp1128095773,infotel.ca,Canada
1445,2022-10,20221017T160000Z,Kanye West to buy right - wing friendly Parler,https://ravallirepublic.com/news/national/kanye-west-to-buy-right-wing-friendly-parler/article_afd34f19-fa76-5591-b01b-021df45e6204.html,ravallirepublic.com,United States
1446,2022-10,20221017T160000Z,Kanye West says he buying conservative social media platform Parler after being suspended on other sites,https://www.cp24.com/entertainment-news/celebrity-news/kanye-west-says-he-s-buying-conservative-social-media-platform-parler-after-being-suspended-on-other-sites-1.6112008,cp24.com,Canada
1447,2022-10,20221017T160000Z,"Kanye West agrees to buy social media platform Parler , company says",https://www.fox7austin.com/news/kanye-west-parler-social-media-app-acquisition-october-17-2022,fox7austin.com,United States
1448,2022-10,20221017T160000Z,"Intentsify Appoints New Chief Product Officer & General Manager , Digital",https://www.tmcnet.com/usubmit/2022/10/17/9693736.htm,tmcnet.com,United States
1449,2022-10,20221017T160000Z,"2CRSi , Clever Cloud , Kalray and Vates Join Forces for Sovereign and Innovative Data Center Equipment",https://www.tmcnet.com/usubmit/2022/10/17/9693740.htm,tmcnet.com,United States
1450,2022-10,20221017T161500Z,Kanye West to buy conservative social media platform Pa ... ,https://accesswdun.com/article/2022/10/1139618,accesswdun.com,United States
1451,2022-10,20221017T163000Z,"Amazon Will Triple Number Of Electric Delivery Vehicles In Europe To 10 , 000",https://cleantechnica.com/2022/10/17/amazon-will-triple-number-of-electric-delivery-vehicles-in-europe-to-10000/,cleantechnica.com,United States
1452,2022-10,20221017T163000Z,Cameroon : Government needs more control over state digital data ( report ) ,https://www.businessincameroon.com/agribusiness/1710-12803-cameroon-government-needs-more-control-over-state-digital-data-report,businessincameroon.com,Cameroon
1453,2022-10,20221017T163000Z,Former Snowflake Chief Technical Evangelist Joins Zetaris as Chief Technical Advisor,https://www.streetinsider.com/PRNewswire/Former+Snowflake+Chief+Technical+Evangelist+Joins+Zetaris+as+Chief+Technical+Advisor/20708101.html,streetinsider.com,United States
1454,2022-10,20221017T164500Z,"2CRSi SA : 2CRSi , Clever Cloud , Kalray and Vates join forces for Sovereign and Innovative Data Center Equipment",https://www.finanznachrichten.de/nachrichten-2022-10/57322581-2crsi-sa-2crsi-clever-cloud-kalray-and-vates-join-forces-for-sovereign-and-innovative-data-center-equipment-015.htm,finanznachrichten.de,Germany
1455,2022-10,20221017T170000Z,"Semiconductor Bonding Market Worth US$ 1 , 076 . 82 Million by 2028 - Global Analysis by The Insight Partners",https://brazilbusiness.einnews.com/pr_news/596351709/semiconductor-bonding-market-worth-us-1-076-82-million-by-2028-global-analysis-by-the-insight-partners,brazilbusiness.einnews.com,United States
1456,2022-10,20221017T170000Z,Kanye West To Buy Parler,https://dailycaller.com/2022/10/17/kanye-west-purchase-parler-social-media-parlement-technologies/,dailycaller.com,United States
1457,2022-10,20221017T170000Z,Q3 2022 Trading and Business Update,https://www.newswire.ca/news-releases/q3-2022-trading-and-business-update-879484644.html,newswire.ca,Canada
1458,2022-10,20221017T170000Z,SiTime to Showcase Precision Timing Solutions at Open Compute Project ( OCP ) Global Summit 2022,https://www.tmcnet.com/usubmit/-sitime-showcase-precision-timing-solutions-open-compute-project-/2022/10/17/9693700.htm,tmcnet.com,United States
1459,2022-10,20221017T170000Z,Telescent Signs Milestone Agreement To Deliver Automated Cross - Connections For Quantum Loophole QLoop Fiber Network and the Quantum Maryland Campus,https://www.tmcnet.com/usubmit/2022/10/17/9693752.htm,tmcnet.com,United States
1460,2022-10,20221017T171500Z,Kanye West offers to buy conservative social media platform Parler,https://www.arkansasonline.com/news/2022/oct/17/kanye-west-offers-to-buy-conservative-social-media-platform-parler/,arkansasonline.com,United States
1461,2022-10,20221017T171500Z,"Kanye West , now Ye , to buy Parler , a conservative social media site",https://www.freep.com/story/entertainment/celebrities/2022/10/17/kanye-west-ye-buy-parler/10521991002/,freep.com,United States
1462,2022-10,20221017T173000Z,Axiado to Announce New Partnership and Showcase Security Hardware Solution at 2022 OCP Global Summit – Consumer Electronics Net,http://www.consumerelectronicsnet.com/axiado-to-announce-new-partnership-and-showcase-security-hardware-solution-at-2022-ocp-global-summit/,consumerelectronicsnet.com,United States
1463,2022-10,20221017T173000Z,"CORRECTING and REPLACING Axiado to Demo New AI - Driven , Zero - Trust Hardware Technology at OCP Global Summit – Consumer Electronics Net",http://www.consumerelectronicsnet.com/correcting-and-replacing-axiado-to-demo-new-ai-driven-zero-trust-hardware-technology-at-ocp-global-summit/,consumerelectronicsnet.com,United States
1464,2022-10,20221017T174500Z,"Recent Advancements in Telecom Sector will Boost Call Center Market to Reach US$ 47 . 6 Bn by 2029 . Get Latest Analytical Data from Future Market Insights , Inc . ",https://www.tmcnet.com/usubmit/2022/10/17/9693661.htm,tmcnet.com,United States
1465,2022-10,20221017T180000Z,Genesis Digital Assets Breaks Ground on New 40MW Mining,https://www.globenewswire.com/news-release/2022/10/17/2535818/0/en/Genesis-Digital-Assets-Breaks-Ground-on-New-40MW-Mining-Data-Center-in-Glasscock-County-Texas.html,globenewswire.com,United States
1466,2022-10,20221017T181500Z,"State Department cyber center reducing noise , trying to prevent the  bang  ",https://federalnewsnetwork.com/ask-the-cio/2022/10/state-departments-cyber-center-reducing-noise-trying-to-prevent-the-bang/,federalnewsnetwork.com,
1467,2022-10,20221017T181500Z,W Trail closure to replace powerline strung before Ashburn housing boom,https://wtop.com/loudoun-county/2022/10/wod-trail-closure-to-replace-powerline-strung-before-ashburns-housing-boom/,wtop.com,United States
1468,2022-10,20221017T184500Z,"Farm thieves hurt producers ; in four years , there have been almost 1 , 500 animal thefts",https://dominicantoday.com/dr/local/2022/10/17/farm-thieves-hurt-producers-in-four-years-there-have-been-almost-1500-animal-thefts/,dominicantoday.com,Dominican Republic
1469,2022-10,20221017T190000Z,World Cloud Show hosted experts and honoured tech innovators for their constant endeavours,https://www.asiaone.com/business/world-cloud-show-hosted-experts-and-honoured-tech-innovators-their-constant-endeavours,asiaone.com,Singapore
1470,2022-10,20221017T190000Z,What Careers Can You Get From Software Developers ? ,https://www.austinglobe.com/news/272939009/what-careers-can-you-get-from-software-developers,austinglobe.com,United States
1471,2022-10,20221017T191500Z,Lancium Donates More than 45 Million Core Hours to OSG Consortium - High - Performance Computing News Analysis,https://insidehpc.com/2022/10/lancium-donates-more-than-45-million-core-hours-to-osg-consortium/,insidehpc.com,United States
1472,2022-10,20221017T193000Z,NEC Signs Long - term Charter Contract with Global Marine Systems Limited for Optical Submarine Cable - laying Ship,https://www.hellenicshippingnews.com/nec-signs-long-term-charter-contract-with-global-marine-systems-limited-for-optical-submarine-cable-laying-ship/,hellenicshippingnews.com,China
1473,2022-10,20221017T194500Z,"Ye , Parler Reach Agreement for Embattled Rapper to Buy Platform",https://www.newsbusters.org/blogs/free-speech/brian-bradley/2022/10/17/ye-parler-reach-agreement-embattled-rapper-buy-platform,newsbusters.org,United States
1474,2022-10,20221017T194500Z,Breaking Bandwidth Barriers at the 2022 Open Compute Project Global Summit,https://www.streetinsider.com/Business+Wire/Breaking+Bandwidth+Barriers+at+the+2022+Open+Compute+Project+Global+Summit/20710292.html,streetinsider.com,United States
1475,2022-10,20221017T200000Z,Dubai Wind - Powered Skyscraper - eVolo | Architecture Magazine,https://www.evolo.us/dubai-wind-powered-skyscraper/,evolo.us,United States
1476,2022-10,20221017T200000Z,CyrusOne Breaks Ground on First Spanish Data Center in Madrid As European Expansion Continues,https://www.pressreleasepoint.com/cyrusone-breaks-ground-first-spanish-data-center-madrid-european-expansion-continues,pressreleasepoint.com,United States
1477,2022-10,20221017T201500Z,Kakao nears complete recovery nearly 2 days after fire – The Korea Times,http://www.koreatimesus.com/kakao-nears-complete-recovery-nearly-2-days-after-fire/,koreatimesus.com,South Korea
1478,2022-10,20221017T201500Z,"Rival parties rap Kakao over disruption , summon founder for parliamentary audit – The Korea Times",http://www.koreatimesus.com/rival-parties-rap-kakao-over-disruption-summon-founder-for-parliamentary-audit/,koreatimesus.com,South Korea
1479,2022-10,20221017T201500Z,Seoul shares advance for 2nd day on dip - buying – The Korea Times,http://www.koreatimesus.com/seoul-shares-advance-for-2nd-day-on-dip-buying/,koreatimesus.com,South Korea
1480,2022-10,20221017T201500Z,Newswire & Press Release / CyrusOne Breaks Ground on First Spanish Data Center in Madrid As European Expansion Continues - Data Content Management / Archiving - CyrusOne,https://www.newswiretoday.com/news/178710/,newswiretoday.com,United States
1481,2022-10,20221017T201500Z,Newswire & Press Release / Angola Cables Selects Infinera ICE6 Technology to Upgrade Subsea Network Connecting Brazil and the US - Telecom / Wireless / VoIP / IPTV - Infinera,https://www.newswiretoday.com/news/178711/,newswiretoday.com,United States
1482,2022-10,20221017T203000Z,The Future of Business Is Green : How to Be a Part of It,https://emagazine.com/the-future-of-business-is-green-how-to-be-a-part-of-it/,emagazine.com,United States
1483,2022-10,20221017T203000Z," 《 TAIPEI TIMES 》 Storm wreaks damage to public , private property - 焦點",https://news.ltn.com.tw/news/focus/breakingnews/4092684,news.ltn.com.tw,Taiwan
1484,2022-10,20221017T204500Z,Kanye West To Buy Conservative  Free Speech Platform  Parler Following Twitter Ban,http://www.itechpost.com/articles/114437/20221017/kanye-west-buy-conservative-free-speech-platform-parler-following-twitter.htm,itechpost.com,United States
1485,2022-10,20221017T204500Z,ePlus Welcomes Renée Bergeron as New Member to Board of Directors,https://www.prnewswire.com:443/news-releases/eplus-welcomes-renee-bergeron-as-new-member-to-board-of-directors-301650962.html,prnewswire.com,United States
1486,2022-10,20221017T210000Z,Lancium Donates More than 45 Million Core Hours to OSG Consortium,https://www.hpcwire.com/off-the-wire/lancium-donates-more-than-45-million-core-hours-to-osg-consortium/,hpcwire.com,United States
1487,2022-10,20221017T211500Z, [ Editorial ] Perils of the wired nation,http://www.koreaherald.com/view.php?ud=20221017000788,koreaherald.com,South Korea
1488,2022-10,20221017T211500Z,High data visibility delivers better business outcomes,https://timesofindia.indiatimes.com/blogs/voices/high-data-visibility-delivers-better-business-outcomes/,timesofindia.indiatimes.com,India
1489,2022-10,20221017T211500Z,"  The Jewish media blocked me out , Kanye West says in latest antisemitic rant",https://www.timesofisrael.com/the-jewish-media-blocked-me-out-kanye-west-says-in-latest-antisemitic-rant/,timesofisrael.com,Israel
1490,2022-10,20221017T213000Z,Kanye West seeking to buy Parler - Chicago Sun - Times,https://chicago.suntimes.com/entertainment-and-culture/2022/10/17/23409675/kanye-west-buying-parler-social-media-platform,chicago.suntimes.com,United States
1491,2022-10,20221017T213000Z,10 Technology Stocks To Buy That Are Too Cheap To Ignore,https://www.insidermonkey.com/blog/10-technology-stocks-to-buy-that-are-too-cheap-to-ignore-1076320/,insidermonkey.com,United States
1492,2022-10,20221017T213000Z,"Kanye West to buy Parler , right - wing friendly social media site",https://www.kcentv.com/article/news/nation-world/kanye-west-to-buy-parler/507-d54d6346-6f03-4dc9-ab37-d9e011c54dd7,kcentv.com,United States
1493,2022-10,20221017T214500Z,Eight RTX 4090s Can Break Passwords in Under an Hour,https://www.tomshardware.com/news/eight-rtx-4090s-can-break-passwords-in-under-an-hour,tomshardware.com,United States
1494,2022-10,20221017T220000Z,Groton Conservation Advocates announces endorsements,https://www.theday.com/local-news/20221017/groton-conservation-advocates-announces-endorsements/,theday.com,United States
1495,2022-10,20221017T221500Z,IT News Online - World Cloud Show hosted experts and honoured tech innovators for their constant endeavours,http://www.itnewsonline.com/news/World-Cloud-Show-hosted-experts-and-honoured-tech-innovators-for-their-constant-endeavours/11542,itnewsonline.com,United States
1496,2022-10,20221017T224500Z,Kanye West and Parler : How the right - wing social network fits into his business empire . ,https://slate.com/technology/2022/10/kanye-west-parler-ye-yeezy-candace-owens.html,slate.com,United States
1497,2022-10,20221017T231500Z,AI startup Stability AI raises $101M in new funding,https://siliconangle.com/2022/10/17/ai-startup-stability-ai-raises-101m-funding/,siliconangle.com,United States
1498,2022-10,20221017T231500Z,AnsibleFest 2022 to spark next - level conversations about automation,https://siliconangle.com/2022/10/17/ansiblefest-2022-spark-next-level-conversations-about-automation-ansiblefest/,siliconangle.com,United States
1499,2022-10,20221017T231500Z,Munters drives digital transformation to reach next level of user engagement,https://siliconangle.com/2022/10/17/munters-drives-digital-transformation-reach-next-level-user-engagement-ifsunleashed/,siliconangle.com,United States
1500,2022-10,20221017T231500Z,Wiwynn Empowers Sustainable Data Centers with Comprehensive Thermal and Energy - Efficient Solutions,https://www.streetinsider.com/PRNewswire/Wiwynn+Empowers+Sustainable+Data+Centers+with+Comprehensive+Thermal+and+Energy-Efficient+Solutions/20711380.html,streetinsider.com,United States
